Command line invocation:
    /Applications/Xcode.app/Contents/Developer/usr/bin/xcodebuild -project RunMusic.xcodeproj -scheme RunMusic -destination "platform=iOS Simulator,id=F77B7FB5-17BA-4124-8874-776EBBB5DFA9" build

Resolve Package Graph


Resolved source packages:
  leveldb: https://github.com/firebase/leveldb.git @ 1.22.5
  AppCheck: https://github.com/google/app-check.git @ 10.19.2
  InteropForGoogle: https://github.com/google/interop-ios-for-google-sdks.git @ 100.0.0
  GTMAppAuth: https://github.com/google/GTMAppAuth.git @ 4.1.1
  Lottie: https://github.com/airbnb/lottie-ios.git @ 4.5.2
  GTMSessionFetcher: https://github.com/google/gtm-session-fetcher.git @ 3.5.0
  GoogleUtilities: https://github.com/google/GoogleUtilities.git @ 7.13.3
  abseil: https://github.com/google/abseil-cpp-binary.git @ 1.2024011602.0
  AppAuth: https://github.com/openid/AppAuth-iOS.git @ 1.7.6
  Firebase: https://github.com/firebase/firebase-ios-sdk @ 10.29.0
  nanopb: https://github.com/firebase/nanopb.git @ 2.30910.0
  GoogleDataTransport: https://github.com/google/GoogleDataTransport.git @ 9.4.0
  GoogleAppMeasurement: https://github.com/google/GoogleAppMeasurement.git @ 10.28.0
  SwiftProtobuf: https://github.com/apple/swift-protobuf.git @ 1.30.0
  GoogleSignIn: https://github.com/google/GoogleSignIn-iOS @ 7.1.0
  gRPC: https://github.com/google/grpc-binary.git @ 1.62.2
  Promises: https://github.com/google/promises.git @ 2.4.0

2025-10-13 11:55:44.837 xcodebuild[21224:3919185] [MT] IDERunDestination: Supported platforms for the buildables in the current scheme is empty.
--- xcodebuild: WARNING: Using the first of multiple matching destinations:
{ platform:iOS Simulator, arch:arm64, id:F77B7FB5-17BA-4124-8874-776EBBB5DFA9, OS:18.4, name:iPhone 16 }
{ platform:iOS Simulator, arch:x86_64, id:F77B7FB5-17BA-4124-8874-776EBBB5DFA9, OS:18.4, name:iPhone 16 }
ComputePackagePrebuildTargetDependencyGraph

Prepare packages

CreateBuildRequest

SendProjectDescription

CreateBuildOperation

ComputeTargetDependencyGraph
note: Building targets in dependency order
note: Target dependency graph (78 targets)
    Target 'RunMusic' in project 'RunMusic'
        ➜ Explicit dependency on target 'Lottie' in project 'Lottie'
        ➜ Explicit dependency on target 'GoogleSignIn' in project 'GoogleSignIn'
        ➜ Explicit dependency on target 'FirebaseFirestore' in project 'Firebase'
        ➜ Explicit dependency on target 'FirebaseAuth' in project 'Firebase'
        ➜ Explicit dependency on target 'FirebaseFunctions' in project 'Firebase'
    Target 'FirebaseFunctions' in project 'Firebase'
        ➜ Explicit dependency on target 'FirebaseFunctions' in project 'Firebase'
        ➜ Explicit dependency on target 'FirebaseAppCheckInterop' in project 'Firebase'
        ➜ Explicit dependency on target 'FirebaseAuthInterop' in project 'Firebase'
        ➜ Explicit dependency on target 'Firebase' in project 'Firebase'
        ➜ Explicit dependency on target 'FirebaseCoreInternal' in project 'Firebase'
        ➜ Explicit dependency on target 'FirebaseCore' in project 'Firebase'
        ➜ Explicit dependency on target 'FirebaseCoreExtension' in project 'Firebase'
        ➜ Explicit dependency on target 'FirebaseMessagingInterop' in project 'Firebase'
        ➜ Explicit dependency on target 'FirebaseSharedSwift' in project 'Firebase'
        ➜ Explicit dependency on target 'GULNSData' in project 'GoogleUtilities'
        ➜ Explicit dependency on target 'GULEnvironment' in project 'GoogleUtilities'
        ➜ Explicit dependency on target 'GULLogger' in project 'GoogleUtilities'
        ➜ Explicit dependency on target 'GTMSessionFetcherCore' in project 'GTMSessionFetcher'
    Target 'FirebaseFunctions' in project 'Firebase'
        ➜ Explicit dependency on target 'FirebaseAppCheckInterop' in project 'Firebase'
        ➜ Explicit dependency on target 'FirebaseAuthInterop' in project 'Firebase'
        ➜ Explicit dependency on target 'Firebase' in project 'Firebase'
        ➜ Explicit dependency on target 'FirebaseCoreInternal' in project 'Firebase'
        ➜ Explicit dependency on target 'FirebaseCore' in project 'Firebase'
        ➜ Explicit dependency on target 'FirebaseCoreExtension' in project 'Firebase'
        ➜ Explicit dependency on target 'FirebaseMessagingInterop' in project 'Firebase'
        ➜ Explicit dependency on target 'FirebaseSharedSwift' in project 'Firebase'
        ➜ Explicit dependency on target 'GULNSData' in project 'GoogleUtilities'
        ➜ Explicit dependency on target 'GULEnvironment' in project 'GoogleUtilities'
        ➜ Explicit dependency on target 'GULLogger' in project 'GoogleUtilities'
        ➜ Explicit dependency on target 'GTMSessionFetcherCore' in project 'GTMSessionFetcher'
    Target 'FirebaseMessagingInterop' in project 'Firebase' (no dependencies)
    Target 'FirebaseAuthInterop' in project 'Firebase' (no dependencies)
    Target 'FirebaseAuth' in project 'Firebase'
        ➜ Explicit dependency on target 'FirebaseAuth' in project 'Firebase'
        ➜ Explicit dependency on target 'Firebase_FirebaseAuth' in project 'Firebase'
        ➜ Explicit dependency on target 'FirebaseAppCheckInterop' in project 'Firebase'
        ➜ Explicit dependency on target 'Firebase' in project 'Firebase'
        ➜ Explicit dependency on target 'FirebaseCoreInternal' in project 'Firebase'
        ➜ Explicit dependency on target 'FirebaseCore' in project 'Firebase'
        ➜ Explicit dependency on target 'GULNSData' in project 'GoogleUtilities'
        ➜ Explicit dependency on target 'GULEnvironment' in project 'GoogleUtilities'
        ➜ Explicit dependency on target 'GULLogger' in project 'GoogleUtilities'
        ➜ Explicit dependency on target 'GULAppDelegateSwizzler' in project 'GoogleUtilities'
        ➜ Explicit dependency on target 'GTMSessionFetcherCore' in project 'GTMSessionFetcher'
        ➜ Explicit dependency on target 'RecaptchaInterop' in project 'InteropForGoogle'
    Target 'FirebaseAuth' in project 'Firebase'
        ➜ Explicit dependency on target 'Firebase_FirebaseAuth' in project 'Firebase'
        ➜ Explicit dependency on target 'FirebaseAppCheckInterop' in project 'Firebase'
        ➜ Explicit dependency on target 'Firebase' in project 'Firebase'
        ➜ Explicit dependency on target 'FirebaseCoreInternal' in project 'Firebase'
        ➜ Explicit dependency on target 'FirebaseCore' in project 'Firebase'
        ➜ Explicit dependency on target 'GULNSData' in project 'GoogleUtilities'
        ➜ Explicit dependency on target 'GULEnvironment' in project 'GoogleUtilities'
        ➜ Explicit dependency on target 'GULLogger' in project 'GoogleUtilities'
        ➜ Explicit dependency on target 'GULAppDelegateSwizzler' in project 'GoogleUtilities'
        ➜ Explicit dependency on target 'GTMSessionFetcherCore' in project 'GTMSessionFetcher'
        ➜ Explicit dependency on target 'RecaptchaInterop' in project 'InteropForGoogle'
    Target 'RecaptchaInterop' in project 'InteropForGoogle'
        ➜ Explicit dependency on target 'RecaptchaInterop' in project 'InteropForGoogle'
    Target 'RecaptchaInterop' in project 'InteropForGoogle' (no dependencies)
    Target 'GULAppDelegateSwizzler' in project 'GoogleUtilities'
        ➜ Explicit dependency on target 'GoogleUtilities-AppDelegateSwizzler' in project 'GoogleUtilities'
        ➜ Explicit dependency on target 'GoogleUtilities_GoogleUtilities-AppDelegateSwizzler' in project 'GoogleUtilities'
        ➜ Explicit dependency on target 'third-party-IsAppEncrypted' in project 'GoogleUtilities'
        ➜ Explicit dependency on target 'GoogleUtilities-Environment' in project 'GoogleUtilities'
        ➜ Explicit dependency on target 'GoogleUtilities-Logger' in project 'GoogleUtilities'
        ➜ Explicit dependency on target 'GoogleUtilities-NSData' in project 'GoogleUtilities'
        ➜ Explicit dependency on target 'GoogleUtilities-Reachability' in project 'GoogleUtilities'
        ➜ Explicit dependency on target 'GoogleUtilities-Network' in project 'GoogleUtilities'
        ➜ Explicit dependency on target 'FBLPromises' in project 'Promises'
    Target 'GoogleUtilities-AppDelegateSwizzler' in project 'GoogleUtilities'
        ➜ Explicit dependency on target 'GoogleUtilities_GoogleUtilities-AppDelegateSwizzler' in project 'GoogleUtilities'
        ➜ Explicit dependency on target 'third-party-IsAppEncrypted' in project 'GoogleUtilities'
        ➜ Explicit dependency on target 'GoogleUtilities-Environment' in project 'GoogleUtilities'
        ➜ Explicit dependency on target 'GoogleUtilities-Logger' in project 'GoogleUtilities'
        ➜ Explicit dependency on target 'GoogleUtilities-NSData' in project 'GoogleUtilities'
        ➜ Explicit dependency on target 'GoogleUtilities-Reachability' in project 'GoogleUtilities'
        ➜ Explicit dependency on target 'GoogleUtilities-Network' in project 'GoogleUtilities'
        ➜ Explicit dependency on target 'FBLPromises' in project 'Promises'
    Target 'GoogleUtilities-Network' in project 'GoogleUtilities'
        ➜ Explicit dependency on target 'GoogleUtilities_GoogleUtilities-Network' in project 'GoogleUtilities'
        ➜ Explicit dependency on target 'third-party-IsAppEncrypted' in project 'GoogleUtilities'
        ➜ Explicit dependency on target 'GoogleUtilities-Environment' in project 'GoogleUtilities'
        ➜ Explicit dependency on target 'GoogleUtilities-Logger' in project 'GoogleUtilities'
        ➜ Explicit dependency on target 'GoogleUtilities-NSData' in project 'GoogleUtilities'
        ➜ Explicit dependency on target 'GoogleUtilities-Reachability' in project 'GoogleUtilities'
        ➜ Explicit dependency on target 'FBLPromises' in project 'Promises'
    Target 'GoogleUtilities_GoogleUtilities-Network' in project 'GoogleUtilities' (no dependencies)
    Target 'GoogleUtilities-Reachability' in project 'GoogleUtilities'
        ➜ Explicit dependency on target 'GoogleUtilities_GoogleUtilities-Reachability' in project 'GoogleUtilities'
        ➜ Explicit dependency on target 'third-party-IsAppEncrypted' in project 'GoogleUtilities'
        ➜ Explicit dependency on target 'GoogleUtilities-Environment' in project 'GoogleUtilities'
        ➜ Explicit dependency on target 'GoogleUtilities-Logger' in project 'GoogleUtilities'
        ➜ Explicit dependency on target 'FBLPromises' in project 'Promises'
    Target 'GoogleUtilities_GoogleUtilities-Reachability' in project 'GoogleUtilities' (no dependencies)
    Target 'GoogleUtilities_GoogleUtilities-AppDelegateSwizzler' in project 'GoogleUtilities' (no dependencies)
    Target 'Firebase_FirebaseAuth' in project 'Firebase' (no dependencies)
    Target 'FirebaseFirestore' in project 'Firebase'
        ➜ Explicit dependency on target 'FirebaseFirestoreTarget' in project 'Firebase'
        ➜ Explicit dependency on target 'FirebaseFirestoreInternalWrapper' in project 'Firebase'
        ➜ Explicit dependency on target 'FirebaseAppCheckInterop' in project 'Firebase'
        ➜ Explicit dependency on target 'Firebase' in project 'Firebase'
        ➜ Explicit dependency on target 'FirebaseCoreInternal' in project 'Firebase'
        ➜ Explicit dependency on target 'FirebaseCore' in project 'Firebase'
        ➜ Explicit dependency on target 'FirebaseCoreExtension' in project 'Firebase'
        ➜ Explicit dependency on target 'FirebaseSharedSwift' in project 'Firebase'
        ➜ Explicit dependency on target 'FirebaseFirestore' in project 'Firebase'
        ➜ Explicit dependency on target 'GULNSData' in project 'GoogleUtilities'
        ➜ Explicit dependency on target 'GULEnvironment' in project 'GoogleUtilities'
        ➜ Explicit dependency on target 'GULLogger' in project 'GoogleUtilities'
        ➜ Explicit dependency on target 'abseil' in project 'abseil'
        ➜ Explicit dependency on target 'gRPC-C++' in project 'gRPC'
        ➜ Explicit dependency on target 'nanopb' in project 'nanopb'
        ➜ Explicit dependency on target 'leveldb' in project 'leveldb'
    Target 'FirebaseFirestoreTarget' in project 'Firebase'
        ➜ Explicit dependency on target 'FirebaseFirestoreInternalWrapper' in project 'Firebase'
        ➜ Explicit dependency on target 'FirebaseAppCheckInterop' in project 'Firebase'
        ➜ Explicit dependency on target 'Firebase' in project 'Firebase'
        ➜ Explicit dependency on target 'FirebaseCoreInternal' in project 'Firebase'
        ➜ Explicit dependency on target 'FirebaseCore' in project 'Firebase'
        ➜ Explicit dependency on target 'FirebaseCoreExtension' in project 'Firebase'
        ➜ Explicit dependency on target 'FirebaseSharedSwift' in project 'Firebase'
        ➜ Explicit dependency on target 'FirebaseFirestore' in project 'Firebase'
        ➜ Explicit dependency on target 'GULNSData' in project 'GoogleUtilities'
        ➜ Explicit dependency on target 'GULEnvironment' in project 'GoogleUtilities'
        ➜ Explicit dependency on target 'GULLogger' in project 'GoogleUtilities'
        ➜ Explicit dependency on target 'abseil' in project 'abseil'
        ➜ Explicit dependency on target 'gRPC-C++' in project 'gRPC'
        ➜ Explicit dependency on target 'nanopb' in project 'nanopb'
        ➜ Explicit dependency on target 'leveldb' in project 'leveldb'
    Target 'FirebaseFirestore' in project 'Firebase'
        ➜ Explicit dependency on target 'Firebase_FirebaseFirestore' in project 'Firebase'
        ➜ Explicit dependency on target 'FirebaseFirestoreInternalWrapper' in project 'Firebase'
        ➜ Explicit dependency on target 'FirebaseAppCheckInterop' in project 'Firebase'
        ➜ Explicit dependency on target 'Firebase' in project 'Firebase'
        ➜ Explicit dependency on target 'FirebaseCoreInternal' in project 'Firebase'
        ➜ Explicit dependency on target 'FirebaseCore' in project 'Firebase'
        ➜ Explicit dependency on target 'FirebaseCoreExtension' in project 'Firebase'
        ➜ Explicit dependency on target 'FirebaseSharedSwift' in project 'Firebase'
        ➜ Explicit dependency on target 'GULNSData' in project 'GoogleUtilities'
        ➜ Explicit dependency on target 'GULEnvironment' in project 'GoogleUtilities'
        ➜ Explicit dependency on target 'GULLogger' in project 'GoogleUtilities'
        ➜ Explicit dependency on target 'abseil' in project 'abseil'
        ➜ Explicit dependency on target 'gRPC-C++' in project 'gRPC'
        ➜ Explicit dependency on target 'nanopb' in project 'nanopb'
        ➜ Explicit dependency on target 'leveldb' in project 'leveldb'
    Target 'leveldb' in project 'leveldb'
        ➜ Explicit dependency on target 'leveldb' in project 'leveldb'
        ➜ Explicit dependency on target 'leveldb_leveldb' in project 'leveldb'
    Target 'leveldb' in project 'leveldb'
        ➜ Explicit dependency on target 'leveldb_leveldb' in project 'leveldb'
    Target 'leveldb_leveldb' in project 'leveldb' (no dependencies)
    Target 'nanopb' in project 'nanopb'
        ➜ Explicit dependency on target 'nanopb' in project 'nanopb'
        ➜ Explicit dependency on target 'nanopb_nanopb' in project 'nanopb'
    Target 'nanopb' in project 'nanopb'
        ➜ Explicit dependency on target 'nanopb_nanopb' in project 'nanopb'
    Target 'nanopb_nanopb' in project 'nanopb' (no dependencies)
    Target 'gRPC-C++' in project 'gRPC'
        ➜ Explicit dependency on target 'grpcppWrapper' in project 'gRPC'
        ➜ Explicit dependency on target 'gRPC_grpcppWrapper' in project 'gRPC'
        ➜ Explicit dependency on target 'grpcWrapper' in project 'gRPC'
        ➜ Explicit dependency on target 'opensslWrapper' in project 'gRPC'
        ➜ Explicit dependency on target 'abseil' in project 'abseil'
    Target 'grpcppWrapper' in project 'gRPC'
        ➜ Explicit dependency on target 'gRPC_grpcppWrapper' in project 'gRPC'
        ➜ Explicit dependency on target 'grpcWrapper' in project 'gRPC'
        ➜ Explicit dependency on target 'opensslWrapper' in project 'gRPC'
        ➜ Explicit dependency on target 'abseil' in project 'abseil'
    Target 'opensslWrapper' in project 'gRPC'
        ➜ Explicit dependency on target 'gRPC_opensslWrapper' in project 'gRPC'
    Target 'gRPC_opensslWrapper' in project 'gRPC' (no dependencies)
    Target 'grpcWrapper' in project 'gRPC'
        ➜ Explicit dependency on target 'gRPC_grpcWrapper' in project 'gRPC'
    Target 'gRPC_grpcWrapper' in project 'gRPC' (no dependencies)
    Target 'gRPC_grpcppWrapper' in project 'gRPC' (no dependencies)
    Target 'abseil' in project 'abseil'
        ➜ Explicit dependency on target 'abslWrapper' in project 'abseil'
        ➜ Explicit dependency on target 'abseil_abslWrapper' in project 'abseil'
    Target 'abslWrapper' in project 'abseil'
        ➜ Explicit dependency on target 'abseil_abslWrapper' in project 'abseil'
    Target 'abseil_abslWrapper' in project 'abseil' (no dependencies)
    Target 'Firebase_FirebaseFirestore' in project 'Firebase' (no dependencies)
    Target 'FirebaseSharedSwift' in project 'Firebase' (no dependencies)
    Target 'FirebaseCoreExtension' in project 'Firebase'
        ➜ Explicit dependency on target 'Firebase_FirebaseCoreExtension' in project 'Firebase'
    Target 'Firebase_FirebaseCoreExtension' in project 'Firebase' (no dependencies)
    Target 'FirebaseCore' in project 'Firebase'
        ➜ Explicit dependency on target 'Firebase_FirebaseCore' in project 'Firebase'
        ➜ Explicit dependency on target 'Firebase' in project 'Firebase'
        ➜ Explicit dependency on target 'FirebaseCoreInternal' in project 'Firebase'
        ➜ Explicit dependency on target 'GULNSData' in project 'GoogleUtilities'
        ➜ Explicit dependency on target 'GULEnvironment' in project 'GoogleUtilities'
        ➜ Explicit dependency on target 'GULLogger' in project 'GoogleUtilities'
    Target 'GULLogger' in project 'GoogleUtilities'
        ➜ Explicit dependency on target 'GoogleUtilities-Logger' in project 'GoogleUtilities'
        ➜ Explicit dependency on target 'GoogleUtilities_GoogleUtilities-Logger' in project 'GoogleUtilities'
        ➜ Explicit dependency on target 'third-party-IsAppEncrypted' in project 'GoogleUtilities'
        ➜ Explicit dependency on target 'GoogleUtilities-Environment' in project 'GoogleUtilities'
        ➜ Explicit dependency on target 'FBLPromises' in project 'Promises'
    Target 'GoogleUtilities-Logger' in project 'GoogleUtilities'
        ➜ Explicit dependency on target 'GoogleUtilities_GoogleUtilities-Logger' in project 'GoogleUtilities'
        ➜ Explicit dependency on target 'third-party-IsAppEncrypted' in project 'GoogleUtilities'
        ➜ Explicit dependency on target 'GoogleUtilities-Environment' in project 'GoogleUtilities'
        ➜ Explicit dependency on target 'FBLPromises' in project 'Promises'
    Target 'GoogleUtilities_GoogleUtilities-Logger' in project 'GoogleUtilities' (no dependencies)
    Target 'GULEnvironment' in project 'GoogleUtilities'
        ➜ Explicit dependency on target 'GoogleUtilities-Environment' in project 'GoogleUtilities'
        ➜ Explicit dependency on target 'GoogleUtilities_GoogleUtilities-Environment' in project 'GoogleUtilities'
        ➜ Explicit dependency on target 'third-party-IsAppEncrypted' in project 'GoogleUtilities'
        ➜ Explicit dependency on target 'FBLPromises' in project 'Promises'
    Target 'GoogleUtilities-Environment' in project 'GoogleUtilities'
        ➜ Explicit dependency on target 'GoogleUtilities_GoogleUtilities-Environment' in project 'GoogleUtilities'
        ➜ Explicit dependency on target 'third-party-IsAppEncrypted' in project 'GoogleUtilities'
        ➜ Explicit dependency on target 'FBLPromises' in project 'Promises'
    Target 'FBLPromises' in project 'Promises'
        ➜ Explicit dependency on target 'FBLPromises' in project 'Promises'
        ➜ Explicit dependency on target 'Promises_FBLPromises' in project 'Promises'
    Target 'FBLPromises' in project 'Promises'
        ➜ Explicit dependency on target 'Promises_FBLPromises' in project 'Promises'
    Target 'Promises_FBLPromises' in project 'Promises' (no dependencies)
    Target 'third-party-IsAppEncrypted' in project 'GoogleUtilities' (no dependencies)
    Target 'GoogleUtilities_GoogleUtilities-Environment' in project 'GoogleUtilities' (no dependencies)
    Target 'Firebase_FirebaseCore' in project 'Firebase' (no dependencies)
    Target 'FirebaseCoreInternal' in project 'Firebase'
        ➜ Explicit dependency on target 'Firebase_FirebaseCoreInternal' in project 'Firebase'
        ➜ Explicit dependency on target 'GULNSData' in project 'GoogleUtilities'
    Target 'GULNSData' in project 'GoogleUtilities'
        ➜ Explicit dependency on target 'GoogleUtilities-NSData' in project 'GoogleUtilities'
        ➜ Explicit dependency on target 'GoogleUtilities_GoogleUtilities-NSData' in project 'GoogleUtilities'
    Target 'GoogleUtilities-NSData' in project 'GoogleUtilities'
        ➜ Explicit dependency on target 'GoogleUtilities_GoogleUtilities-NSData' in project 'GoogleUtilities'
    Target 'GoogleUtilities_GoogleUtilities-NSData' in project 'GoogleUtilities' (no dependencies)
    Target 'Firebase_FirebaseCoreInternal' in project 'Firebase' (no dependencies)
    Target 'Firebase' in project 'Firebase' (no dependencies)
    Target 'FirebaseAppCheckInterop' in project 'Firebase' (no dependencies)
    Target 'FirebaseFirestoreInternalWrapper' in project 'Firebase' (no dependencies)
    Target 'GoogleSignIn' in project 'GoogleSignIn'
        ➜ Explicit dependency on target 'GoogleSignIn' in project 'GoogleSignIn'
        ➜ Explicit dependency on target 'GoogleSignIn_GoogleSignIn' in project 'GoogleSignIn'
        ➜ Explicit dependency on target 'AppAuth' in project 'AppAuth'
        ➜ Explicit dependency on target 'GTMAppAuth' in project 'GTMAppAuth'
        ➜ Explicit dependency on target 'GTMSessionFetcherCore' in project 'GTMSessionFetcher'
    Target 'GoogleSignIn' in project 'GoogleSignIn'
        ➜ Explicit dependency on target 'GoogleSignIn_GoogleSignIn' in project 'GoogleSignIn'
        ➜ Explicit dependency on target 'AppAuth' in project 'AppAuth'
        ➜ Explicit dependency on target 'GTMAppAuth' in project 'GTMAppAuth'
        ➜ Explicit dependency on target 'GTMSessionFetcherCore' in project 'GTMSessionFetcher'
    Target 'GTMAppAuth' in project 'GTMAppAuth'
        ➜ Explicit dependency on target 'GTMAppAuth' in project 'GTMAppAuth'
        ➜ Explicit dependency on target 'GTMAppAuth_GTMAppAuth' in project 'GTMAppAuth'
        ➜ Explicit dependency on target 'GTMSessionFetcherCore' in project 'GTMSessionFetcher'
        ➜ Explicit dependency on target 'AppAuthCore' in project 'AppAuth'
    Target 'GTMAppAuth' in project 'GTMAppAuth'
        ➜ Explicit dependency on target 'GTMAppAuth_GTMAppAuth' in project 'GTMAppAuth'
        ➜ Explicit dependency on target 'GTMSessionFetcherCore' in project 'GTMSessionFetcher'
        ➜ Explicit dependency on target 'AppAuthCore' in project 'AppAuth'
    Target 'AppAuthCore' in project 'AppAuth'
        ➜ Explicit dependency on target 'AppAuthCore' in project 'AppAuth'
        ➜ Explicit dependency on target 'AppAuth_AppAuthCore' in project 'AppAuth'
    Target 'GTMSessionFetcherCore' in project 'GTMSessionFetcher'
        ➜ Explicit dependency on target 'GTMSessionFetcherCore' in project 'GTMSessionFetcher'
        ➜ Explicit dependency on target 'GTMSessionFetcher_GTMSessionFetcherCore' in project 'GTMSessionFetcher'
    Target 'GTMSessionFetcherCore' in project 'GTMSessionFetcher'
        ➜ Explicit dependency on target 'GTMSessionFetcher_GTMSessionFetcherCore' in project 'GTMSessionFetcher'
    Target 'GTMSessionFetcher_GTMSessionFetcherCore' in project 'GTMSessionFetcher' (no dependencies)
    Target 'GTMAppAuth_GTMAppAuth' in project 'GTMAppAuth' (no dependencies)
    Target 'AppAuth' in project 'AppAuth'
        ➜ Explicit dependency on target 'AppAuth' in project 'AppAuth'
        ➜ Explicit dependency on target 'AppAuth_AppAuth' in project 'AppAuth'
        ➜ Explicit dependency on target 'AppAuthCore' in project 'AppAuth'
    Target 'AppAuth' in project 'AppAuth'
        ➜ Explicit dependency on target 'AppAuth_AppAuth' in project 'AppAuth'
        ➜ Explicit dependency on target 'AppAuthCore' in project 'AppAuth'
    Target 'AppAuthCore' in project 'AppAuth'
        ➜ Explicit dependency on target 'AppAuth_AppAuthCore' in project 'AppAuth'
    Target 'AppAuth_AppAuthCore' in project 'AppAuth' (no dependencies)
    Target 'AppAuth_AppAuth' in project 'AppAuth' (no dependencies)
    Target 'GoogleSignIn_GoogleSignIn' in project 'GoogleSignIn' (no dependencies)
    Target 'Lottie' in project 'Lottie'
        ➜ Explicit dependency on target 'Lottie' in project 'Lottie'
        ➜ Explicit dependency on target 'Lottie_Lottie' in project 'Lottie'
    Target 'Lottie' in project 'Lottie'
        ➜ Explicit dependency on target 'Lottie_Lottie' in project 'Lottie'
    Target 'Lottie_Lottie' in project 'Lottie' (no dependencies)

GatherProvisioningInputs

CreateBuildDescription

ClangStatCache /Applications/Xcode.app/Contents/Developer/Toolchains/XcodeDefault.xctoolchain/usr/bin/clang-stat-cache /Applications/Xcode.app/Contents/Developer/Platforms/iPhoneSimulator.platform/Developer/SDKs/iPhoneSimulator26.0.sdk /Users/ckubal/Library/Developer/Xcode/DerivedData/SDKStatCaches.noindex/iphonesimulator26.0-23A339-26257891a6c027eb51374368541b8346.sdkstatcache
    cd /Users/ckubal/Documents/Programming/iOS\ Programming\ Projects/RunMusic/RunMusic.xcodeproj
    /Applications/Xcode.app/Contents/Developer/Toolchains/XcodeDefault.xctoolchain/usr/bin/clang-stat-cache /Applications/Xcode.app/Contents/Developer/Platforms/iPhoneSimulator.platform/Developer/SDKs/iPhoneSimulator26.0.sdk -o /Users/ckubal/Library/Developer/Xcode/DerivedData/SDKStatCaches.noindex/iphonesimulator26.0-23A339-26257891a6c027eb51374368541b8346.sdkstatcache

warning: Skipping duplicate build file in Compile Sources build phase: /Users/ckubal/Documents/Programming/iOS Programming Projects/RunMusic/RunMusic/Services/UserPreferences.swift (in target 'RunMusic' from project 'RunMusic')
SwiftDriver RunMusic normal arm64 com.apple.xcode.tools.swift.compiler (in target 'RunMusic' from project 'RunMusic')
    cd /Users/ckubal/Documents/Programming/iOS\ Programming\ Projects/RunMusic
    builtin-SwiftDriver -- /Applications/Xcode.app/Contents/Developer/Toolchains/XcodeDefault.xctoolchain/usr/bin/swiftc -module-name RunMusic -Onone -enforce-exclusivity\=checked @/Users/ckubal/Library/Developer/Xcode/DerivedData/RunMusic-ehzzznpmcelkqvgvaslgdtzbrdcu/Build/Intermediates.noindex/RunMusic.build/Debug-iphonesimulator/RunMusic.build/Objects-normal/arm64/RunMusic.SwiftFileList -DDEBUG -Xcc -fmodule-map-file\=/Users/ckubal/Library/Developer/Xcode/DerivedData/RunMusic-ehzzznpmcelkqvgvaslgdtzbrdcu/Build/Intermediates.noindex/GeneratedModuleMaps-iphonesimulator/AppAuth.modulemap -Xcc -fmodule-map-file\=/Users/ckubal/Library/Developer/Xcode/DerivedData/RunMusic-ehzzznpmcelkqvgvaslgdtzbrdcu/Build/Intermediates.noindex/GeneratedModuleMaps-iphonesimulator/AppAuthCore.modulemap -Xcc -fmodule-map-file\=/Users/ckubal/Library/Developer/Xcode/DerivedData/RunMusic-ehzzznpmcelkqvgvaslgdtzbrdcu/Build/Intermediates.noindex/GeneratedModuleMaps-iphonesimulator/GoogleSignIn.modulemap -Xcc -fmodule-map-file\=/Users/ckubal/Library/Developer/Xcode/DerivedData/RunMusic-ehzzznpmcelkqvgvaslgdtzbrdcu/Build/Intermediates.noindex/GeneratedModuleMaps-iphonesimulator/abslWrapper.modulemap -Xcc -fmodule-map-file\=/Users/ckubal/Library/Developer/Xcode/DerivedData/RunMusic-ehzzznpmcelkqvgvaslgdtzbrdcu/Build/Intermediates.noindex/GeneratedModuleMaps-iphonesimulator/opensslWrapper.modulemap -Xcc -fmodule-map-file\=/Users/ckubal/Library/Developer/Xcode/DerivedData/RunMusic-ehzzznpmcelkqvgvaslgdtzbrdcu/Build/Intermediates.noindex/GeneratedModuleMaps-iphonesimulator/grpcWrapper.modulemap -Xcc -fmodule-map-file\=/Users/ckubal/Library/Developer/Xcode/DerivedData/RunMusic-ehzzznpmcelkqvgvaslgdtzbrdcu/Build/Intermediates.noindex/GeneratedModuleMaps-iphonesimulator/grpcppWrapper.modulemap -Xcc -fmodule-map-file\=/Users/ckubal/Library/Developer/Xcode/DerivedData/RunMusic-ehzzznpmcelkqvgvaslgdtzbrdcu/Build/Intermediates.noindex/GeneratedModuleMaps-iphonesimulator/nanopb.modulemap -Xcc -fmodule-map-file\=/Users/ckubal/Library/Developer/Xcode/DerivedData/RunMusic-ehzzznpmcelkqvgvaslgdtzbrdcu/Build/Intermediates.noindex/GeneratedModuleMaps-iphonesimulator/leveldb.modulemap -Xcc -fmodule-map-file\=/Users/ckubal/Library/Developer/Xcode/DerivedData/RunMusic-ehzzznpmcelkqvgvaslgdtzbrdcu/Build/Intermediates.noindex/GeneratedModuleMaps-iphonesimulator/FirebaseFirestoreInternalWrapper.modulemap -Xcc -fmodule-map-file\=/Users/ckubal/Library/Developer/Xcode/DerivedData/RunMusic-ehzzznpmcelkqvgvaslgdtzbrdcu/Build/Intermediates.noindex/GeneratedModuleMaps-iphonesimulator/FirebaseFirestoreTarget.modulemap -Xcc -fmodule-map-file\=/Users/ckubal/Library/Developer/Xcode/DerivedData/RunMusic-ehzzznpmcelkqvgvaslgdtzbrdcu/Build/Intermediates.noindex/GeneratedModuleMaps-iphonesimulator/GoogleUtilities-Network.modulemap -Xcc -fmodule-map-file\=/Users/ckubal/Library/Developer/Xcode/DerivedData/RunMusic-ehzzznpmcelkqvgvaslgdtzbrdcu/Build/Intermediates.noindex/GeneratedModuleMaps-iphonesimulator/GoogleUtilities-Reachability.modulemap -Xcc -fmodule-map-file\=/Users/ckubal/Library/Developer/Xcode/DerivedData/RunMusic-ehzzznpmcelkqvgvaslgdtzbrdcu/Build/Intermediates.noindex/GeneratedModuleMaps-iphonesimulator/GoogleUtilities-AppDelegateSwizzler.modulemap -Xcc -fmodule-map-file\=/Users/ckubal/Library/Developer/Xcode/DerivedData/RunMusic-ehzzznpmcelkqvgvaslgdtzbrdcu/Build/Intermediates.noindex/GeneratedModuleMaps-iphonesimulator/RecaptchaInterop.modulemap -Xcc -fmodule-map-file\=/Users/ckubal/Library/Developer/Xcode/DerivedData/RunMusic-ehzzznpmcelkqvgvaslgdtzbrdcu/Build/Intermediates.noindex/GeneratedModuleMaps-iphonesimulator/FirebaseAuth.modulemap -Xcc -fmodule-map-file\=/Users/ckubal/Library/Developer/Xcode/DerivedData/RunMusic-ehzzznpmcelkqvgvaslgdtzbrdcu/Build/Intermediates.noindex/GeneratedModuleMaps-iphonesimulator/GoogleUtilities-NSData.modulemap -Xcc -fmodule-map-file\=/Users/ckubal/Library/Developer/Xcode/DerivedData/RunMusic-ehzzznpmcelkqvgvaslgdtzbrdcu/Build/Intermediates.noindex/GeneratedModuleMaps-iphonesimulator/GoogleUtilities-Environment.modulemap -Xcc -fmodule-map-file\=/Users/ckubal/Library/Developer/Xcode/DerivedData/RunMusic-ehzzznpmcelkqvgvaslgdtzbrdcu/Build/Intermediates.noindex/GeneratedModuleMaps-iphonesimulator/third-party-IsAppEncrypted.modulemap -Xcc -fmodule-map-file\=/Users/ckubal/Library/Developer/Xcode/DerivedData/RunMusic-ehzzznpmcelkqvgvaslgdtzbrdcu/Build/Intermediates.noindex/GeneratedModuleMaps-iphonesimulator/GoogleUtilities-Logger.modulemap -Xcc -fmodule-map-file\=/Users/ckubal/Library/Developer/Xcode/DerivedData/RunMusic-ehzzznpmcelkqvgvaslgdtzbrdcu/Build/Intermediates.noindex/GeneratedModuleMaps-iphonesimulator/GTMSessionFetcherCore.modulemap -Xcc -fmodule-map-file\=/Users/ckubal/Library/Developer/Xcode/DerivedData/RunMusic-ehzzznpmcelkqvgvaslgdtzbrdcu/Build/Intermediates.noindex/GeneratedModuleMaps-iphonesimulator/FirebaseMessagingInterop.modulemap -Xcc -fmodule-map-file\=/Users/ckubal/Library/Developer/Xcode/DerivedData/RunMusic-ehzzznpmcelkqvgvaslgdtzbrdcu/Build/Intermediates.noindex/GeneratedModuleMaps-iphonesimulator/FirebaseCoreExtension.modulemap -Xcc -fmodule-map-file\=/Users/ckubal/Library/Developer/Xcode/DerivedData/RunMusic-ehzzznpmcelkqvgvaslgdtzbrdcu/Build/Intermediates.noindex/GeneratedModuleMaps-iphonesimulator/FirebaseCore.modulemap -Xcc -fmodule-map-file\=/Users/ckubal/Library/Developer/Xcode/DerivedData/RunMusic-ehzzznpmcelkqvgvaslgdtzbrdcu/Build/Intermediates.noindex/GeneratedModuleMaps-iphonesimulator/FirebaseAuthInterop.modulemap -Xcc -fmodule-map-file\=/Users/ckubal/Library/Developer/Xcode/DerivedData/RunMusic-ehzzznpmcelkqvgvaslgdtzbrdcu/Build/Intermediates.noindex/GeneratedModuleMaps-iphonesimulator/FirebaseAppCheckInterop.modulemap -enable-bare-slash-regex -enable-experimental-feature DebugDescriptionMacro -sdk /Applications/Xcode.app/Contents/Developer/Platforms/iPhoneSimulator.platform/Developer/SDKs/iPhoneSimulator26.0.sdk -target arm64-apple-ios17.6-simulator -g -module-cache-path /Users/ckubal/Library/Developer/Xcode/DerivedData/ModuleCache.noindex -Xfrontend -serialize-debugging-options -enable-testing -index-store-path /Users/ckubal/Library/Developer/Xcode/DerivedData/RunMusic-ehzzznpmcelkqvgvaslgdtzbrdcu/Index.noindex/DataStore -Xcc -D_LIBCPP_HARDENING_MODE\=_LIBCPP_HARDENING_MODE_DEBUG -swift-version 5 -I /Users/ckubal/Library/Developer/Xcode/DerivedData/RunMusic-ehzzznpmcelkqvgvaslgdtzbrdcu/Build/Products/Debug-iphonesimulator -F /Users/ckubal/Library/Developer/Xcode/DerivedData/RunMusic-ehzzznpmcelkqvgvaslgdtzbrdcu/Build/Products/Debug-iphonesimulator/PackageFrameworks -F /Users/ckubal/Library/Developer/Xcode/DerivedData/RunMusic-ehzzznpmcelkqvgvaslgdtzbrdcu/Build/Products/Debug-iphonesimulator/PackageFrameworks -F /Users/ckubal/Library/Developer/Xcode/DerivedData/RunMusic-ehzzznpmcelkqvgvaslgdtzbrdcu/Build/Products/Debug-iphonesimulator/PackageFrameworks -F /Users/ckubal/Library/Developer/Xcode/DerivedData/RunMusic-ehzzznpmcelkqvgvaslgdtzbrdcu/Build/Products/Debug-iphonesimulator/PackageFrameworks -F /Users/ckubal/Library/Developer/Xcode/DerivedData/RunMusic-ehzzznpmcelkqvgvaslgdtzbrdcu/Build/Products/Debug-iphonesimulator/PackageFrameworks -F /Users/ckubal/Library/Developer/Xcode/DerivedData/RunMusic-ehzzznpmcelkqvgvaslgdtzbrdcu/Build/Products/Debug-iphonesimulator/PackageFrameworks -F /Users/ckubal/Library/Developer/Xcode/DerivedData/RunMusic-ehzzznpmcelkqvgvaslgdtzbrdcu/Build/Products/Debug-iphonesimulator/PackageFrameworks -F /Users/ckubal/Library/Developer/Xcode/DerivedData/RunMusic-ehzzznpmcelkqvgvaslgdtzbrdcu/Build/Products/Debug-iphonesimulator/PackageFrameworks -F /Users/ckubal/Library/Developer/Xcode/DerivedData/RunMusic-ehzzznpmcelkqvgvaslgdtzbrdcu/Build/Products/Debug-iphonesimulator/PackageFrameworks -F /Users/ckubal/Library/Developer/Xcode/DerivedData/RunMusic-ehzzznpmcelkqvgvaslgdtzbrdcu/Build/Products/Debug-iphonesimulator/PackageFrameworks -F /Users/ckubal/Library/Developer/Xcode/DerivedData/RunMusic-ehzzznpmcelkqvgvaslgdtzbrdcu/Build/Products/Debug-iphonesimulator/PackageFrameworks -F /Users/ckubal/Library/Developer/Xcode/DerivedData/RunMusic-ehzzznpmcelkqvgvaslgdtzbrdcu/Build/Products/Debug-iphonesimulator/PackageFrameworks -F /Users/ckubal/Library/Developer/Xcode/DerivedData/RunMusic-ehzzznpmcelkqvgvaslgdtzbrdcu/Build/Products/Debug-iphonesimulator/PackageFrameworks -F /Users/ckubal/Library/Developer/Xcode/DerivedData/RunMusic-ehzzznpmcelkqvgvaslgdtzbrdcu/Build/Products/Debug-iphonesimulator/PackageFrameworks -F /Users/ckubal/Library/Developer/Xcode/DerivedData/RunMusic-ehzzznpmcelkqvgvaslgdtzbrdcu/Build/Products/Debug-iphonesimulator/PackageFrameworks -F /Users/ckubal/Library/Developer/Xcode/DerivedData/RunMusic-ehzzznpmcelkqvgvaslgdtzbrdcu/Build/Products/Debug-iphonesimulator/PackageFrameworks -F /Users/ckubal/Library/Developer/Xcode/DerivedData/RunMusic-ehzzznpmcelkqvgvaslgdtzbrdcu/Build/Products/Debug-iphonesimulator/PackageFrameworks -F /Users/ckubal/Library/Developer/Xcode/DerivedData/RunMusic-ehzzznpmcelkqvgvaslgdtzbrdcu/Build/Products/Debug-iphonesimulator/PackageFrameworks -F /Users/ckubal/Library/Developer/Xcode/DerivedData/RunMusic-ehzzznpmcelkqvgvaslgdtzbrdcu/Build/Products/Debug-iphonesimulator/PackageFrameworks -F /Users/ckubal/Library/Developer/Xcode/DerivedData/RunMusic-ehzzznpmcelkqvgvaslgdtzbrdcu/Build/Products/Debug-iphonesimulator/PackageFrameworks -F /Users/ckubal/Library/Developer/Xcode/DerivedData/RunMusic-ehzzznpmcelkqvgvaslgdtzbrdcu/Build/Products/Debug-iphonesimulator/PackageFrameworks -F /Users/ckubal/Library/Developer/Xcode/DerivedData/RunMusic-ehzzznpmcelkqvgvaslgdtzbrdcu/Build/Products/Debug-iphonesimulator/PackageFrameworks -F /Users/ckubal/Library/Developer/Xcode/DerivedData/RunMusic-ehzzznpmcelkqvgvaslgdtzbrdcu/Build/Products/Debug-iphonesimulator/PackageFrameworks -F /Users/ckubal/Library/Developer/Xcode/DerivedData/RunMusic-ehzzznpmcelkqvgvaslgdtzbrdcu/Build/Products/Debug-iphonesimulator/PackageFrameworks -F /Users/ckubal/Library/Developer/Xcode/DerivedData/RunMusic-ehzzznpmcelkqvgvaslgdtzbrdcu/Build/Products/Debug-iphonesimulator/PackageFrameworks -F /Users/ckubal/Library/Developer/Xcode/DerivedData/RunMusic-ehzzznpmcelkqvgvaslgdtzbrdcu/Build/Products/Debug-iphonesimulator/PackageFrameworks -F /Users/ckubal/Library/Developer/Xcode/DerivedData/RunMusic-ehzzznpmcelkqvgvaslgdtzbrdcu/Build/Products/Debug-iphonesimulator/PackageFrameworks -F /Users/ckubal/Library/Developer/Xcode/DerivedData/RunMusic-ehzzznpmcelkqvgvaslgdtzbrdcu/Build/Products/Debug-iphonesimulator/PackageFrameworks -F /Users/ckubal/Library/Developer/Xcode/DerivedData/RunMusic-ehzzznpmcelkqvgvaslgdtzbrdcu/Build/Products/Debug-iphonesimulator/PackageFrameworks -F /Users/ckubal/Library/Developer/Xcode/DerivedData/RunMusic-ehzzznpmcelkqvgvaslgdtzbrdcu/Build/Products/Debug-iphonesimulator/PackageFrameworks -F /Users/ckubal/Library/Developer/Xcode/DerivedData/RunMusic-ehzzznpmcelkqvgvaslgdtzbrdcu/Build/Products/Debug-iphonesimulator/PackageFrameworks -F /Users/ckubal/Library/Developer/Xcode/DerivedData/RunMusic-ehzzznpmcelkqvgvaslgdtzbrdcu/Build/Products/Debug-iphonesimulator/PackageFrameworks -F /Users/ckubal/Library/Developer/Xcode/DerivedData/RunMusic-ehzzznpmcelkqvgvaslgdtzbrdcu/Build/Products/Debug-iphonesimulator/PackageFrameworks -F /Users/ckubal/Library/Developer/Xcode/DerivedData/RunMusic-ehzzznpmcelkqvgvaslgdtzbrdcu/Build/Products/Debug-iphonesimulator/PackageFrameworks -F /Users/ckubal/Library/Developer/Xcode/DerivedData/RunMusic-ehzzznpmcelkqvgvaslgdtzbrdcu/Build/Products/Debug-iphonesimulator -emit-localized-strings -emit-localized-strings-path /Users/ckubal/Library/Developer/Xcode/DerivedData/RunMusic-ehzzznpmcelkqvgvaslgdtzbrdcu/Build/Intermediates.noindex/RunMusic.build/Debug-iphonesimulator/RunMusic.build/Objects-normal/arm64 -c -j10 -enable-batch-mode -incremental -Xcc -ivfsstatcache -Xcc /Users/ckubal/Library/Developer/Xcode/DerivedData/SDKStatCaches.noindex/iphonesimulator26.0-23A339-26257891a6c027eb51374368541b8346.sdkstatcache -output-file-map /Users/ckubal/Library/Developer/Xcode/DerivedData/RunMusic-ehzzznpmcelkqvgvaslgdtzbrdcu/Build/Intermediates.noindex/RunMusic.build/Debug-iphonesimulator/RunMusic.build/Objects-normal/arm64/RunMusic-OutputFileMap.json -use-frontend-parseable-output -save-temps -no-color-diagnostics -explicit-module-build -module-cache-path /Users/ckubal/Library/Developer/Xcode/DerivedData/RunMusic-ehzzznpmcelkqvgvaslgdtzbrdcu/Build/Intermediates.noindex/SwiftExplicitPrecompiledModules -clang-scanner-module-cache-path /Users/ckubal/Library/Developer/Xcode/DerivedData/ModuleCache.noindex -sdk-module-cache-path /Users/ckubal/Library/Developer/Xcode/DerivedData/ModuleCache.noindex -serialize-diagnostics -emit-dependencies -emit-module -emit-module-path /Users/ckubal/Library/Developer/Xcode/DerivedData/RunMusic-ehzzznpmcelkqvgvaslgdtzbrdcu/Build/Intermediates.noindex/RunMusic.build/Debug-iphonesimulator/RunMusic.build/Objects-normal/arm64/RunMusic.swiftmodule -validate-clang-modules-once -clang-build-session-file /Users/ckubal/Library/Developer/Xcode/DerivedData/ModuleCache.noindex/Session.modulevalidation -Xcc -I/Users/ckubal/Library/Developer/Xcode/DerivedData/RunMusic-ehzzznpmcelkqvgvaslgdtzbrdcu/Build/Intermediates.noindex/RunMusic.build/Debug-iphonesimulator/RunMusic.build/swift-overrides.hmap -emit-const-values -Xfrontend -const-gather-protocols-file -Xfrontend /Users/ckubal/Library/Developer/Xcode/DerivedData/RunMusic-ehzzznpmcelkqvgvaslgdtzbrdcu/Build/Intermediates.noindex/RunMusic.build/Debug-iphonesimulator/RunMusic.build/Objects-normal/arm64/RunMusic_const_extract_protocols.json -Xcc -iquote -Xcc /Users/ckubal/Library/Developer/Xcode/DerivedData/RunMusic-ehzzznpmcelkqvgvaslgdtzbrdcu/Build/Intermediates.noindex/RunMusic.build/Debug-iphonesimulator/RunMusic.build/RunMusic-generated-files.hmap -Xcc -I/Users/ckubal/Library/Developer/Xcode/DerivedData/RunMusic-ehzzznpmcelkqvgvaslgdtzbrdcu/Build/Intermediates.noindex/RunMusic.build/Debug-iphonesimulator/RunMusic.build/RunMusic-own-target-headers.hmap -Xcc -I/Users/ckubal/Library/Developer/Xcode/DerivedData/RunMusic-ehzzznpmcelkqvgvaslgdtzbrdcu/Build/Intermediates.noindex/RunMusic.build/Debug-iphonesimulator/RunMusic.build/RunMusic-all-non-framework-target-headers.hmap -Xcc -ivfsoverlay -Xcc /Users/ckubal/Library/Developer/Xcode/DerivedData/RunMusic-ehzzznpmcelkqvgvaslgdtzbrdcu/Build/Intermediates.noindex/RunMusic.build/Debug-iphonesimulator/RunMusic-9ea393dc3db56d2d01f40a6dd024fcf3-VFS-iphonesimulator/all-product-headers.yaml -Xcc -iquote -Xcc /Users/ckubal/Library/Developer/Xcode/DerivedData/RunMusic-ehzzznpmcelkqvgvaslgdtzbrdcu/Build/Intermediates.noindex/RunMusic.build/Debug-iphonesimulator/RunMusic.build/RunMusic-project-headers.hmap -Xcc -I/Users/ckubal/Library/Developer/Xcode/DerivedData/RunMusic-ehzzznpmcelkqvgvaslgdtzbrdcu/SourcePackages/checkouts/AppAuth-iOS/Sources/AppAuth -Xcc -I/Users/ckubal/Library/Developer/Xcode/DerivedData/RunMusic-ehzzznpmcelkqvgvaslgdtzbrdcu/SourcePackages/checkouts/AppAuth-iOS/Sources/AppAuthCore -Xcc -I/Users/ckubal/Library/Developer/Xcode/DerivedData/RunMusic-ehzzznpmcelkqvgvaslgdtzbrdcu/SourcePackages/checkouts/GoogleSignIn-iOS/GoogleSignIn/Sources/Public -Xcc -I/Users/ckubal/Library/Developer/Xcode/DerivedData/RunMusic-ehzzznpmcelkqvgvaslgdtzbrdcu/SourcePackages/checkouts/abseil-cpp-binary/absl-Wrapper/include -Xcc -I/Users/ckubal/Library/Developer/Xcode/DerivedData/RunMusic-ehzzznpmcelkqvgvaslgdtzbrdcu/SourcePackages/checkouts/grpc-binary/openssl-grpc-Wrapper/include -Xcc -I/Users/ckubal/Library/Developer/Xcode/DerivedData/RunMusic-ehzzznpmcelkqvgvaslgdtzbrdcu/SourcePackages/checkouts/grpc-binary/grpc-Wrapper/include -Xcc -I/Users/ckubal/Library/Developer/Xcode/DerivedData/RunMusic-ehzzznpmcelkqvgvaslgdtzbrdcu/SourcePackages/checkouts/grpc-binary/grpcpp-Wrapper/include -Xcc -I/Users/ckubal/Library/Developer/Xcode/DerivedData/RunMusic-ehzzznpmcelkqvgvaslgdtzbrdcu/SourcePackages/checkouts/nanopb/spm_headers -Xcc -I/Users/ckubal/Library/Developer/Xcode/DerivedData/RunMusic-ehzzznpmcelkqvgvaslgdtzbrdcu/SourcePackages/checkouts/leveldb/include -Xcc -I/Users/ckubal/Library/Developer/Xcode/DerivedData/RunMusic-ehzzznpmcelkqvgvaslgdtzbrdcu/SourcePackages/checkouts/firebase-ios-sdk/FirebaseFirestoreInternal -Xcc -I/Users/ckubal/Library/Developer/Xcode/DerivedData/RunMusic-ehzzznpmcelkqvgvaslgdtzbrdcu/SourcePackages/checkouts/firebase-ios-sdk/SwiftPM-PlatformExclude/FirebaseFirestoreWrap/include -Xcc -I/Users/ckubal/Library/Developer/Xcode/DerivedData/RunMusic-ehzzznpmcelkqvgvaslgdtzbrdcu/SourcePackages/checkouts/GoogleUtilities/GoogleUtilities/Network/Public -Xcc -I/Users/ckubal/Library/Developer/Xcode/DerivedData/RunMusic-ehzzznpmcelkqvgvaslgdtzbrdcu/SourcePackages/checkouts/GoogleUtilities/GoogleUtilities/Reachability/Public -Xcc -I/Users/ckubal/Library/Developer/Xcode/DerivedData/RunMusic-ehzzznpmcelkqvgvaslgdtzbrdcu/SourcePackages/checkouts/GoogleUtilities/GoogleUtilities/AppDelegateSwizzler/Public -Xcc -I/Users/ckubal/Library/Developer/Xcode/DerivedData/RunMusic-ehzzznpmcelkqvgvaslgdtzbrdcu/SourcePackages/checkouts/interop-ios-for-google-sdks/RecaptchaEnterprise/RecaptchaInterop/Public -Xcc -I/Users/ckubal/Library/Developer/Xcode/DerivedData/RunMusic-ehzzznpmcelkqvgvaslgdtzbrdcu/SourcePackages/checkouts/firebase-ios-sdk/FirebaseAuth/Sources/Public -Xcc -I/Users/ckubal/Library/Developer/Xcode/DerivedData/RunMusic-ehzzznpmcelkqvgvaslgdtzbrdcu/SourcePackages/checkouts/GoogleUtilities/GoogleUtilities/NSData+zlib/Public -Xcc -I/Users/ckubal/Library/Developer/Xcode/DerivedData/RunMusic-ehzzznpmcelkqvgvaslgdtzbrdcu/SourcePackages/checkouts/promises/Sources/FBLPromises/include -Xcc -I/Users/ckubal/Library/Developer/Xcode/DerivedData/RunMusic-ehzzznpmcelkqvgvaslgdtzbrdcu/SourcePackages/checkouts/GoogleUtilities/GoogleUtilities/Environment/Public -Xcc -I/Users/ckubal/Library/Developer/Xcode/DerivedData/RunMusic-ehzzznpmcelkqvgvaslgdtzbrdcu/SourcePackages/checkouts/GoogleUtilities/third_party/IsAppEncrypted/Public -Xcc -I/Users/ckubal/Library/Developer/Xcode/DerivedData/RunMusic-ehzzznpmcelkqvgvaslgdtzbrdcu/SourcePackages/checkouts/GoogleUtilities/GoogleUtilities/Logger/Public -Xcc -I/Users/ckubal/Library/Developer/Xcode/DerivedData/RunMusic-ehzzznpmcelkqvgvaslgdtzbrdcu/SourcePackages/checkouts/gtm-session-fetcher/Sources/Core/Public -Xcc -I/Users/ckubal/Library/Developer/Xcode/DerivedData/RunMusic-ehzzznpmcelkqvgvaslgdtzbrdcu/SourcePackages/checkouts/firebase-ios-sdk/FirebaseMessaging/Interop -Xcc -I/Users/ckubal/Library/Developer/Xcode/DerivedData/RunMusic-ehzzznpmcelkqvgvaslgdtzbrdcu/SourcePackages/checkouts/firebase-ios-sdk/FirebaseCore/Extension -Xcc -I/Users/ckubal/Library/Developer/Xcode/DerivedData/RunMusic-ehzzznpmcelkqvgvaslgdtzbrdcu/SourcePackages/checkouts/firebase-ios-sdk/FirebaseCore/Sources/Public -Xcc -I/Users/ckubal/Library/Developer/Xcode/DerivedData/RunMusic-ehzzznpmcelkqvgvaslgdtzbrdcu/SourcePackages/checkouts/firebase-ios-sdk/CoreOnly/Sources -Xcc -I/Users/ckubal/Library/Developer/Xcode/DerivedData/RunMusic-ehzzznpmcelkqvgvaslgdtzbrdcu/SourcePackages/checkouts/firebase-ios-sdk/FirebaseAuth/Interop -Xcc -I/Users/ckubal/Library/Developer/Xcode/DerivedData/RunMusic-ehzzznpmcelkqvgvaslgdtzbrdcu/SourcePackages/checkouts/firebase-ios-sdk/FirebaseAppCheck/Interop/Public -Xcc -I/Users/ckubal/Library/Developer/Xcode/DerivedData/RunMusic-ehzzznpmcelkqvgvaslgdtzbrdcu/Build/Products/Debug-iphonesimulator/include -Xcc -I/Users/ckubal/Library/Developer/Xcode/DerivedData/RunMusic-ehzzznpmcelkqvgvaslgdtzbrdcu/Build/Intermediates.noindex/RunMusic.build/Debug-iphonesimulator/RunMusic.build/DerivedSources-normal/arm64 -Xcc -I/Users/ckubal/Library/Developer/Xcode/DerivedData/RunMusic-ehzzznpmcelkqvgvaslgdtzbrdcu/Build/Intermediates.noindex/RunMusic.build/Debug-iphonesimulator/RunMusic.build/DerivedSources/arm64 -Xcc -I/Users/ckubal/Library/Developer/Xcode/DerivedData/RunMusic-ehzzznpmcelkqvgvaslgdtzbrdcu/Build/Intermediates.noindex/RunMusic.build/Debug-iphonesimulator/RunMusic.build/DerivedSources -Xcc -DDEBUG\=1 -emit-objc-header -emit-objc-header-path /Users/ckubal/Library/Developer/Xcode/DerivedData/RunMusic-ehzzznpmcelkqvgvaslgdtzbrdcu/Build/Intermediates.noindex/RunMusic.build/Debug-iphonesimulator/RunMusic.build/Objects-normal/arm64/RunMusic-Swift.h -working-directory /Users/ckubal/Documents/Programming/iOS\ Programming\ Projects/RunMusic -experimental-emit-module-separately -disable-cmo

CompileAssetCatalogVariant thinned /Users/ckubal/Library/Developer/Xcode/DerivedData/RunMusic-ehzzznpmcelkqvgvaslgdtzbrdcu/Build/Products/Debug-iphonesimulator/RunMusic.app /Users/ckubal/Documents/Programming/iOS\ Programming\ Projects/RunMusic/RunMusic/Preview\ Content/Preview\ Assets.xcassets /Users/ckubal/Documents/Programming/iOS\ Programming\ Projects/RunMusic/RunMusic/Assets.xcassets (in target 'RunMusic' from project 'RunMusic')
    cd /Users/ckubal/Documents/Programming/iOS\ Programming\ Projects/RunMusic
    /Applications/Xcode.app/Contents/Developer/usr/bin/actool /Users/ckubal/Documents/Programming/iOS\ Programming\ Projects/RunMusic/RunMusic/Preview\ Content/Preview\ Assets.xcassets /Users/ckubal/Documents/Programming/iOS\ Programming\ Projects/RunMusic/RunMusic/Assets.xcassets --compile /Users/ckubal/Library/Developer/Xcode/DerivedData/RunMusic-ehzzznpmcelkqvgvaslgdtzbrdcu/Build/Intermediates.noindex/RunMusic.build/Debug-iphonesimulator/RunMusic.build/assetcatalog_output/thinned --output-format human-readable-text --notices --warnings --export-dependency-info /Users/ckubal/Library/Developer/Xcode/DerivedData/RunMusic-ehzzznpmcelkqvgvaslgdtzbrdcu/Build/Intermediates.noindex/RunMusic.build/Debug-iphonesimulator/RunMusic.build/assetcatalog_dependencies_thinned --output-partial-info-plist /Users/ckubal/Library/Developer/Xcode/DerivedData/RunMusic-ehzzznpmcelkqvgvaslgdtzbrdcu/Build/Intermediates.noindex/RunMusic.build/Debug-iphonesimulator/RunMusic.build/assetcatalog_generated_info.plist_thinned --app-icon AppIcon --accent-color AccentColor --compress-pngs --enable-on-demand-resources YES --filter-for-thinning-device-configuration iPhone17,3 --filter-for-device-os-version 18.4 --development-region en --target-device iphone --target-device ipad --minimum-deployment-target 17.6 --platform iphonesimulator
objc[21344]: Class _NoAnimationDelegate is implemented in both /Library/Developer/CoreSimulator/Volumes/iOS_23A343/Library/Developer/CoreSimulator/Profiles/Runtimes/iOS 26.0.simruntime/Contents/Resources/RuntimeRoot/System/Library/Frameworks/SwiftUICore.framework/SwiftUICore (0x141e8c130) and /Library/Developer/CoreSimulator/Volumes/iOS_23A343/Library/Developer/CoreSimulator/Profiles/Runtimes/iOS 26.0.simruntime/Contents/Resources/RuntimeRoot/System/Library/PrivateFrameworks/UIKitCore.framework/UIKitCore (0x13eff5198). This may cause spurious casting failures and mysterious crashes. One of the duplicates must be removed or renamed.
/* com.apple.actool.document.warnings */
/Users/ckubal/Documents/Programming/iOS Programming Projects/RunMusic/RunMusic/Assets.xcassets:./AppIcon.appiconset: warning: A 76x76@2x app icon is required for iPad apps targeting iOS 7.0 and later
/Users/ckubal/Documents/Programming/iOS Programming Projects/RunMusic/RunMusic/Assets.xcassets:./AppIcon.appiconset: warning: A 83.5x83.5@2x app icon is required for iPad apps targeting iOS 9.0 and later
/* com.apple.actool.compilation-results */
/Users/ckubal/Library/Developer/Xcode/DerivedData/RunMusic-ehzzznpmcelkqvgvaslgdtzbrdcu/Build/Intermediates.noindex/RunMusic.build/Debug-iphonesimulator/RunMusic.build/assetcatalog_generated_info.plist_thinned
/Users/ckubal/Library/Developer/Xcode/DerivedData/RunMusic-ehzzznpmcelkqvgvaslgdtzbrdcu/Build/Intermediates.noindex/RunMusic.build/Debug-iphonesimulator/RunMusic.build/assetcatalog_output/thinned/AppIcon60x60@2x.png
/Users/ckubal/Library/Developer/Xcode/DerivedData/RunMusic-ehzzznpmcelkqvgvaslgdtzbrdcu/Build/Intermediates.noindex/RunMusic.build/Debug-iphonesimulator/RunMusic.build/assetcatalog_output/thinned/Assets.car


SwiftCompile normal arm64 Compiling\ CardExportService.swift,\ RunColorScheme.swift,\ PreviewRunHistoryView.swift,\ RunDetailView.swift,\ RunActivity.swift,\ BackgroundImportProgressView.swift,\ RunHistoryView.swift /Users/ckubal/Documents/Programming/iOS\ Programming\ Projects/RunMusic/RunMusic/Services/CardExportService.swift /Users/ckubal/Documents/Programming/iOS\ Programming\ Projects/RunMusic/RunMusic/Models/RunColorScheme.swift /Users/ckubal/Documents/Programming/iOS\ Programming\ Projects/RunMusic/RunMusic/Views/PreviewRunHistoryView.swift /Users/ckubal/Documents/Programming/iOS\ Programming\ Projects/RunMusic/RunMusic/Views/RunDetailView.swift /Users/ckubal/Documents/Programming/iOS\ Programming\ Projects/RunMusic/RunMusic/Models/RunActivity.swift /Users/ckubal/Documents/Programming/iOS\ Programming\ Projects/RunMusic/RunMusic/Views/BackgroundImportProgressView.swift /Users/ckubal/Documents/Programming/iOS\ Programming\ Projects/RunMusic/RunMusic/Views/RunHistoryView.swift (in target 'RunMusic' from project 'RunMusic')
SwiftCompile normal arm64 /Users/ckubal/Documents/Programming/iOS\ Programming\ Projects/RunMusic/RunMusic/Services/CardExportService.swift (in target 'RunMusic' from project 'RunMusic')
    cd /Users/ckubal/Documents/Programming/iOS\ Programming\ Projects/RunMusic
    
/Users/ckubal/Documents/Programming/iOS Programming Projects/RunMusic/RunMusic/Services/CardExportService.swift:36:40: warning: main actor-isolated property 'scale' can not be referenced from a nonisolated context
        scale: CGFloat = UIScreen.main.scale,
                                       ^
/Applications/Xcode.app/Contents/Developer/Platforms/iPhoneSimulator.platform/Developer/SDKs/iPhoneSimulator26.0.sdk/System/Library/Frameworks/UIKit.framework/Headers/UIScreen.h:60:39: note: property declared here
@property(nonatomic,readonly) CGFloat scale API_AVAILABLE(ios(4.0));
                                      ^
/Users/ckubal/Documents/Programming/iOS Programming Projects/RunMusic/RunMusic/Services/CardExportService.swift:36:35: warning: main actor-isolated class property 'main' can not be referenced from a nonisolated context
        scale: CGFloat = UIScreen.main.scale,
                                  ^
/Applications/Xcode.app/Contents/Developer/Platforms/iPhoneSimulator.platform/Developer/SDKs/iPhoneSimulator26.0.sdk/System/Library/Frameworks/UIKit.framework/Headers/UIScreen.h:57:49: note: class property declared here
@property(class, nonatomic, readonly) UIScreen *mainScreen API_DEPRECATED("Use a UIScreen instance found through context instead (i.e, view.window.windowScene.screen), or for properties like UIScreen.scale with trait equivalents, use a traitCollection found through context.", ios(2.0, 26.0), tvos(9.0, 26.0), visionos(1.0, 26.0)) API_UNAVAILABLE(watchos);
                                                ^
/Users/ckubal/Documents/Programming/iOS Programming Projects/RunMusic/RunMusic/Services/CardExportService.swift:123:40: warning: main actor-isolated property 'scale' can not be referenced from a nonisolated context
        scale: CGFloat = UIScreen.main.scale,
                                       ^
/Applications/Xcode.app/Contents/Developer/Platforms/iPhoneSimulator.platform/Developer/SDKs/iPhoneSimulator26.0.sdk/System/Library/Frameworks/UIKit.framework/Headers/UIScreen.h:60:39: note: property declared here
@property(nonatomic,readonly) CGFloat scale API_AVAILABLE(ios(4.0));
                                      ^
/Users/ckubal/Documents/Programming/iOS Programming Projects/RunMusic/RunMusic/Services/CardExportService.swift:123:35: warning: main actor-isolated class property 'main' can not be referenced from a nonisolated context
        scale: CGFloat = UIScreen.main.scale,
                                  ^
/Applications/Xcode.app/Contents/Developer/Platforms/iPhoneSimulator.platform/Developer/SDKs/iPhoneSimulator26.0.sdk/System/Library/Frameworks/UIKit.framework/Headers/UIScreen.h:57:49: note: class property declared here
@property(class, nonatomic, readonly) UIScreen *mainScreen API_DEPRECATED("Use a UIScreen instance found through context instead (i.e, view.window.windowScene.screen), or for properties like UIScreen.scale with trait equivalents, use a traitCollection found through context.", ios(2.0, 26.0), tvos(9.0, 26.0), visionos(1.0, 26.0)) API_UNAVAILABLE(watchos);
                                                ^
/Users/ckubal/Documents/Programming/iOS Programming Projects/RunMusic/RunMusic/Services/CardExportService.swift:49:13: warning: variable 'renderer' was never mutated; consider changing to 'let' constant
        var renderer = ImageRenderer(content: exportView)
        ~~~ ^
        let

SwiftCompile normal arm64 /Users/ckubal/Documents/Programming/iOS\ Programming\ Projects/RunMusic/RunMusic/Models/RunColorScheme.swift (in target 'RunMusic' from project 'RunMusic')
    cd /Users/ckubal/Documents/Programming/iOS\ Programming\ Projects/RunMusic
    

SwiftCompile normal arm64 /Users/ckubal/Documents/Programming/iOS\ Programming\ Projects/RunMusic/RunMusic/Views/PreviewRunHistoryView.swift (in target 'RunMusic' from project 'RunMusic')
    cd /Users/ckubal/Documents/Programming/iOS\ Programming\ Projects/RunMusic
    

SwiftCompile normal arm64 /Users/ckubal/Documents/Programming/iOS\ Programming\ Projects/RunMusic/RunMusic/Views/RunDetailView.swift (in target 'RunMusic' from project 'RunMusic')
    cd /Users/ckubal/Documents/Programming/iOS\ Programming\ Projects/RunMusic
    

SwiftCompile normal arm64 /Users/ckubal/Documents/Programming/iOS\ Programming\ Projects/RunMusic/RunMusic/Models/RunActivity.swift (in target 'RunMusic' from project 'RunMusic')
    cd /Users/ckubal/Documents/Programming/iOS\ Programming\ Projects/RunMusic
    

SwiftCompile normal arm64 /Users/ckubal/Documents/Programming/iOS\ Programming\ Projects/RunMusic/RunMusic/Views/BackgroundImportProgressView.swift (in target 'RunMusic' from project 'RunMusic')
    cd /Users/ckubal/Documents/Programming/iOS\ Programming\ Projects/RunMusic
    

SwiftCompile normal arm64 /Users/ckubal/Documents/Programming/iOS\ Programming\ Projects/RunMusic/RunMusic/Views/RunHistoryView.swift (in target 'RunMusic' from project 'RunMusic')
    cd /Users/ckubal/Documents/Programming/iOS\ Programming\ Projects/RunMusic
    
/Users/ckubal/Documents/Programming/iOS Programming Projects/RunMusic/RunMusic/Views/RunHistoryView.swift:583:22: warning: result of call to 'padding' is unused
                    .padding()
                     ^      ~~
/Users/ckubal/Documents/Programming/iOS Programming Projects/RunMusic/RunMusic/Views/RunHistoryView.swift:1057:13: warning: initialization of immutable value 'currentCacheVersion' was never used; consider replacing with assignment to '_' or removing it
        let currentCacheVersion = 4 // Should match FirestoreService.CachedRunData.cacheVersion
        ~~~~^~~~~~~~~~~~~~~~~~~
        _
/Users/ckubal/Documents/Programming/iOS Programming Projects/RunMusic/RunMusic/Views/RunHistoryView.swift:580:13: warning: code after 'return' will never be executed
            if let errorMessage = errorMessage {
            ^

SwiftCompile normal arm64 Compiling\ PullToRefresh.swift,\ StravaModels.swift,\ AuthenticationView.swift,\ AnimatedButton.swift,\ AuthViewModel.swift,\ SampleDataService.swift,\ SpotifyModels.swift,\ DataConversionService.swift /Users/ckubal/Documents/Programming/iOS\ Programming\ Projects/RunMusic/RunMusic/Views/Components/PullToRefresh.swift /Users/ckubal/Documents/Programming/iOS\ Programming\ Projects/RunMusic/RunMusic/Models/StravaModels.swift /Users/ckubal/Documents/Programming/iOS\ Programming\ Projects/RunMusic/RunMusic/Views/AuthenticationView.swift /Users/ckubal/Documents/Programming/iOS\ Programming\ Projects/RunMusic/RunMusic/Views/Components/AnimatedButton.swift /Users/ckubal/Documents/Programming/iOS\ Programming\ Projects/RunMusic/RunMusic/Services/AuthViewModel.swift /Users/ckubal/Documents/Programming/iOS\ Programming\ Projects/RunMusic/RunMusic/Services/SampleDataService.swift /Users/ckubal/Documents/Programming/iOS\ Programming\ Projects/RunMusic/RunMusic/Models/SpotifyModels.swift /Users/ckubal/Documents/Programming/iOS\ Programming\ Projects/RunMusic/RunMusic/Services/DataConversionService.swift (in target 'RunMusic' from project 'RunMusic')

SwiftCompile normal arm64 /Users/ckubal/Documents/Programming/iOS\ Programming\ Projects/RunMusic/RunMusic/Views/Components/PullToRefresh.swift (in target 'RunMusic' from project 'RunMusic')
    cd /Users/ckubal/Documents/Programming/iOS\ Programming\ Projects/RunMusic
    

SwiftCompile normal arm64 /Users/ckubal/Documents/Programming/iOS\ Programming\ Projects/RunMusic/RunMusic/Models/StravaModels.swift (in target 'RunMusic' from project 'RunMusic')
    cd /Users/ckubal/Documents/Programming/iOS\ Programming\ Projects/RunMusic
    

SwiftCompile normal arm64 /Users/ckubal/Documents/Programming/iOS\ Programming\ Projects/RunMusic/RunMusic/Views/AuthenticationView.swift (in target 'RunMusic' from project 'RunMusic')
    cd /Users/ckubal/Documents/Programming/iOS\ Programming\ Projects/RunMusic
    

SwiftCompile normal arm64 /Users/ckubal/Documents/Programming/iOS\ Programming\ Projects/RunMusic/RunMusic/Views/Components/AnimatedButton.swift (in target 'RunMusic' from project 'RunMusic')
    cd /Users/ckubal/Documents/Programming/iOS\ Programming\ Projects/RunMusic
    

SwiftCompile normal arm64 /Users/ckubal/Documents/Programming/iOS\ Programming\ Projects/RunMusic/RunMusic/Services/AuthViewModel.swift (in target 'RunMusic' from project 'RunMusic')
    cd /Users/ckubal/Documents/Programming/iOS\ Programming\ Projects/RunMusic
    
/Users/ckubal/Documents/Programming/iOS Programming Projects/RunMusic/RunMusic/Services/AuthViewModel.swift:108:23: warning: main actor-isolated property 'errorMessage' can not be mutated from a Sendable closure
                self?.errorMessage = "Could not start a browse session. Please check your connection."
                      ^
/Users/ckubal/Documents/Programming/iOS Programming Projects/RunMusic/RunMusic/Services/AuthViewModel.swift:33:20: note: mutation of this property is only permitted within the actor
    @Published var errorMessage: String? = nil
                   ^
/Users/ckubal/Documents/Programming/iOS Programming Projects/RunMusic/RunMusic/Services/AuthViewModel.swift:217:37: warning: no 'async' operations occur within 'await' expression
            guard let windowScene = await UIApplication.shared.connectedScenes.first as? UIWindowScene,
                                    ^
/Users/ckubal/Documents/Programming/iOS Programming Projects/RunMusic/RunMusic/Services/AuthViewModel.swift:218:32: warning: no 'async' operations occur within 'await' expression
                  let window = await windowScene.windows.first,
                               ^
/Users/ckubal/Documents/Programming/iOS Programming Projects/RunMusic/RunMusic/Services/AuthViewModel.swift:219:44: warning: no 'async' operations occur within 'await' expression
                  let rootViewController = await window.rootViewController else {
                                           ^
/Users/ckubal/Documents/Programming/iOS Programming Projects/RunMusic/RunMusic/Services/AuthViewModel.swift:366:27: warning: no 'async' operations occur within 'await' expression
        let spotifyAuth = await SpotifyService.shared.isAuthenticated
                          ^
/Users/ckubal/Documents/Programming/iOS Programming Projects/RunMusic/RunMusic/Services/AuthViewModel.swift:367:26: warning: no 'async' operations occur within 'await' expression
        let stravaAuth = await StravaService.shared.isAuthenticated
                         ^

SwiftCompile normal arm64 /Users/ckubal/Documents/Programming/iOS\ Programming\ Projects/RunMusic/RunMusic/Services/SampleDataService.swift (in target 'RunMusic' from project 'RunMusic')
    cd /Users/ckubal/Documents/Programming/iOS\ Programming\ Projects/RunMusic
    

SwiftCompile normal arm64 /Users/ckubal/Documents/Programming/iOS\ Programming\ Projects/RunMusic/RunMusic/Models/SpotifyModels.swift (in target 'RunMusic' from project 'RunMusic')
    cd /Users/ckubal/Documents/Programming/iOS\ Programming\ Projects/RunMusic
    

SwiftCompile normal arm64 /Users/ckubal/Documents/Programming/iOS\ Programming\ Projects/RunMusic/RunMusic/Services/DataConversionService.swift (in target 'RunMusic' from project 'RunMusic')
    cd /Users/ckubal/Documents/Programming/iOS\ Programming\ Projects/RunMusic
    

SwiftCompile normal arm64 Compiling\ InstagramStyleTrackRow.swift,\ InteractiveAlbumArtView.swift,\ SubscriptionService.swift,\ AnimatedRouteView.swift,\ RunningPersonLoader.swift,\ PhotoBackgroundView.swift,\ PhotoManagementView.swift,\ SpotifyImportGuideView.swift /Users/ckubal/Documents/Programming/iOS\ Programming\ Projects/RunMusic/RunMusic/Views/Components/InstagramStyleTrackRow.swift /Users/ckubal/Documents/Programming/iOS\ Programming\ Projects/RunMusic/RunMusic/Views/Components/InteractiveAlbumArtView.swift /Users/ckubal/Documents/Programming/iOS\ Programming\ Projects/RunMusic/RunMusic/Services/SubscriptionService.swift /Users/ckubal/Documents/Programming/iOS\ Programming\ Projects/RunMusic/RunMusic/Views/Components/AnimatedRouteView.swift /Users/ckubal/Documents/Programming/iOS\ Programming\ Projects/RunMusic/RunMusic/Views/Components/RunningPersonLoader.swift /Users/ckubal/Documents/Programming/iOS\ Programming\ Projects/RunMusic/RunMusic/Views/Components/PhotoBackgroundView.swift /Users/ckubal/Documents/Programming/iOS\ Programming\ Projects/RunMusic/RunMusic/Views/PhotoManagementView.swift /Users/ckubal/Documents/Programming/iOS\ Programming\ Projects/RunMusic/RunMusic/Views/SpotifyImportGuideView.swift (in target 'RunMusic' from project 'RunMusic')

SwiftCompile normal arm64 /Users/ckubal/Documents/Programming/iOS\ Programming\ Projects/RunMusic/RunMusic/Views/Components/InstagramStyleTrackRow.swift (in target 'RunMusic' from project 'RunMusic')
    cd /Users/ckubal/Documents/Programming/iOS\ Programming\ Projects/RunMusic
    

SwiftCompile normal arm64 /Users/ckubal/Documents/Programming/iOS\ Programming\ Projects/RunMusic/RunMusic/Views/Components/InteractiveAlbumArtView.swift (in target 'RunMusic' from project 'RunMusic')
    cd /Users/ckubal/Documents/Programming/iOS\ Programming\ Projects/RunMusic
    

SwiftCompile normal arm64 /Users/ckubal/Documents/Programming/iOS\ Programming\ Projects/RunMusic/RunMusic/Services/SubscriptionService.swift (in target 'RunMusic' from project 'RunMusic')
    cd /Users/ckubal/Documents/Programming/iOS\ Programming\ Projects/RunMusic
    

SwiftCompile normal arm64 /Users/ckubal/Documents/Programming/iOS\ Programming\ Projects/RunMusic/RunMusic/Views/Components/AnimatedRouteView.swift (in target 'RunMusic' from project 'RunMusic')
    cd /Users/ckubal/Documents/Programming/iOS\ Programming\ Projects/RunMusic
    

SwiftCompile normal arm64 /Users/ckubal/Documents/Programming/iOS\ Programming\ Projects/RunMusic/RunMusic/Views/Components/RunningPersonLoader.swift (in target 'RunMusic' from project 'RunMusic')
    cd /Users/ckubal/Documents/Programming/iOS\ Programming\ Projects/RunMusic
    

SwiftCompile normal arm64 /Users/ckubal/Documents/Programming/iOS\ Programming\ Projects/RunMusic/RunMusic/Views/Components/PhotoBackgroundView.swift (in target 'RunMusic' from project 'RunMusic')
    cd /Users/ckubal/Documents/Programming/iOS\ Programming\ Projects/RunMusic
    

SwiftCompile normal arm64 /Users/ckubal/Documents/Programming/iOS\ Programming\ Projects/RunMusic/RunMusic/Views/PhotoManagementView.swift (in target 'RunMusic' from project 'RunMusic')
    cd /Users/ckubal/Documents/Programming/iOS\ Programming\ Projects/RunMusic
    
/Users/ckubal/Documents/Programming/iOS Programming Projects/RunMusic/RunMusic/Views/PhotoManagementView.swift:225:10: warning: 'onChange(of:perform:)' was deprecated in iOS 17.0: Use `onChange` with a two or zero parameter action closure instead.
        .onChange(of: photosPickerItem) { newItem in
         ^

SwiftCompile normal arm64 /Users/ckubal/Documents/Programming/iOS\ Programming\ Projects/RunMusic/RunMusic/Views/SpotifyImportGuideView.swift (in target 'RunMusic' from project 'RunMusic')
    cd /Users/ckubal/Documents/Programming/iOS\ Programming\ Projects/RunMusic
    
/Users/ckubal/Documents/Programming/iOS Programming Projects/RunMusic/RunMusic/Views/SpotifyImportGuideView.swift:415:17: warning: no 'async' operations occur within 'await' expression
                await updateFileProgress(index: index, status: .failed, errorMessage: "Could not access file")
                ^
/Users/ckubal/Documents/Programming/iOS Programming Projects/RunMusic/RunMusic/Views/SpotifyImportGuideView.swift:420:13: warning: no 'async' operations occur within 'await' expression
            await updateFileProgress(index: index, status: .reading, progress: 0.1)
            ^
/Users/ckubal/Documents/Programming/iOS Programming Projects/RunMusic/RunMusic/Views/SpotifyImportGuideView.swift:427:17: warning: no 'async' operations occur within 'await' expression
                await updateFileProgress(index: index, status: .parsing, progress: 0.3)
                ^
/Users/ckubal/Documents/Programming/iOS Programming Projects/RunMusic/RunMusic/Views/SpotifyImportGuideView.swift:438:17: warning: no 'async' operations occur within 'await' expression
                await updateFileProgress(index: index, status: .storing, progress: 0.7)
                ^
/Users/ckubal/Documents/Programming/iOS Programming Projects/RunMusic/RunMusic/Views/SpotifyImportGuideView.swift:445:17: warning: no 'async' operations occur within 'await' expression
                await updateFileProgress(
                ^
/Users/ckubal/Documents/Programming/iOS Programming Projects/RunMusic/RunMusic/Views/SpotifyImportGuideView.swift:460:17: warning: no 'async' operations occur within 'await' expression
                await updateFileProgress(
                ^
/Users/ckubal/Documents/Programming/iOS Programming Projects/RunMusic/RunMusic/Views/SpotifyImportGuideView.swift:502:19: warning: immutable value 'summary' was never used; consider replacing with '_' or removing it
        guard let summary = scanSummary, !selectedFiles.isEmpty else {
              ~~~~^~~~~~~
              _
/Users/ckubal/Documents/Programming/iOS Programming Projects/RunMusic/RunMusic/Views/SpotifyImportGuideView.swift:553:17: warning: no 'async' operations occur within 'await' expression
                await updateFileProgress(index: index, status: .completed, progress: 1.0)
                ^
/Users/ckubal/Documents/Programming/iOS Programming Projects/RunMusic/RunMusic/Views/SpotifyImportGuideView.swift:559:17: warning: no 'async' operations occur within 'await' expression
                await updateFileProgress(index: index, status: .failed, errorMessage: "Could not access file")
                ^
/Users/ckubal/Documents/Programming/iOS Programming Projects/RunMusic/RunMusic/Views/SpotifyImportGuideView.swift:564:13: warning: no 'async' operations occur within 'await' expression
            await updateFileProgress(index: index, status: .reading, progress: 0.1)
            ^
/Users/ckubal/Documents/Programming/iOS Programming Projects/RunMusic/RunMusic/Views/SpotifyImportGuideView.swift:570:17: warning: no 'async' operations occur within 'await' expression
                await updateFileProgress(index: index, status: .parsing, progress: 0.3)
                ^
/Users/ckubal/Documents/Programming/iOS Programming Projects/RunMusic/RunMusic/Views/SpotifyImportGuideView.swift:585:17: warning: no 'async' operations occur within 'await' expression
                await updateFileProgress(index: index, status: .storing, progress: 0.7)
                ^
/Users/ckubal/Documents/Programming/iOS Programming Projects/RunMusic/RunMusic/Views/SpotifyImportGuideView.swift:590:17: warning: no 'async' operations occur within 'await' expression
                await updateFileProgress(
                ^
/Users/ckubal/Documents/Programming/iOS Programming Projects/RunMusic/RunMusic/Views/SpotifyImportGuideView.swift:602:17: warning: no 'async' operations occur within 'await' expression
                await updateFileProgress(
                ^

SwiftCompile normal arm64 Compiling\ SpotifyHistoryImportPrompt.swift,\ ColorSchemePicker.swift,\ AnimatedRoutePathView.swift,\ TokenEncryption.swift,\ AnimatedRunCardView.swift,\ LoadingAnimations.swift,\ AlbumArt.swift,\ SpotifyService.swift /Users/ckubal/Documents/Programming/iOS\ Programming\ Projects/RunMusic/RunMusic/Views/Components/SpotifyHistoryImportPrompt.swift /Users/ckubal/Documents/Programming/iOS\ Programming\ Projects/RunMusic/RunMusic/Views/Components/ColorSchemePicker.swift /Users/ckubal/Documents/Programming/iOS\ Programming\ Projects/RunMusic/RunMusic/Views/Components/AnimatedRoutePathView.swift /Users/ckubal/Documents/Programming/iOS\ Programming\ Projects/RunMusic/RunMusic/Services/TokenEncryption.swift /Users/ckubal/Documents/Programming/iOS\ Programming\ Projects/RunMusic/RunMusic/Views/Components/AnimatedRunCardView.swift /Users/ckubal/Documents/Programming/iOS\ Programming\ Projects/RunMusic/RunMusic/Views/Components/LoadingAnimations.swift /Users/ckubal/Documents/Programming/iOS\ Programming\ Projects/RunMusic/RunMusic/Models/AlbumArt.swift /Users/ckubal/Documents/Programming/iOS\ Programming\ Projects/RunMusic/RunMusic/Services/SpotifyService.swift (in target 'RunMusic' from project 'RunMusic')

SwiftCompile normal arm64 /Users/ckubal/Documents/Programming/iOS\ Programming\ Projects/RunMusic/RunMusic/Views/Components/SpotifyHistoryImportPrompt.swift (in target 'RunMusic' from project 'RunMusic')
    cd /Users/ckubal/Documents/Programming/iOS\ Programming\ Projects/RunMusic
    

SwiftCompile normal arm64 /Users/ckubal/Documents/Programming/iOS\ Programming\ Projects/RunMusic/RunMusic/Views/Components/ColorSchemePicker.swift (in target 'RunMusic' from project 'RunMusic')
    cd /Users/ckubal/Documents/Programming/iOS\ Programming\ Projects/RunMusic
    

SwiftCompile normal arm64 /Users/ckubal/Documents/Programming/iOS\ Programming\ Projects/RunMusic/RunMusic/Views/Components/AnimatedRoutePathView.swift (in target 'RunMusic' from project 'RunMusic')
    cd /Users/ckubal/Documents/Programming/iOS\ Programming\ Projects/RunMusic
    
/Users/ckubal/Documents/Programming/iOS Programming Projects/RunMusic/RunMusic/Views/Components/AnimatedRoutePathView.swift:38:44: warning: immutable value 'songPositions' was never used; consider replacing with '_' or removing it
                if showSongIndicators, let songPositions = songPositions, animationProgress > 0.8 {
                                       ~~~~^~~~~~~~~~~~~
                                       _

SwiftCompile normal arm64 /Users/ckubal/Documents/Programming/iOS\ Programming\ Projects/RunMusic/RunMusic/Services/TokenEncryption.swift (in target 'RunMusic' from project 'RunMusic')
    cd /Users/ckubal/Documents/Programming/iOS\ Programming\ Projects/RunMusic
    

SwiftCompile normal arm64 /Users/ckubal/Documents/Programming/iOS\ Programming\ Projects/RunMusic/RunMusic/Views/Components/AnimatedRunCardView.swift (in target 'RunMusic' from project 'RunMusic')
    cd /Users/ckubal/Documents/Programming/iOS\ Programming\ Projects/RunMusic
    

SwiftCompile normal arm64 /Users/ckubal/Documents/Programming/iOS\ Programming\ Projects/RunMusic/RunMusic/Views/Components/LoadingAnimations.swift (in target 'RunMusic' from project 'RunMusic')
    cd /Users/ckubal/Documents/Programming/iOS\ Programming\ Projects/RunMusic
    

SwiftCompile normal arm64 /Users/ckubal/Documents/Programming/iOS\ Programming\ Projects/RunMusic/RunMusic/Models/AlbumArt.swift (in target 'RunMusic' from project 'RunMusic')
    cd /Users/ckubal/Documents/Programming/iOS\ Programming\ Projects/RunMusic
    

SwiftCompile normal arm64 /Users/ckubal/Documents/Programming/iOS\ Programming\ Projects/RunMusic/RunMusic/Services/SpotifyService.swift (in target 'RunMusic' from project 'RunMusic')
    cd /Users/ckubal/Documents/Programming/iOS\ Programming\ Projects/RunMusic
    
/Users/ckubal/Documents/Programming/iOS Programming Projects/RunMusic/RunMusic/Services/SpotifyService.swift:25:52: warning: main actor-isolated static property 'shared' can not be referenced from a nonisolated context; this is an error in the Swift 6 language mode
    private let firebaseAuth = FirebaseAuthService.shared
                                                   ^
/Users/ckubal/Documents/Programming/iOS Programming Projects/RunMusic/RunMusic/Services/FirebaseAuthService.swift:8:16: note: static property declared here
    static let shared = FirebaseAuthService()
               ^
/Users/ckubal/Documents/Programming/iOS Programming Projects/RunMusic/RunMusic/Services/SpotifyService.swift:1639:25: warning: capture of 'self' with non-Sendable type 'SpotifyService' in a '@Sendable' closure
                        self.accessToken = authResponse.accessToken
                        ^
/Users/ckubal/Documents/Programming/iOS Programming Projects/RunMusic/RunMusic/Services/SpotifyService.swift:5:7: note: class 'SpotifyService' does not conform to the 'Sendable' protocol
class SpotifyService: ObservableObject {
      ^
/Users/ckubal/Documents/Programming/iOS Programming Projects/RunMusic/RunMusic/Services/SpotifyService.swift:1660:25: warning: capture of 'self' with non-Sendable type 'SpotifyService' in a '@Sendable' closure
                        self.clearStoredCredentials()
                        ^
/Users/ckubal/Documents/Programming/iOS Programming Projects/RunMusic/RunMusic/Services/SpotifyService.swift:5:7: note: class 'SpotifyService' does not conform to the 'Sendable' protocol
class SpotifyService: ObservableObject {
      ^
/Users/ckubal/Documents/Programming/iOS Programming Projects/RunMusic/RunMusic/Services/SpotifyService.swift:1860:20: warning: immutable value 'localAccessToken' was never used; consider replacing with '_' or removing it
            if let localAccessToken = accessToken,
               ~~~~^~~~~~~~~~~~~~~~
               _
/Users/ckubal/Documents/Programming/iOS Programming Projects/RunMusic/RunMusic/Services/SpotifyService.swift:1861:20: warning: immutable value 'localRefreshToken' was never used; consider replacing with '_' or removing it
               let localRefreshToken = refreshToken,
               ~~~~^~~~~~~~~~~~~~~~~
               _
/Users/ckubal/Documents/Programming/iOS Programming Projects/RunMusic/RunMusic/Services/SpotifyService.swift:1796:19: warning: 'catch' block is unreachable because no errors are thrown in 'do' block
                } catch {
                  ^
/Users/ckubal/Documents/Programming/iOS Programming Projects/RunMusic/RunMusic/Services/SpotifyService.swift:1830:23: warning: 'catch' block is unreachable because no errors are thrown in 'do' block
                    } catch {
                      ^

SwiftCompile normal arm64 Compiling\ StravaService.swift,\ SpotifyFileScanner.swift,\ FirebaseAuthService.swift,\ LocationAnalysisService.swift,\ FirestoreService.swift,\ SpotifyBackgroundSync.swift,\ AnimationEngine.swift /Users/ckubal/Documents/Programming/iOS\ Programming\ Projects/RunMusic/RunMusic/Services/StravaService.swift /Users/ckubal/Documents/Programming/iOS\ Programming\ Projects/RunMusic/RunMusic/Services/SpotifyFileScanner.swift /Users/ckubal/Documents/Programming/iOS\ Programming\ Projects/RunMusic/RunMusic/Services/FirebaseAuthService.swift /Users/ckubal/Documents/Programming/iOS\ Programming\ Projects/RunMusic/RunMusic/Services/LocationAnalysisService.swift /Users/ckubal/Documents/Programming/iOS\ Programming\ Projects/RunMusic/RunMusic/Services/FirestoreService.swift /Users/ckubal/Documents/Programming/iOS\ Programming\ Projects/RunMusic/RunMusic/Services/SpotifyBackgroundSync.swift /Users/ckubal/Documents/Programming/iOS\ Programming\ Projects/RunMusic/RunMusic/Services/AnimationEngine.swift (in target 'RunMusic' from project 'RunMusic')

SwiftCompile normal arm64 /Users/ckubal/Documents/Programming/iOS\ Programming\ Projects/RunMusic/RunMusic/Services/StravaService.swift (in target 'RunMusic' from project 'RunMusic')
    cd /Users/ckubal/Documents/Programming/iOS\ Programming\ Projects/RunMusic
    
/Users/ckubal/Documents/Programming/iOS Programming Projects/RunMusic/RunMusic/Services/StravaService.swift:730:37: warning: expression implicitly coerced from 'String?' to 'Any'
                    "refreshToken": tokens.refreshToken,
                                    ^~~~~~~~~~~~~~~~~~~
/Users/ckubal/Documents/Programming/iOS Programming Projects/RunMusic/RunMusic/Services/StravaService.swift:730:44: note: provide a default value to avoid this warning
                    "refreshToken": tokens.refreshToken,
                                    ~~~~~~~^~~~~~~~~~~~
                                                        ?? <#default value#>
/Users/ckubal/Documents/Programming/iOS Programming Projects/RunMusic/RunMusic/Services/StravaService.swift:730:44: note: force-unwrap the value to avoid this warning
                    "refreshToken": tokens.refreshToken,
                                    ~~~~~~~^~~~~~~~~~~~
                                                       !
/Users/ckubal/Documents/Programming/iOS Programming Projects/RunMusic/RunMusic/Services/StravaService.swift:730:44: note: explicitly cast to 'Any' with 'as Any' to silence this warning
                    "refreshToken": tokens.refreshToken,
                                    ~~~~~~~^~~~~~~~~~~~
                                                        as Any
/Users/ckubal/Documents/Programming/iOS Programming Projects/RunMusic/RunMusic/Services/StravaService.swift:731:34: warning: expression implicitly coerced from 'Timestamp?' to 'Any'
                    "expiresAt": tokens.expiresAt != nil ? Timestamp(date: tokens.expiresAt!) : nil,
                                 ^~~~~~~~~~~~~~~~~~~~~~~~~~~~~~~~~~~~~~~~~~~~~~~~~~~~~~~~~~~~~~~~~~
/Users/ckubal/Documents/Programming/iOS Programming Projects/RunMusic/RunMusic/Services/StravaService.swift:731:58: note: provide a default value to avoid this warning
                    "expiresAt": tokens.expiresAt != nil ? Timestamp(date: tokens.expiresAt!) : nil,
                                 ~~~~~~~~~~~~~~~~~~~~~~~~^~~~~~~~~~~~~~~~~~~~~~~~~~~~~~~~~~~~~~~~~~
                                                                                                    ?? <#default value#>
/Users/ckubal/Documents/Programming/iOS Programming Projects/RunMusic/RunMusic/Services/StravaService.swift:731:58: note: force-unwrap the value to avoid this warning
                    "expiresAt": tokens.expiresAt != nil ? Timestamp(date: tokens.expiresAt!) : nil,
                                 ~~~~~~~~~~~~~~~~~~~~~~~~^~~~~~~~~~~~~~~~~~~~~~~~~~~~~~~~~~~~~~~~~~
                                                                                                   !
/Users/ckubal/Documents/Programming/iOS Programming Projects/RunMusic/RunMusic/Services/StravaService.swift:731:58: note: explicitly cast to 'Any' with 'as Any' to silence this warning
                    "expiresAt": tokens.expiresAt != nil ? Timestamp(date: tokens.expiresAt!) : nil,
                                 ~~~~~~~~~~~~~~~~~~~~~~~~^~~~~~~~~~~~~~~~~~~~~~~~~~~~~~~~~~~~~~~~~~
                                                                                                    as Any

SwiftCompile normal arm64 /Users/ckubal/Documents/Programming/iOS\ Programming\ Projects/RunMusic/RunMusic/Services/SpotifyFileScanner.swift (in target 'RunMusic' from project 'RunMusic')
    cd /Users/ckubal/Documents/Programming/iOS\ Programming\ Projects/RunMusic
    

SwiftCompile normal arm64 /Users/ckubal/Documents/Programming/iOS\ Programming\ Projects/RunMusic/RunMusic/Services/FirebaseAuthService.swift (in target 'RunMusic' from project 'RunMusic')
    cd /Users/ckubal/Documents/Programming/iOS\ Programming\ Projects/RunMusic
    
/Users/ckubal/Documents/Programming/iOS Programming Projects/RunMusic/RunMusic/Services/FirebaseAuthService.swift:51:37: warning: no 'async' operations occur within 'await' expression
            guard let windowScene = await UIApplication.shared.connectedScenes.first as? UIWindowScene,
                                    ^
/Users/ckubal/Documents/Programming/iOS Programming Projects/RunMusic/RunMusic/Services/FirebaseAuthService.swift:52:32: warning: no 'async' operations occur within 'await' expression
                  let window = await windowScene.windows.first,
                               ^
/Users/ckubal/Documents/Programming/iOS Programming Projects/RunMusic/RunMusic/Services/FirebaseAuthService.swift:53:44: warning: no 'async' operations occur within 'await' expression
                  let rootViewController = await window.rootViewController else {
                                           ^
/Users/ckubal/Documents/Programming/iOS Programming Projects/RunMusic/RunMusic/Services/FirebaseAuthService.swift:156:27: warning: no 'async' operations occur within 'await' expression
        let spotifyAuth = await SpotifyService.shared.isAuthenticated
                          ^
/Users/ckubal/Documents/Programming/iOS Programming Projects/RunMusic/RunMusic/Services/FirebaseAuthService.swift:157:26: warning: no 'async' operations occur within 'await' expression
        let stravaAuth = await StravaService.shared.isAuthenticated
                         ^

SwiftCompile normal arm64 /Users/ckubal/Documents/Programming/iOS\ Programming\ Projects/RunMusic/RunMusic/Services/LocationAnalysisService.swift (in target 'RunMusic' from project 'RunMusic')
    cd /Users/ckubal/Documents/Programming/iOS\ Programming\ Projects/RunMusic
    

SwiftCompile normal arm64 /Users/ckubal/Documents/Programming/iOS\ Programming\ Projects/RunMusic/RunMusic/Services/FirestoreService.swift (in target 'RunMusic' from project 'RunMusic')
    cd /Users/ckubal/Documents/Programming/iOS\ Programming\ Projects/RunMusic
    
/Users/ckubal/Documents/Programming/iOS Programming Projects/RunMusic/RunMusic/Services/FirestoreService.swift:349:26: warning: 'init(_:)' is deprecated: replaced by 'init(truncating:)'
        let totalCount = Int(totalCountQuery.count)
                         ^
/Users/ckubal/Documents/Programming/iOS Programming Projects/RunMusic/RunMusic/Services/FirestoreService.swift:349:26: note: use 'init(truncating:)' instead
        let totalCount = Int(totalCountQuery.count)
                         ^
                             truncating: 

SwiftCompile normal arm64 /Users/ckubal/Documents/Programming/iOS\ Programming\ Projects/RunMusic/RunMusic/Services/SpotifyBackgroundSync.swift (in target 'RunMusic' from project 'RunMusic')
    cd /Users/ckubal/Documents/Programming/iOS\ Programming\ Projects/RunMusic
    
/Users/ckubal/Documents/Programming/iOS Programming Projects/RunMusic/RunMusic/Services/SpotifyBackgroundSync.swift:437:15: warning: result of call to 'storeSpotifyTracks(_:for:)' is unused
        await storeSpotifyTracks([track], for: userId)
              ^                 ~~~~~~~~~~~~~~~~~~~~~~

SwiftCompile normal arm64 /Users/ckubal/Documents/Programming/iOS\ Programming\ Projects/RunMusic/RunMusic/Services/AnimationEngine.swift (in target 'RunMusic' from project 'RunMusic')
    cd /Users/ckubal/Documents/Programming/iOS\ Programming\ Projects/RunMusic
    
/Users/ckubal/Documents/Programming/iOS Programming Projects/RunMusic/RunMusic/Services/AnimationEngine.swift:79:19: warning: call to main actor-isolated instance method 'updateFrame()' in a synchronous nonisolated context
            self?.updateFrame()
                  ^
/Users/ckubal/Documents/Programming/iOS Programming Projects/RunMusic/RunMusic/Services/AnimationEngine.swift:103:18: note: calls to instance method 'updateFrame()' from outside of its actor context are implicitly asynchronous
    private func updateFrame() {
                 ^
/Users/ckubal/Documents/Programming/iOS Programming Projects/RunMusic/RunMusic/Services/AnimationEngine.swift:175:29: warning: left side of nil coalescing operator '??' has non-optional type 'String', so the right side is never used
                id: song.id ?? UUID().uuidString,
                    ~~~~~~~~^~~~~~~~~~~~~~~~~~~~
                           
/Users/ckubal/Documents/Programming/iOS Programming Projects/RunMusic/RunMusic/Services/AnimationEngine.swift:377:44: warning: conditional cast from 'AnimationEngine' to 'AnimationEngine' always succeeds
        guard let engine = animationEngine as? AnimationEngine else { return }
                                           ^

SwiftEmitModule normal arm64 Emitting\ module\ for\ RunMusic (in target 'RunMusic' from project 'RunMusic')

EmitSwiftModule normal arm64 (in target 'RunMusic' from project 'RunMusic')
    cd /Users/ckubal/Documents/Programming/iOS\ Programming\ Projects/RunMusic
    
/Users/ckubal/Documents/Programming/iOS Programming Projects/RunMusic/RunMusic/Services/SpotifyService.swift:25:52: warning: main actor-isolated static property 'shared' can not be referenced from a nonisolated context; this is an error in the Swift 6 language mode
    private let firebaseAuth = FirebaseAuthService.shared
                                                   ^
/Users/ckubal/Documents/Programming/iOS Programming Projects/RunMusic/RunMusic/Services/FirebaseAuthService.swift:8:16: note: static property declared here
    static let shared = FirebaseAuthService()
               ^
/Users/ckubal/Documents/Programming/iOS Programming Projects/RunMusic/RunMusic/Services/CardExportService.swift:36:40: warning: main actor-isolated property 'scale' can not be referenced from a nonisolated context
        scale: CGFloat = UIScreen.main.scale,
                                       ^
/Applications/Xcode.app/Contents/Developer/Platforms/iPhoneSimulator.platform/Developer/SDKs/iPhoneSimulator26.0.sdk/System/Library/Frameworks/UIKit.framework/Headers/UIScreen.h:60:39: note: property declared here
@property(nonatomic,readonly) CGFloat scale API_AVAILABLE(ios(4.0));
                                      ^
/Users/ckubal/Documents/Programming/iOS Programming Projects/RunMusic/RunMusic/Services/CardExportService.swift:36:35: warning: main actor-isolated class property 'main' can not be referenced from a nonisolated context
        scale: CGFloat = UIScreen.main.scale,
                                  ^
/Applications/Xcode.app/Contents/Developer/Platforms/iPhoneSimulator.platform/Developer/SDKs/iPhoneSimulator26.0.sdk/System/Library/Frameworks/UIKit.framework/Headers/UIScreen.h:57:49: note: class property declared here
@property(class, nonatomic, readonly) UIScreen *mainScreen API_DEPRECATED("Use a UIScreen instance found through context instead (i.e, view.window.windowScene.screen), or for properties like UIScreen.scale with trait equivalents, use a traitCollection found through context.", ios(2.0, 26.0), tvos(9.0, 26.0), visionos(1.0, 26.0)) API_UNAVAILABLE(watchos);
                                                ^
/Users/ckubal/Documents/Programming/iOS Programming Projects/RunMusic/RunMusic/Services/CardExportService.swift:123:40: warning: main actor-isolated property 'scale' can not be referenced from a nonisolated context
        scale: CGFloat = UIScreen.main.scale,
                                       ^
/Applications/Xcode.app/Contents/Developer/Platforms/iPhoneSimulator.platform/Developer/SDKs/iPhoneSimulator26.0.sdk/System/Library/Frameworks/UIKit.framework/Headers/UIScreen.h:60:39: note: property declared here
@property(nonatomic,readonly) CGFloat scale API_AVAILABLE(ios(4.0));
                                      ^
/Users/ckubal/Documents/Programming/iOS Programming Projects/RunMusic/RunMusic/Services/CardExportService.swift:123:35: warning: main actor-isolated class property 'main' can not be referenced from a nonisolated context
        scale: CGFloat = UIScreen.main.scale,
                                  ^
/Applications/Xcode.app/Contents/Developer/Platforms/iPhoneSimulator.platform/Developer/SDKs/iPhoneSimulator26.0.sdk/System/Library/Frameworks/UIKit.framework/Headers/UIScreen.h:57:49: note: class property declared here
@property(class, nonatomic, readonly) UIScreen *mainScreen API_DEPRECATED("Use a UIScreen instance found through context instead (i.e, view.window.windowScene.screen), or for properties like UIScreen.scale with trait equivalents, use a traitCollection found through context.", ios(2.0, 26.0), tvos(9.0, 26.0), visionos(1.0, 26.0)) API_UNAVAILABLE(watchos);
                                                ^
/Users/ckubal/Documents/Programming/iOS Programming Projects/RunMusic/RunMusic/Models/CanvasAsset.swift:6:1: warning: extension declares a conformance of imported type 'Weight' to imported protocols 'Decodable', 'Encodable'; this will not behave correctly if the owners of 'SwiftUICore' introduce this conformance in the future
extension Font.Weight: Codable {
^
/Users/ckubal/Documents/Programming/iOS Programming Projects/RunMusic/RunMusic/Models/CanvasAsset.swift:6:1: note: add '@retroactive' to silence this warning
extension Font.Weight: Codable {
^
/Users/ckubal/Documents/Programming/iOS Programming Projects/RunMusic/RunMusic/Models/CanvasAsset.swift:64:1: warning: extension declares a conformance of imported type 'Color' to imported protocols 'Decodable', 'Encodable'; this will not behave correctly if the owners of 'SwiftUICore' introduce this conformance in the future
extension Color: Codable {
^
/Users/ckubal/Documents/Programming/iOS Programming Projects/RunMusic/RunMusic/Models/CanvasAsset.swift:64:1: note: add '@retroactive' to silence this warning
extension Color: Codable {
^

SwiftCompile normal arm64 Compiling\ SpotifyImportProgress.swift,\ HapticFeedbackService.swift,\ SpotifyImportPreviewView.swift,\ LivePhotoSelectionView.swift,\ FontPicker.swift,\ DualProviderAuthView.swift,\ PhotoPermissionPromptView.swift /Users/ckubal/Documents/Programming/iOS\ Programming\ Projects/RunMusic/RunMusic/Models/SpotifyImportProgress.swift /Users/ckubal/Documents/Programming/iOS\ Programming\ Projects/RunMusic/RunMusic/Services/HapticFeedbackService.swift /Users/ckubal/Documents/Programming/iOS\ Programming\ Projects/RunMusic/RunMusic/Views/SpotifyImportPreviewView.swift /Users/ckubal/Documents/Programming/iOS\ Programming\ Projects/RunMusic/RunMusic/Views/Components/LivePhotoSelectionView.swift /Users/ckubal/Documents/Programming/iOS\ Programming\ Projects/RunMusic/RunMusic/Views/Components/FontPicker.swift /Users/ckubal/Documents/Programming/iOS\ Programming\ Projects/RunMusic/RunMusic/Views/DualProviderAuthView.swift /Users/ckubal/Documents/Programming/iOS\ Programming\ Projects/RunMusic/RunMusic/Views/Components/PhotoPermissionPromptView.swift (in target 'RunMusic' from project 'RunMusic')

SwiftCompile normal arm64 /Users/ckubal/Documents/Programming/iOS\ Programming\ Projects/RunMusic/RunMusic/Models/SpotifyImportProgress.swift (in target 'RunMusic' from project 'RunMusic')
    cd /Users/ckubal/Documents/Programming/iOS\ Programming\ Projects/RunMusic
    

SwiftCompile normal arm64 /Users/ckubal/Documents/Programming/iOS\ Programming\ Projects/RunMusic/RunMusic/Services/HapticFeedbackService.swift (in target 'RunMusic' from project 'RunMusic')
    cd /Users/ckubal/Documents/Programming/iOS\ Programming\ Projects/RunMusic
    

SwiftCompile normal arm64 /Users/ckubal/Documents/Programming/iOS\ Programming\ Projects/RunMusic/RunMusic/Views/SpotifyImportPreviewView.swift (in target 'RunMusic' from project 'RunMusic')
    cd /Users/ckubal/Documents/Programming/iOS\ Programming\ Projects/RunMusic
    

SwiftCompile normal arm64 /Users/ckubal/Documents/Programming/iOS\ Programming\ Projects/RunMusic/RunMusic/Views/Components/LivePhotoSelectionView.swift (in target 'RunMusic' from project 'RunMusic')
    cd /Users/ckubal/Documents/Programming/iOS\ Programming\ Projects/RunMusic
    

SwiftCompile normal arm64 /Users/ckubal/Documents/Programming/iOS\ Programming\ Projects/RunMusic/RunMusic/Views/Components/FontPicker.swift (in target 'RunMusic' from project 'RunMusic')
    cd /Users/ckubal/Documents/Programming/iOS\ Programming\ Projects/RunMusic
    

SwiftCompile normal arm64 /Users/ckubal/Documents/Programming/iOS\ Programming\ Projects/RunMusic/RunMusic/Views/DualProviderAuthView.swift (in target 'RunMusic' from project 'RunMusic')
    cd /Users/ckubal/Documents/Programming/iOS\ Programming\ Projects/RunMusic
    

SwiftCompile normal arm64 /Users/ckubal/Documents/Programming/iOS\ Programming\ Projects/RunMusic/RunMusic/Views/Components/PhotoPermissionPromptView.swift (in target 'RunMusic' from project 'RunMusic')
    cd /Users/ckubal/Documents/Programming/iOS\ Programming\ Projects/RunMusic
    

SwiftCompile normal arm64 Compiling\ RunMusicApp.swift,\ CanvasAsset.swift,\ EnhancedAssetView.swift,\ RunCanvasView.swift,\ RunCardStackView.swift,\ RunCardView.swift,\ GeneratedAssetSymbols.swift /Users/ckubal/Documents/Programming/iOS\ Programming\ Projects/RunMusic/RunMusic/RunMusicApp.swift /Users/ckubal/Documents/Programming/iOS\ Programming\ Projects/RunMusic/RunMusic/Models/CanvasAsset.swift /Users/ckubal/Documents/Programming/iOS\ Programming\ Projects/RunMusic/RunMusic/Views/Canvas/EnhancedAssetView.swift /Users/ckubal/Documents/Programming/iOS\ Programming\ Projects/RunMusic/RunMusic/Views/Canvas/RunCanvasView.swift /Users/ckubal/Documents/Programming/iOS\ Programming\ Projects/RunMusic/RunMusic/Views/RunCardStackView.swift /Users/ckubal/Documents/Programming/iOS\ Programming\ Projects/RunMusic/RunMusic/Views/RunCardView.swift /Users/ckubal/Library/Developer/Xcode/DerivedData/RunMusic-ehzzznpmcelkqvgvaslgdtzbrdcu/Build/Intermediates.noindex/RunMusic.build/Debug-iphonesimulator/RunMusic.build/DerivedSources/GeneratedAssetSymbols.swift (in target 'RunMusic' from project 'RunMusic')

SwiftCompile normal arm64 /Users/ckubal/Documents/Programming/iOS\ Programming\ Projects/RunMusic/RunMusic/RunMusicApp.swift (in target 'RunMusic' from project 'RunMusic')
    cd /Users/ckubal/Documents/Programming/iOS\ Programming\ Projects/RunMusic
    
@__swiftmacro_8RunMusic0022RunCardViewswift_tiAIefMX279_0_33_49B2E346955F9F2F6AFDD9FE8D1CD94ALl7PreviewfMf_.swift:19:21: warning: initialization of immutable value 'sampleRun' was never used; consider replacing with assignment to '_' or removing it
                let sampleRun = RunActivity(
                    ^
/Users/ckubal/Documents/Programming/iOS Programming Projects/RunMusic/RunMusic/Views/RunCardView.swift:280:1: note: in expansion of macro 'Preview' here
#Preview {
^~~~~~~~~~
/Users/ckubal/Documents/Programming/iOS Programming Projects/RunMusic/RunMusic/Views/RunCardView.swift:280:1: note: in expansion of macro 'Preview' here
#Preview {
^~~~~~~~~~

SwiftCompile normal arm64 /Users/ckubal/Documents/Programming/iOS\ Programming\ Projects/RunMusic/RunMusic/Models/CanvasAsset.swift (in target 'RunMusic' from project 'RunMusic')
    cd /Users/ckubal/Documents/Programming/iOS\ Programming\ Projects/RunMusic
    
/Users/ckubal/Documents/Programming/iOS Programming Projects/RunMusic/RunMusic/Models/CanvasAsset.swift:6:1: warning: extension declares a conformance of imported type 'Weight' to imported protocols 'Decodable', 'Encodable'; this will not behave correctly if the owners of 'SwiftUICore' introduce this conformance in the future
extension Font.Weight: Codable {
^
/Users/ckubal/Documents/Programming/iOS Programming Projects/RunMusic/RunMusic/Models/CanvasAsset.swift:6:1: note: add '@retroactive' to silence this warning
extension Font.Weight: Codable {
^
/Users/ckubal/Documents/Programming/iOS Programming Projects/RunMusic/RunMusic/Models/CanvasAsset.swift:64:1: warning: extension declares a conformance of imported type 'Color' to imported protocols 'Decodable', 'Encodable'; this will not behave correctly if the owners of 'SwiftUICore' introduce this conformance in the future
extension Color: Codable {
^
/Users/ckubal/Documents/Programming/iOS Programming Projects/RunMusic/RunMusic/Models/CanvasAsset.swift:64:1: note: add '@retroactive' to silence this warning
extension Color: Codable {
^
/Users/ckubal/Documents/Programming/iOS Programming Projects/RunMusic/RunMusic/Models/CanvasAsset.swift:277:25: warning: immutable value 'stats' was never used; consider replacing with '_' or removing it
        case .stats(let stats):
                    ~~~~^~~~~
                    _
@__swiftmacro_8RunMusic0022RunCardViewswift_tiAIefMX279_0_33_49B2E346955F9F2F6AFDD9FE8D1CD94ALl7PreviewfMf_.swift:19:21: warning: initialization of immutable value 'sampleRun' was never used; consider replacing with assignment to '_' or removing it
                let sampleRun = RunActivity(
                    ^
/Users/ckubal/Documents/Programming/iOS Programming Projects/RunMusic/RunMusic/Views/RunCardView.swift:280:1: note: in expansion of macro 'Preview' here
#Preview {
^~~~~~~~~~
/Users/ckubal/Documents/Programming/iOS Programming Projects/RunMusic/RunMusic/Views/RunCardView.swift:280:1: note: in expansion of macro 'Preview' here
#Preview {
^~~~~~~~~~

SwiftCompile normal arm64 /Users/ckubal/Documents/Programming/iOS\ Programming\ Projects/RunMusic/RunMusic/Views/Canvas/EnhancedAssetView.swift (in target 'RunMusic' from project 'RunMusic')
    cd /Users/ckubal/Documents/Programming/iOS\ Programming\ Projects/RunMusic
    
/Users/ckubal/Documents/Programming/iOS Programming Projects/RunMusic/RunMusic/Views/Canvas/EnhancedAssetView.swift:332:35: warning: immutable value 'imageURL' was never used; consider replacing with '_' or removing it
            if case .albumArt(let imageURL, let imageData, let albumName, let artistName) = asset.content {
                              ~~~~^~~~~~~~
                              _
/Users/ckubal/Documents/Programming/iOS Programming Projects/RunMusic/RunMusic/Views/Canvas/EnhancedAssetView.swift:332:79: warning: immutable value 'artistName' was never used; consider replacing with '_' or removing it
            if case .albumArt(let imageURL, let imageData, let albumName, let artistName) = asset.content {
                                                                          ~~~~^~~~~~~~~~
                                                                          _
@__swiftmacro_8RunMusic0022RunCardViewswift_tiAIefMX279_0_33_49B2E346955F9F2F6AFDD9FE8D1CD94ALl7PreviewfMf_.swift:19:21: warning: initialization of immutable value 'sampleRun' was never used; consider replacing with assignment to '_' or removing it
                let sampleRun = RunActivity(
                    ^
/Users/ckubal/Documents/Programming/iOS Programming Projects/RunMusic/RunMusic/Views/RunCardView.swift:280:1: note: in expansion of macro 'Preview' here
#Preview {
^~~~~~~~~~
/Users/ckubal/Documents/Programming/iOS Programming Projects/RunMusic/RunMusic/Views/RunCardView.swift:280:1: note: in expansion of macro 'Preview' here
#Preview {
^~~~~~~~~~

SwiftCompile normal arm64 /Users/ckubal/Documents/Programming/iOS\ Programming\ Projects/RunMusic/RunMusic/Views/Canvas/RunCanvasView.swift (in target 'RunMusic' from project 'RunMusic')
    cd /Users/ckubal/Documents/Programming/iOS\ Programming\ Projects/RunMusic
    
@__swiftmacro_8RunMusic0022RunCardViewswift_tiAIefMX279_0_33_49B2E346955F9F2F6AFDD9FE8D1CD94ALl7PreviewfMf_.swift:19:21: warning: initialization of immutable value 'sampleRun' was never used; consider replacing with assignment to '_' or removing it
                let sampleRun = RunActivity(
                    ^
/Users/ckubal/Documents/Programming/iOS Programming Projects/RunMusic/RunMusic/Views/RunCardView.swift:280:1: note: in expansion of macro 'Preview' here
#Preview {
^~~~~~~~~~
/Users/ckubal/Documents/Programming/iOS Programming Projects/RunMusic/RunMusic/Views/RunCardView.swift:280:1: note: in expansion of macro 'Preview' here
#Preview {
^~~~~~~~~~

SwiftCompile normal arm64 /Users/ckubal/Documents/Programming/iOS\ Programming\ Projects/RunMusic/RunMusic/Views/RunCardStackView.swift (in target 'RunMusic' from project 'RunMusic')
    cd /Users/ckubal/Documents/Programming/iOS\ Programming\ Projects/RunMusic
    
/Users/ckubal/Documents/Programming/iOS Programming Projects/RunMusic/RunMusic/Views/RunCardStackView.swift:345:17: warning: variable 'run' was never mutated; consider changing to 'let' constant
            var run = self.runs[runIndex]
            ~~~ ^
            let
/Users/ckubal/Documents/Programming/iOS Programming Projects/RunMusic/RunMusic/Views/RunCardStackView.swift:516:28: warning: value 'currentRun' was defined but never used; consider replacing with boolean test
                    if let currentRun = self.runs.first(where: { $0.id == runId }) ?? 
                       ~~~~^~~~~~~~~~~~~
                       (
/Users/ckubal/Documents/Programming/iOS Programming Projects/RunMusic/RunMusic/Views/RunCardStackView.swift:1103:14: warning: immutable value 'index' was never used; consider replacing with '_' or removing it
        for (index, var run) in runsSnapshot.enumerated() {
             ^~~~~
             _
/Users/ckubal/Documents/Programming/iOS Programming Projects/RunMusic/RunMusic/Views/RunCardStackView.swift:1103:25: warning: variable 'run' was never mutated; consider removing 'var' to make it constant
        for (index, var run) in runsSnapshot.enumerated() {
                    ~~~~^
                    
/Users/ckubal/Documents/Programming/iOS Programming Projects/RunMusic/RunMusic/Views/RunCardStackView.swift:1135:21: warning: initialization of immutable value 'expandedEndTime' was never used; consider replacing with assignment to '_' or removing it
                let expandedEndTime = run.date.addingTimeInterval(run.elapsedTime + 24 * 60 * 60)  // 1 day after
                ~~~~^~~~~~~~~~~~~~~
                _
/Users/ckubal/Documents/Programming/iOS Programming Projects/RunMusic/RunMusic/Views/RunCardStackView.swift:1125:21: warning: no 'async' operations occur within 'await' expression
                    await updateRunBackground(runId: run.id, photoBackground: photoBackground)
                    ^
/Users/ckubal/Documents/Programming/iOS Programming Projects/RunMusic/RunMusic/Views/RunCardStackView.swift:1150:25: warning: no 'async' operations occur within 'await' expression
                        await updateRunBackground(runId: run.id, photoBackground: photoBackground)
                        ^
/Users/ckubal/Documents/Programming/iOS Programming Projects/RunMusic/RunMusic/Views/RunCardStackView.swift:1171:25: warning: no 'async' operations occur within 'await' expression
                        await updateRunBackground(runId: run.id, photoBackground: photoBackground)
                        ^
/Users/ckubal/Documents/Programming/iOS Programming Projects/RunMusic/RunMusic/Views/RunCardStackView.swift:1179:21: warning: no 'async' operations occur within 'await' expression
                    await updateRunBackground(runId: run.id, photoBackground: defaultBackground)
                    ^
/Users/ckubal/Documents/Programming/iOS Programming Projects/RunMusic/RunMusic/Views/RunCardStackView.swift:1363:11: warning: 'catch' block is unreachable because no errors are thrown in 'do' block
        } catch {
          ^
/Users/ckubal/Documents/Programming/iOS Programming Projects/RunMusic/RunMusic/Views/RunCardStackView.swift:1798:11: warning: 'catch' block is unreachable because no errors are thrown in 'do' block
        } catch {
          ^
/Users/ckubal/Documents/Programming/iOS Programming Projects/RunMusic/RunMusic/Views/RunCardStackView.swift:2194:79: warning: immutable value 'artistName' was never used; consider replacing with '_' or removing it
            if case .albumArt(let imageURL, let imageData, let albumName, let artistName) = asset.content {
                                                                          ~~~~^~~~~~~~~~
                                                                          _
@__swiftmacro_8RunMusic0022RunCardViewswift_tiAIefMX279_0_33_49B2E346955F9F2F6AFDD9FE8D1CD94ALl7PreviewfMf_.swift:19:21: warning: initialization of immutable value 'sampleRun' was never used; consider replacing with assignment to '_' or removing it
                let sampleRun = RunActivity(
                    ^
/Users/ckubal/Documents/Programming/iOS Programming Projects/RunMusic/RunMusic/Views/RunCardView.swift:280:1: note: in expansion of macro 'Preview' here
#Preview {
^~~~~~~~~~
/Users/ckubal/Documents/Programming/iOS Programming Projects/RunMusic/RunMusic/Views/RunCardView.swift:280:1: note: in expansion of macro 'Preview' here
#Preview {
^~~~~~~~~~

SwiftCompile normal arm64 /Users/ckubal/Documents/Programming/iOS\ Programming\ Projects/RunMusic/RunMusic/Views/RunCardView.swift (in target 'RunMusic' from project 'RunMusic')
    cd /Users/ckubal/Documents/Programming/iOS\ Programming\ Projects/RunMusic
    
@__swiftmacro_8RunMusic0022RunCardViewswift_tiAIefMX279_0_33_49B2E346955F9F2F6AFDD9FE8D1CD94ALl7PreviewfMf_.swift:19:21: warning: initialization of immutable value 'sampleRun' was never used; consider replacing with assignment to '_' or removing it
                let sampleRun = RunActivity(
                    ^
/Users/ckubal/Documents/Programming/iOS Programming Projects/RunMusic/RunMusic/Views/RunCardView.swift:280:1: note: in expansion of macro 'Preview' here
#Preview {
^~~~~~~~~~
/Users/ckubal/Documents/Programming/iOS Programming Projects/RunMusic/RunMusic/Views/RunCardView.swift:280:1: note: in expansion of macro 'Preview' here
#Preview {
^~~~~~~~~~

SwiftCompile normal arm64 /Users/ckubal/Library/Developer/Xcode/DerivedData/RunMusic-ehzzznpmcelkqvgvaslgdtzbrdcu/Build/Intermediates.noindex/RunMusic.build/Debug-iphonesimulator/RunMusic.build/DerivedSources/GeneratedAssetSymbols.swift (in target 'RunMusic' from project 'RunMusic')
    cd /Users/ckubal/Documents/Programming/iOS\ Programming\ Projects/RunMusic
    
@__swiftmacro_8RunMusic0022RunCardViewswift_tiAIefMX279_0_33_49B2E346955F9F2F6AFDD9FE8D1CD94ALl7PreviewfMf_.swift:19:21: warning: initialization of immutable value 'sampleRun' was never used; consider replacing with assignment to '_' or removing it
                let sampleRun = RunActivity(
                    ^
/Users/ckubal/Documents/Programming/iOS Programming Projects/RunMusic/RunMusic/Views/RunCardView.swift:280:1: note: in expansion of macro 'Preview' here
#Preview {
^~~~~~~~~~
/Users/ckubal/Documents/Programming/iOS Programming Projects/RunMusic/RunMusic/Views/RunCardView.swift:280:1: note: in expansion of macro 'Preview' here
#Preview {
^~~~~~~~~~

SwiftCompile normal arm64 Compiling\ ShareableTrackRow.swift,\ LottieRunnerLoader.swift,\ WeatherService.swift,\ SpotifyImportProgressView.swift,\ RunCacheService.swift,\ ShareableCardView.swift,\ InteractivePowerSongView.swift /Users/ckubal/Documents/Programming/iOS\ Programming\ Projects/RunMusic/RunMusic/Views/Components/ShareableTrackRow.swift /Users/ckubal/Documents/Programming/iOS\ Programming\ Projects/RunMusic/RunMusic/Views/Components/LottieRunnerLoader.swift /Users/ckubal/Documents/Programming/iOS\ Programming\ Projects/RunMusic/RunMusic/Services/WeatherService.swift /Users/ckubal/Documents/Programming/iOS\ Programming\ Projects/RunMusic/RunMusic/Views/Components/SpotifyImportProgressView.swift /Users/ckubal/Documents/Programming/iOS\ Programming\ Projects/RunMusic/RunMusic/Services/RunCacheService.swift /Users/ckubal/Documents/Programming/iOS\ Programming\ Projects/RunMusic/RunMusic/Views/ShareableCardView.swift /Users/ckubal/Documents/Programming/iOS\ Programming\ Projects/RunMusic/RunMusic/Views/Components/InteractivePowerSongView.swift (in target 'RunMusic' from project 'RunMusic')

SwiftCompile normal arm64 /Users/ckubal/Documents/Programming/iOS\ Programming\ Projects/RunMusic/RunMusic/Views/Components/ShareableTrackRow.swift (in target 'RunMusic' from project 'RunMusic')
    cd /Users/ckubal/Documents/Programming/iOS\ Programming\ Projects/RunMusic
    

SwiftCompile normal arm64 /Users/ckubal/Documents/Programming/iOS\ Programming\ Projects/RunMusic/RunMusic/Views/Components/LottieRunnerLoader.swift (in target 'RunMusic' from project 'RunMusic')
    cd /Users/ckubal/Documents/Programming/iOS\ Programming\ Projects/RunMusic
    

SwiftCompile normal arm64 /Users/ckubal/Documents/Programming/iOS\ Programming\ Projects/RunMusic/RunMusic/Services/WeatherService.swift (in target 'RunMusic' from project 'RunMusic')
    cd /Users/ckubal/Documents/Programming/iOS\ Programming\ Projects/RunMusic
    

SwiftCompile normal arm64 /Users/ckubal/Documents/Programming/iOS\ Programming\ Projects/RunMusic/RunMusic/Views/Components/SpotifyImportProgressView.swift (in target 'RunMusic' from project 'RunMusic')
    cd /Users/ckubal/Documents/Programming/iOS\ Programming\ Projects/RunMusic
    

SwiftCompile normal arm64 /Users/ckubal/Documents/Programming/iOS\ Programming\ Projects/RunMusic/RunMusic/Services/RunCacheService.swift (in target 'RunMusic' from project 'RunMusic')
    cd /Users/ckubal/Documents/Programming/iOS\ Programming\ Projects/RunMusic
    
/Users/ckubal/Documents/Programming/iOS Programming Projects/RunMusic/RunMusic/Services/RunCacheService.swift:86:19: warning: value 'userId' was defined but never used; consider replacing with boolean test
        guard let userId = Auth.auth().currentUser?.uid else {
              ~~~~^~~~~~~~~
              (                                        ) != nil

SwiftCompile normal arm64 /Users/ckubal/Documents/Programming/iOS\ Programming\ Projects/RunMusic/RunMusic/Views/ShareableCardView.swift (in target 'RunMusic' from project 'RunMusic')
    cd /Users/ckubal/Documents/Programming/iOS\ Programming\ Projects/RunMusic
    

SwiftCompile normal arm64 /Users/ckubal/Documents/Programming/iOS\ Programming\ Projects/RunMusic/RunMusic/Views/Components/InteractivePowerSongView.swift (in target 'RunMusic' from project 'RunMusic')
    cd /Users/ckubal/Documents/Programming/iOS\ Programming\ Projects/RunMusic
    

SwiftCompile normal arm64 Compiling\ InteractiveShareableCardView.swift,\ PhotoService.swift,\ RunningManLoader.swift,\ AnimatedShareableCardView.swift,\ UserPreferences.swift,\ RoutePathView.swift,\ SettingsView.swift /Users/ckubal/Documents/Programming/iOS\ Programming\ Projects/RunMusic/RunMusic/Views/InteractiveShareableCardView.swift /Users/ckubal/Documents/Programming/iOS\ Programming\ Projects/RunMusic/RunMusic/Services/PhotoService.swift /Users/ckubal/Documents/Programming/iOS\ Programming\ Projects/RunMusic/RunMusic/Views/Components/RunningManLoader.swift /Users/ckubal/Documents/Programming/iOS\ Programming\ Projects/RunMusic/RunMusic/Views/Components/AnimatedShareableCardView.swift /Users/ckubal/Documents/Programming/iOS\ Programming\ Projects/RunMusic/RunMusic/Services/UserPreferences.swift /Users/ckubal/Documents/Programming/iOS\ Programming\ Projects/RunMusic/RunMusic/Views/RoutePathView.swift /Users/ckubal/Documents/Programming/iOS\ Programming\ Projects/RunMusic/RunMusic/Views/SettingsView.swift (in target 'RunMusic' from project 'RunMusic')

SwiftCompile normal arm64 /Users/ckubal/Documents/Programming/iOS\ Programming\ Projects/RunMusic/RunMusic/Views/InteractiveShareableCardView.swift (in target 'RunMusic' from project 'RunMusic')
    cd /Users/ckubal/Documents/Programming/iOS\ Programming\ Projects/RunMusic
    

SwiftCompile normal arm64 /Users/ckubal/Documents/Programming/iOS\ Programming\ Projects/RunMusic/RunMusic/Services/PhotoService.swift (in target 'RunMusic' from project 'RunMusic')
    cd /Users/ckubal/Documents/Programming/iOS\ Programming\ Projects/RunMusic
    
/Users/ckubal/Documents/Programming/iOS Programming Projects/RunMusic/RunMusic/Services/PhotoService.swift:163:36: warning: reference to captured var 'allAssets' in concurrently-executing code; this is an error in the Swift 6 language mode
            self.availablePhotos = allAssets
                                   ^

SwiftCompile normal arm64 /Users/ckubal/Documents/Programming/iOS\ Programming\ Projects/RunMusic/RunMusic/Views/Components/RunningManLoader.swift (in target 'RunMusic' from project 'RunMusic')
    cd /Users/ckubal/Documents/Programming/iOS\ Programming\ Projects/RunMusic
    

SwiftCompile normal arm64 /Users/ckubal/Documents/Programming/iOS\ Programming\ Projects/RunMusic/RunMusic/Views/Components/AnimatedShareableCardView.swift (in target 'RunMusic' from project 'RunMusic')
    cd /Users/ckubal/Documents/Programming/iOS\ Programming\ Projects/RunMusic
    

SwiftCompile normal arm64 /Users/ckubal/Documents/Programming/iOS\ Programming\ Projects/RunMusic/RunMusic/Services/UserPreferences.swift (in target 'RunMusic' from project 'RunMusic')
    cd /Users/ckubal/Documents/Programming/iOS\ Programming\ Projects/RunMusic
    

SwiftCompile normal arm64 /Users/ckubal/Documents/Programming/iOS\ Programming\ Projects/RunMusic/RunMusic/Views/RoutePathView.swift (in target 'RunMusic' from project 'RunMusic')
    cd /Users/ckubal/Documents/Programming/iOS\ Programming\ Projects/RunMusic
    

SwiftCompile normal arm64 /Users/ckubal/Documents/Programming/iOS\ Programming\ Projects/RunMusic/RunMusic/Views/SettingsView.swift (in target 'RunMusic' from project 'RunMusic')
    cd /Users/ckubal/Documents/Programming/iOS\ Programming\ Projects/RunMusic
    

SwiftDriverJobDiscovery normal arm64 Emitting module for RunMusic (in target 'RunMusic' from project 'RunMusic')

SwiftDriver\ Compilation\ Requirements RunMusic normal arm64 com.apple.xcode.tools.swift.compiler (in target 'RunMusic' from project 'RunMusic')
    cd /Users/ckubal/Documents/Programming/iOS\ Programming\ Projects/RunMusic
    builtin-Swift-Compilation-Requirements -- /Applications/Xcode.app/Contents/Developer/Toolchains/XcodeDefault.xctoolchain/usr/bin/swiftc -module-name RunMusic -Onone -enforce-exclusivity\=checked @/Users/ckubal/Library/Developer/Xcode/DerivedData/RunMusic-ehzzznpmcelkqvgvaslgdtzbrdcu/Build/Intermediates.noindex/RunMusic.build/Debug-iphonesimulator/RunMusic.build/Objects-normal/arm64/RunMusic.SwiftFileList -DDEBUG -Xcc -fmodule-map-file\=/Users/ckubal/Library/Developer/Xcode/DerivedData/RunMusic-ehzzznpmcelkqvgvaslgdtzbrdcu/Build/Intermediates.noindex/GeneratedModuleMaps-iphonesimulator/AppAuth.modulemap -Xcc -fmodule-map-file\=/Users/ckubal/Library/Developer/Xcode/DerivedData/RunMusic-ehzzznpmcelkqvgvaslgdtzbrdcu/Build/Intermediates.noindex/GeneratedModuleMaps-iphonesimulator/AppAuthCore.modulemap -Xcc -fmodule-map-file\=/Users/ckubal/Library/Developer/Xcode/DerivedData/RunMusic-ehzzznpmcelkqvgvaslgdtzbrdcu/Build/Intermediates.noindex/GeneratedModuleMaps-iphonesimulator/GoogleSignIn.modulemap -Xcc -fmodule-map-file\=/Users/ckubal/Library/Developer/Xcode/DerivedData/RunMusic-ehzzznpmcelkqvgvaslgdtzbrdcu/Build/Intermediates.noindex/GeneratedModuleMaps-iphonesimulator/abslWrapper.modulemap -Xcc -fmodule-map-file\=/Users/ckubal/Library/Developer/Xcode/DerivedData/RunMusic-ehzzznpmcelkqvgvaslgdtzbrdcu/Build/Intermediates.noindex/GeneratedModuleMaps-iphonesimulator/opensslWrapper.modulemap -Xcc -fmodule-map-file\=/Users/ckubal/Library/Developer/Xcode/DerivedData/RunMusic-ehzzznpmcelkqvgvaslgdtzbrdcu/Build/Intermediates.noindex/GeneratedModuleMaps-iphonesimulator/grpcWrapper.modulemap -Xcc -fmodule-map-file\=/Users/ckubal/Library/Developer/Xcode/DerivedData/RunMusic-ehzzznpmcelkqvgvaslgdtzbrdcu/Build/Intermediates.noindex/GeneratedModuleMaps-iphonesimulator/grpcppWrapper.modulemap -Xcc -fmodule-map-file\=/Users/ckubal/Library/Developer/Xcode/DerivedData/RunMusic-ehzzznpmcelkqvgvaslgdtzbrdcu/Build/Intermediates.noindex/GeneratedModuleMaps-iphonesimulator/nanopb.modulemap -Xcc -fmodule-map-file\=/Users/ckubal/Library/Developer/Xcode/DerivedData/RunMusic-ehzzznpmcelkqvgvaslgdtzbrdcu/Build/Intermediates.noindex/GeneratedModuleMaps-iphonesimulator/leveldb.modulemap -Xcc -fmodule-map-file\=/Users/ckubal/Library/Developer/Xcode/DerivedData/RunMusic-ehzzznpmcelkqvgvaslgdtzbrdcu/Build/Intermediates.noindex/GeneratedModuleMaps-iphonesimulator/FirebaseFirestoreInternalWrapper.modulemap -Xcc -fmodule-map-file\=/Users/ckubal/Library/Developer/Xcode/DerivedData/RunMusic-ehzzznpmcelkqvgvaslgdtzbrdcu/Build/Intermediates.noindex/GeneratedModuleMaps-iphonesimulator/FirebaseFirestoreTarget.modulemap -Xcc -fmodule-map-file\=/Users/ckubal/Library/Developer/Xcode/DerivedData/RunMusic-ehzzznpmcelkqvgvaslgdtzbrdcu/Build/Intermediates.noindex/GeneratedModuleMaps-iphonesimulator/GoogleUtilities-Network.modulemap -Xcc -fmodule-map-file\=/Users/ckubal/Library/Developer/Xcode/DerivedData/RunMusic-ehzzznpmcelkqvgvaslgdtzbrdcu/Build/Intermediates.noindex/GeneratedModuleMaps-iphonesimulator/GoogleUtilities-Reachability.modulemap -Xcc -fmodule-map-file\=/Users/ckubal/Library/Developer/Xcode/DerivedData/RunMusic-ehzzznpmcelkqvgvaslgdtzbrdcu/Build/Intermediates.noindex/GeneratedModuleMaps-iphonesimulator/GoogleUtilities-AppDelegateSwizzler.modulemap -Xcc -fmodule-map-file\=/Users/ckubal/Library/Developer/Xcode/DerivedData/RunMusic-ehzzznpmcelkqvgvaslgdtzbrdcu/Build/Intermediates.noindex/GeneratedModuleMaps-iphonesimulator/RecaptchaInterop.modulemap -Xcc -fmodule-map-file\=/Users/ckubal/Library/Developer/Xcode/DerivedData/RunMusic-ehzzznpmcelkqvgvaslgdtzbrdcu/Build/Intermediates.noindex/GeneratedModuleMaps-iphonesimulator/FirebaseAuth.modulemap -Xcc -fmodule-map-file\=/Users/ckubal/Library/Developer/Xcode/DerivedData/RunMusic-ehzzznpmcelkqvgvaslgdtzbrdcu/Build/Intermediates.noindex/GeneratedModuleMaps-iphonesimulator/GoogleUtilities-NSData.modulemap -Xcc -fmodule-map-file\=/Users/ckubal/Library/Developer/Xcode/DerivedData/RunMusic-ehzzznpmcelkqvgvaslgdtzbrdcu/Build/Intermediates.noindex/GeneratedModuleMaps-iphonesimulator/GoogleUtilities-Environment.modulemap -Xcc -fmodule-map-file\=/Users/ckubal/Library/Developer/Xcode/DerivedData/RunMusic-ehzzznpmcelkqvgvaslgdtzbrdcu/Build/Intermediates.noindex/GeneratedModuleMaps-iphonesimulator/third-party-IsAppEncrypted.modulemap -Xcc -fmodule-map-file\=/Users/ckubal/Library/Developer/Xcode/DerivedData/RunMusic-ehzzznpmcelkqvgvaslgdtzbrdcu/Build/Intermediates.noindex/GeneratedModuleMaps-iphonesimulator/GoogleUtilities-Logger.modulemap -Xcc -fmodule-map-file\=/Users/ckubal/Library/Developer/Xcode/DerivedData/RunMusic-ehzzznpmcelkqvgvaslgdtzbrdcu/Build/Intermediates.noindex/GeneratedModuleMaps-iphonesimulator/GTMSessionFetcherCore.modulemap -Xcc -fmodule-map-file\=/Users/ckubal/Library/Developer/Xcode/DerivedData/RunMusic-ehzzznpmcelkqvgvaslgdtzbrdcu/Build/Intermediates.noindex/GeneratedModuleMaps-iphonesimulator/FirebaseMessagingInterop.modulemap -Xcc -fmodule-map-file\=/Users/ckubal/Library/Developer/Xcode/DerivedData/RunMusic-ehzzznpmcelkqvgvaslgdtzbrdcu/Build/Intermediates.noindex/GeneratedModuleMaps-iphonesimulator/FirebaseCoreExtension.modulemap -Xcc -fmodule-map-file\=/Users/ckubal/Library/Developer/Xcode/DerivedData/RunMusic-ehzzznpmcelkqvgvaslgdtzbrdcu/Build/Intermediates.noindex/GeneratedModuleMaps-iphonesimulator/FirebaseCore.modulemap -Xcc -fmodule-map-file\=/Users/ckubal/Library/Developer/Xcode/DerivedData/RunMusic-ehzzznpmcelkqvgvaslgdtzbrdcu/Build/Intermediates.noindex/GeneratedModuleMaps-iphonesimulator/FirebaseAuthInterop.modulemap -Xcc -fmodule-map-file\=/Users/ckubal/Library/Developer/Xcode/DerivedData/RunMusic-ehzzznpmcelkqvgvaslgdtzbrdcu/Build/Intermediates.noindex/GeneratedModuleMaps-iphonesimulator/FirebaseAppCheckInterop.modulemap -enable-bare-slash-regex -enable-experimental-feature DebugDescriptionMacro -sdk /Applications/Xcode.app/Contents/Developer/Platforms/iPhoneSimulator.platform/Developer/SDKs/iPhoneSimulator26.0.sdk -target arm64-apple-ios17.6-simulator -g -module-cache-path /Users/ckubal/Library/Developer/Xcode/DerivedData/ModuleCache.noindex -Xfrontend -serialize-debugging-options -enable-testing -index-store-path /Users/ckubal/Library/Developer/Xcode/DerivedData/RunMusic-ehzzznpmcelkqvgvaslgdtzbrdcu/Index.noindex/DataStore -Xcc -D_LIBCPP_HARDENING_MODE\=_LIBCPP_HARDENING_MODE_DEBUG -swift-version 5 -I /Users/ckubal/Library/Developer/Xcode/DerivedData/RunMusic-ehzzznpmcelkqvgvaslgdtzbrdcu/Build/Products/Debug-iphonesimulator -F /Users/ckubal/Library/Developer/Xcode/DerivedData/RunMusic-ehzzznpmcelkqvgvaslgdtzbrdcu/Build/Products/Debug-iphonesimulator/PackageFrameworks -F /Users/ckubal/Library/Developer/Xcode/DerivedData/RunMusic-ehzzznpmcelkqvgvaslgdtzbrdcu/Build/Products/Debug-iphonesimulator/PackageFrameworks -F /Users/ckubal/Library/Developer/Xcode/DerivedData/RunMusic-ehzzznpmcelkqvgvaslgdtzbrdcu/Build/Products/Debug-iphonesimulator/PackageFrameworks -F /Users/ckubal/Library/Developer/Xcode/DerivedData/RunMusic-ehzzznpmcelkqvgvaslgdtzbrdcu/Build/Products/Debug-iphonesimulator/PackageFrameworks -F /Users/ckubal/Library/Developer/Xcode/DerivedData/RunMusic-ehzzznpmcelkqvgvaslgdtzbrdcu/Build/Products/Debug-iphonesimulator/PackageFrameworks -F /Users/ckubal/Library/Developer/Xcode/DerivedData/RunMusic-ehzzznpmcelkqvgvaslgdtzbrdcu/Build/Products/Debug-iphonesimulator/PackageFrameworks -F /Users/ckubal/Library/Developer/Xcode/DerivedData/RunMusic-ehzzznpmcelkqvgvaslgdtzbrdcu/Build/Products/Debug-iphonesimulator/PackageFrameworks -F /Users/ckubal/Library/Developer/Xcode/DerivedData/RunMusic-ehzzznpmcelkqvgvaslgdtzbrdcu/Build/Products/Debug-iphonesimulator/PackageFrameworks -F /Users/ckubal/Library/Developer/Xcode/DerivedData/RunMusic-ehzzznpmcelkqvgvaslgdtzbrdcu/Build/Products/Debug-iphonesimulator/PackageFrameworks -F /Users/ckubal/Library/Developer/Xcode/DerivedData/RunMusic-ehzzznpmcelkqvgvaslgdtzbrdcu/Build/Products/Debug-iphonesimulator/PackageFrameworks -F /Users/ckubal/Library/Developer/Xcode/DerivedData/RunMusic-ehzzznpmcelkqvgvaslgdtzbrdcu/Build/Products/Debug-iphonesimulator/PackageFrameworks -F /Users/ckubal/Library/Developer/Xcode/DerivedData/RunMusic-ehzzznpmcelkqvgvaslgdtzbrdcu/Build/Products/Debug-iphonesimulator/PackageFrameworks -F /Users/ckubal/Library/Developer/Xcode/DerivedData/RunMusic-ehzzznpmcelkqvgvaslgdtzbrdcu/Build/Products/Debug-iphonesimulator/PackageFrameworks -F /Users/ckubal/Library/Developer/Xcode/DerivedData/RunMusic-ehzzznpmcelkqvgvaslgdtzbrdcu/Build/Products/Debug-iphonesimulator/PackageFrameworks -F /Users/ckubal/Library/Developer/Xcode/DerivedData/RunMusic-ehzzznpmcelkqvgvaslgdtzbrdcu/Build/Products/Debug-iphonesimulator/PackageFrameworks -F /Users/ckubal/Library/Developer/Xcode/DerivedData/RunMusic-ehzzznpmcelkqvgvaslgdtzbrdcu/Build/Products/Debug-iphonesimulator/PackageFrameworks -F /Users/ckubal/Library/Developer/Xcode/DerivedData/RunMusic-ehzzznpmcelkqvgvaslgdtzbrdcu/Build/Products/Debug-iphonesimulator/PackageFrameworks -F /Users/ckubal/Library/Developer/Xcode/DerivedData/RunMusic-ehzzznpmcelkqvgvaslgdtzbrdcu/Build/Products/Debug-iphonesimulator/PackageFrameworks -F /Users/ckubal/Library/Developer/Xcode/DerivedData/RunMusic-ehzzznpmcelkqvgvaslgdtzbrdcu/Build/Products/Debug-iphonesimulator/PackageFrameworks -F /Users/ckubal/Library/Developer/Xcode/DerivedData/RunMusic-ehzzznpmcelkqvgvaslgdtzbrdcu/Build/Products/Debug-iphonesimulator/PackageFrameworks -F /Users/ckubal/Library/Developer/Xcode/DerivedData/RunMusic-ehzzznpmcelkqvgvaslgdtzbrdcu/Build/Products/Debug-iphonesimulator/PackageFrameworks -F /Users/ckubal/Library/Developer/Xcode/DerivedData/RunMusic-ehzzznpmcelkqvgvaslgdtzbrdcu/Build/Products/Debug-iphonesimulator/PackageFrameworks -F /Users/ckubal/Library/Developer/Xcode/DerivedData/RunMusic-ehzzznpmcelkqvgvaslgdtzbrdcu/Build/Products/Debug-iphonesimulator/PackageFrameworks -F /Users/ckubal/Library/Developer/Xcode/DerivedData/RunMusic-ehzzznpmcelkqvgvaslgdtzbrdcu/Build/Products/Debug-iphonesimulator/PackageFrameworks -F /Users/ckubal/Library/Developer/Xcode/DerivedData/RunMusic-ehzzznpmcelkqvgvaslgdtzbrdcu/Build/Products/Debug-iphonesimulator/PackageFrameworks -F /Users/ckubal/Library/Developer/Xcode/DerivedData/RunMusic-ehzzznpmcelkqvgvaslgdtzbrdcu/Build/Products/Debug-iphonesimulator/PackageFrameworks -F /Users/ckubal/Library/Developer/Xcode/DerivedData/RunMusic-ehzzznpmcelkqvgvaslgdtzbrdcu/Build/Products/Debug-iphonesimulator/PackageFrameworks -F /Users/ckubal/Library/Developer/Xcode/DerivedData/RunMusic-ehzzznpmcelkqvgvaslgdtzbrdcu/Build/Products/Debug-iphonesimulator/PackageFrameworks -F /Users/ckubal/Library/Developer/Xcode/DerivedData/RunMusic-ehzzznpmcelkqvgvaslgdtzbrdcu/Build/Products/Debug-iphonesimulator/PackageFrameworks -F /Users/ckubal/Library/Developer/Xcode/DerivedData/RunMusic-ehzzznpmcelkqvgvaslgdtzbrdcu/Build/Products/Debug-iphonesimulator/PackageFrameworks -F /Users/ckubal/Library/Developer/Xcode/DerivedData/RunMusic-ehzzznpmcelkqvgvaslgdtzbrdcu/Build/Products/Debug-iphonesimulator/PackageFrameworks -F /Users/ckubal/Library/Developer/Xcode/DerivedData/RunMusic-ehzzznpmcelkqvgvaslgdtzbrdcu/Build/Products/Debug-iphonesimulator/PackageFrameworks -F /Users/ckubal/Library/Developer/Xcode/DerivedData/RunMusic-ehzzznpmcelkqvgvaslgdtzbrdcu/Build/Products/Debug-iphonesimulator/PackageFrameworks -F /Users/ckubal/Library/Developer/Xcode/DerivedData/RunMusic-ehzzznpmcelkqvgvaslgdtzbrdcu/Build/Products/Debug-iphonesimulator/PackageFrameworks -F /Users/ckubal/Library/Developer/Xcode/DerivedData/RunMusic-ehzzznpmcelkqvgvaslgdtzbrdcu/Build/Products/Debug-iphonesimulator -emit-localized-strings -emit-localized-strings-path /Users/ckubal/Library/Developer/Xcode/DerivedData/RunMusic-ehzzznpmcelkqvgvaslgdtzbrdcu/Build/Intermediates.noindex/RunMusic.build/Debug-iphonesimulator/RunMusic.build/Objects-normal/arm64 -c -j10 -enable-batch-mode -incremental -Xcc -ivfsstatcache -Xcc /Users/ckubal/Library/Developer/Xcode/DerivedData/SDKStatCaches.noindex/iphonesimulator26.0-23A339-26257891a6c027eb51374368541b8346.sdkstatcache -output-file-map /Users/ckubal/Library/Developer/Xcode/DerivedData/RunMusic-ehzzznpmcelkqvgvaslgdtzbrdcu/Build/Intermediates.noindex/RunMusic.build/Debug-iphonesimulator/RunMusic.build/Objects-normal/arm64/RunMusic-OutputFileMap.json -use-frontend-parseable-output -save-temps -no-color-diagnostics -explicit-module-build -module-cache-path /Users/ckubal/Library/Developer/Xcode/DerivedData/RunMusic-ehzzznpmcelkqvgvaslgdtzbrdcu/Build/Intermediates.noindex/SwiftExplicitPrecompiledModules -clang-scanner-module-cache-path /Users/ckubal/Library/Developer/Xcode/DerivedData/ModuleCache.noindex -sdk-module-cache-path /Users/ckubal/Library/Developer/Xcode/DerivedData/ModuleCache.noindex -serialize-diagnostics -emit-dependencies -emit-module -emit-module-path /Users/ckubal/Library/Developer/Xcode/DerivedData/RunMusic-ehzzznpmcelkqvgvaslgdtzbrdcu/Build/Intermediates.noindex/RunMusic.build/Debug-iphonesimulator/RunMusic.build/Objects-normal/arm64/RunMusic.swiftmodule -validate-clang-modules-once -clang-build-session-file /Users/ckubal/Library/Developer/Xcode/DerivedData/ModuleCache.noindex/Session.modulevalidation -Xcc -I/Users/ckubal/Library/Developer/Xcode/DerivedData/RunMusic-ehzzznpmcelkqvgvaslgdtzbrdcu/Build/Intermediates.noindex/RunMusic.build/Debug-iphonesimulator/RunMusic.build/swift-overrides.hmap -emit-const-values -Xfrontend -const-gather-protocols-file -Xfrontend /Users/ckubal/Library/Developer/Xcode/DerivedData/RunMusic-ehzzznpmcelkqvgvaslgdtzbrdcu/Build/Intermediates.noindex/RunMusic.build/Debug-iphonesimulator/RunMusic.build/Objects-normal/arm64/RunMusic_const_extract_protocols.json -Xcc -iquote -Xcc /Users/ckubal/Library/Developer/Xcode/DerivedData/RunMusic-ehzzznpmcelkqvgvaslgdtzbrdcu/Build/Intermediates.noindex/RunMusic.build/Debug-iphonesimulator/RunMusic.build/RunMusic-generated-files.hmap -Xcc -I/Users/ckubal/Library/Developer/Xcode/DerivedData/RunMusic-ehzzznpmcelkqvgvaslgdtzbrdcu/Build/Intermediates.noindex/RunMusic.build/Debug-iphonesimulator/RunMusic.build/RunMusic-own-target-headers.hmap -Xcc -I/Users/ckubal/Library/Developer/Xcode/DerivedData/RunMusic-ehzzznpmcelkqvgvaslgdtzbrdcu/Build/Intermediates.noindex/RunMusic.build/Debug-iphonesimulator/RunMusic.build/RunMusic-all-non-framework-target-headers.hmap -Xcc -ivfsoverlay -Xcc /Users/ckubal/Library/Developer/Xcode/DerivedData/RunMusic-ehzzznpmcelkqvgvaslgdtzbrdcu/Build/Intermediates.noindex/RunMusic.build/Debug-iphonesimulator/RunMusic-9ea393dc3db56d2d01f40a6dd024fcf3-VFS-iphonesimulator/all-product-headers.yaml -Xcc -iquote -Xcc /Users/ckubal/Library/Developer/Xcode/DerivedData/RunMusic-ehzzznpmcelkqvgvaslgdtzbrdcu/Build/Intermediates.noindex/RunMusic.build/Debug-iphonesimulator/RunMusic.build/RunMusic-project-headers.hmap -Xcc -I/Users/ckubal/Library/Developer/Xcode/DerivedData/RunMusic-ehzzznpmcelkqvgvaslgdtzbrdcu/SourcePackages/checkouts/AppAuth-iOS/Sources/AppAuth -Xcc -I/Users/ckubal/Library/Developer/Xcode/DerivedData/RunMusic-ehzzznpmcelkqvgvaslgdtzbrdcu/SourcePackages/checkouts/AppAuth-iOS/Sources/AppAuthCore -Xcc -I/Users/ckubal/Library/Developer/Xcode/DerivedData/RunMusic-ehzzznpmcelkqvgvaslgdtzbrdcu/SourcePackages/checkouts/GoogleSignIn-iOS/GoogleSignIn/Sources/Public -Xcc -I/Users/ckubal/Library/Developer/Xcode/DerivedData/RunMusic-ehzzznpmcelkqvgvaslgdtzbrdcu/SourcePackages/checkouts/abseil-cpp-binary/absl-Wrapper/include -Xcc -I/Users/ckubal/Library/Developer/Xcode/DerivedData/RunMusic-ehzzznpmcelkqvgvaslgdtzbrdcu/SourcePackages/checkouts/grpc-binary/openssl-grpc-Wrapper/include -Xcc -I/Users/ckubal/Library/Developer/Xcode/DerivedData/RunMusic-ehzzznpmcelkqvgvaslgdtzbrdcu/SourcePackages/checkouts/grpc-binary/grpc-Wrapper/include -Xcc -I/Users/ckubal/Library/Developer/Xcode/DerivedData/RunMusic-ehzzznpmcelkqvgvaslgdtzbrdcu/SourcePackages/checkouts/grpc-binary/grpcpp-Wrapper/include -Xcc -I/Users/ckubal/Library/Developer/Xcode/DerivedData/RunMusic-ehzzznpmcelkqvgvaslgdtzbrdcu/SourcePackages/checkouts/nanopb/spm_headers -Xcc -I/Users/ckubal/Library/Developer/Xcode/DerivedData/RunMusic-ehzzznpmcelkqvgvaslgdtzbrdcu/SourcePackages/checkouts/leveldb/include -Xcc -I/Users/ckubal/Library/Developer/Xcode/DerivedData/RunMusic-ehzzznpmcelkqvgvaslgdtzbrdcu/SourcePackages/checkouts/firebase-ios-sdk/FirebaseFirestoreInternal -Xcc -I/Users/ckubal/Library/Developer/Xcode/DerivedData/RunMusic-ehzzznpmcelkqvgvaslgdtzbrdcu/SourcePackages/checkouts/firebase-ios-sdk/SwiftPM-PlatformExclude/FirebaseFirestoreWrap/include -Xcc -I/Users/ckubal/Library/Developer/Xcode/DerivedData/RunMusic-ehzzznpmcelkqvgvaslgdtzbrdcu/SourcePackages/checkouts/GoogleUtilities/GoogleUtilities/Network/Public -Xcc -I/Users/ckubal/Library/Developer/Xcode/DerivedData/RunMusic-ehzzznpmcelkqvgvaslgdtzbrdcu/SourcePackages/checkouts/GoogleUtilities/GoogleUtilities/Reachability/Public -Xcc -I/Users/ckubal/Library/Developer/Xcode/DerivedData/RunMusic-ehzzznpmcelkqvgvaslgdtzbrdcu/SourcePackages/checkouts/GoogleUtilities/GoogleUtilities/AppDelegateSwizzler/Public -Xcc -I/Users/ckubal/Library/Developer/Xcode/DerivedData/RunMusic-ehzzznpmcelkqvgvaslgdtzbrdcu/SourcePackages/checkouts/interop-ios-for-google-sdks/RecaptchaEnterprise/RecaptchaInterop/Public -Xcc -I/Users/ckubal/Library/Developer/Xcode/DerivedData/RunMusic-ehzzznpmcelkqvgvaslgdtzbrdcu/SourcePackages/checkouts/firebase-ios-sdk/FirebaseAuth/Sources/Public -Xcc -I/Users/ckubal/Library/Developer/Xcode/DerivedData/RunMusic-ehzzznpmcelkqvgvaslgdtzbrdcu/SourcePackages/checkouts/GoogleUtilities/GoogleUtilities/NSData+zlib/Public -Xcc -I/Users/ckubal/Library/Developer/Xcode/DerivedData/RunMusic-ehzzznpmcelkqvgvaslgdtzbrdcu/SourcePackages/checkouts/promises/Sources/FBLPromises/include -Xcc -I/Users/ckubal/Library/Developer/Xcode/DerivedData/RunMusic-ehzzznpmcelkqvgvaslgdtzbrdcu/SourcePackages/checkouts/GoogleUtilities/GoogleUtilities/Environment/Public -Xcc -I/Users/ckubal/Library/Developer/Xcode/DerivedData/RunMusic-ehzzznpmcelkqvgvaslgdtzbrdcu/SourcePackages/checkouts/GoogleUtilities/third_party/IsAppEncrypted/Public -Xcc -I/Users/ckubal/Library/Developer/Xcode/DerivedData/RunMusic-ehzzznpmcelkqvgvaslgdtzbrdcu/SourcePackages/checkouts/GoogleUtilities/GoogleUtilities/Logger/Public -Xcc -I/Users/ckubal/Library/Developer/Xcode/DerivedData/RunMusic-ehzzznpmcelkqvgvaslgdtzbrdcu/SourcePackages/checkouts/gtm-session-fetcher/Sources/Core/Public -Xcc -I/Users/ckubal/Library/Developer/Xcode/DerivedData/RunMusic-ehzzznpmcelkqvgvaslgdtzbrdcu/SourcePackages/checkouts/firebase-ios-sdk/FirebaseMessaging/Interop -Xcc -I/Users/ckubal/Library/Developer/Xcode/DerivedData/RunMusic-ehzzznpmcelkqvgvaslgdtzbrdcu/SourcePackages/checkouts/firebase-ios-sdk/FirebaseCore/Extension -Xcc -I/Users/ckubal/Library/Developer/Xcode/DerivedData/RunMusic-ehzzznpmcelkqvgvaslgdtzbrdcu/SourcePackages/checkouts/firebase-ios-sdk/FirebaseCore/Sources/Public -Xcc -I/Users/ckubal/Library/Developer/Xcode/DerivedData/RunMusic-ehzzznpmcelkqvgvaslgdtzbrdcu/SourcePackages/checkouts/firebase-ios-sdk/CoreOnly/Sources -Xcc -I/Users/ckubal/Library/Developer/Xcode/DerivedData/RunMusic-ehzzznpmcelkqvgvaslgdtzbrdcu/SourcePackages/checkouts/firebase-ios-sdk/FirebaseAuth/Interop -Xcc -I/Users/ckubal/Library/Developer/Xcode/DerivedData/RunMusic-ehzzznpmcelkqvgvaslgdtzbrdcu/SourcePackages/checkouts/firebase-ios-sdk/FirebaseAppCheck/Interop/Public -Xcc -I/Users/ckubal/Library/Developer/Xcode/DerivedData/RunMusic-ehzzznpmcelkqvgvaslgdtzbrdcu/Build/Products/Debug-iphonesimulator/include -Xcc -I/Users/ckubal/Library/Developer/Xcode/DerivedData/RunMusic-ehzzznpmcelkqvgvaslgdtzbrdcu/Build/Intermediates.noindex/RunMusic.build/Debug-iphonesimulator/RunMusic.build/DerivedSources-normal/arm64 -Xcc -I/Users/ckubal/Library/Developer/Xcode/DerivedData/RunMusic-ehzzznpmcelkqvgvaslgdtzbrdcu/Build/Intermediates.noindex/RunMusic.build/Debug-iphonesimulator/RunMusic.build/DerivedSources/arm64 -Xcc -I/Users/ckubal/Library/Developer/Xcode/DerivedData/RunMusic-ehzzznpmcelkqvgvaslgdtzbrdcu/Build/Intermediates.noindex/RunMusic.build/Debug-iphonesimulator/RunMusic.build/DerivedSources -Xcc -DDEBUG\=1 -emit-objc-header -emit-objc-header-path /Users/ckubal/Library/Developer/Xcode/DerivedData/RunMusic-ehzzznpmcelkqvgvaslgdtzbrdcu/Build/Intermediates.noindex/RunMusic.build/Debug-iphonesimulator/RunMusic.build/Objects-normal/arm64/RunMusic-Swift.h -working-directory /Users/ckubal/Documents/Programming/iOS\ Programming\ Projects/RunMusic -experimental-emit-module-separately -disable-cmo

SwiftDriverJobDiscovery normal arm64 Compiling StravaService.swift, SpotifyFileScanner.swift, FirebaseAuthService.swift, LocationAnalysisService.swift, FirestoreService.swift, SpotifyBackgroundSync.swift, AnimationEngine.swift (in target 'RunMusic' from project 'RunMusic')

SwiftCompile normal arm64 Compiling\ UsernameSelectionView.swift,\ SignInPromptView.swift,\ ContentView.swift,\ FontFamily.swift,\ SpotifyConnectionPrompt.swift,\ NewRunDetectionService.swift,\ PushNotificationService.swift /Users/ckubal/Documents/Programming/iOS\ Programming\ Projects/RunMusic/RunMusic/Views/UsernameSelectionView.swift /Users/ckubal/Documents/Programming/iOS\ Programming\ Projects/RunMusic/RunMusic/Views/Components/SignInPromptView.swift /Users/ckubal/Documents/Programming/iOS\ Programming\ Projects/RunMusic/RunMusic/ContentView.swift /Users/ckubal/Documents/Programming/iOS\ Programming\ Projects/RunMusic/RunMusic/Models/FontFamily.swift /Users/ckubal/Documents/Programming/iOS\ Programming\ Projects/RunMusic/RunMusic/Views/Components/SpotifyConnectionPrompt.swift /Users/ckubal/Documents/Programming/iOS\ Programming\ Projects/RunMusic/RunMusic/Services/NewRunDetectionService.swift /Users/ckubal/Documents/Programming/iOS\ Programming\ Projects/RunMusic/RunMusic/Services/PushNotificationService.swift (in target 'RunMusic' from project 'RunMusic')

SwiftCompile normal arm64 /Users/ckubal/Documents/Programming/iOS\ Programming\ Projects/RunMusic/RunMusic/Views/UsernameSelectionView.swift (in target 'RunMusic' from project 'RunMusic')
    cd /Users/ckubal/Documents/Programming/iOS\ Programming\ Projects/RunMusic
    

SwiftCompile normal arm64 /Users/ckubal/Documents/Programming/iOS\ Programming\ Projects/RunMusic/RunMusic/Views/Components/SignInPromptView.swift (in target 'RunMusic' from project 'RunMusic')
    cd /Users/ckubal/Documents/Programming/iOS\ Programming\ Projects/RunMusic
    

SwiftCompile normal arm64 /Users/ckubal/Documents/Programming/iOS\ Programming\ Projects/RunMusic/RunMusic/ContentView.swift (in target 'RunMusic' from project 'RunMusic')
    cd /Users/ckubal/Documents/Programming/iOS\ Programming\ Projects/RunMusic
    

SwiftCompile normal arm64 /Users/ckubal/Documents/Programming/iOS\ Programming\ Projects/RunMusic/RunMusic/Models/FontFamily.swift (in target 'RunMusic' from project 'RunMusic')
    cd /Users/ckubal/Documents/Programming/iOS\ Programming\ Projects/RunMusic
    
/Users/ckubal/Documents/Programming/iOS Programming Projects/RunMusic/RunMusic/Models/FontFamily.swift:7:9: warning: immutable property will not be decoded because it is declared with an initial value which cannot be overwritten
    let id = UUID()
        ^
/Users/ckubal/Documents/Programming/iOS Programming Projects/RunMusic/RunMusic/Models/FontFamily.swift:7:9: note: set the initial value via the initializer or explicitly define a CodingKeys enum including a 'id' case to silence this warning
    let id = UUID()
        ^
/Users/ckubal/Documents/Programming/iOS Programming Projects/RunMusic/RunMusic/Models/FontFamily.swift:7:9: note: make the property mutable instead
    let id = UUID()
    ~~~ ^
    var

SwiftCompile normal arm64 /Users/ckubal/Documents/Programming/iOS\ Programming\ Projects/RunMusic/RunMusic/Views/Components/SpotifyConnectionPrompt.swift (in target 'RunMusic' from project 'RunMusic')
    cd /Users/ckubal/Documents/Programming/iOS\ Programming\ Projects/RunMusic
    

SwiftCompile normal arm64 /Users/ckubal/Documents/Programming/iOS\ Programming\ Projects/RunMusic/RunMusic/Services/NewRunDetectionService.swift (in target 'RunMusic' from project 'RunMusic')
    cd /Users/ckubal/Documents/Programming/iOS\ Programming\ Projects/RunMusic
    

SwiftCompile normal arm64 /Users/ckubal/Documents/Programming/iOS\ Programming\ Projects/RunMusic/RunMusic/Services/PushNotificationService.swift (in target 'RunMusic' from project 'RunMusic')
    cd /Users/ckubal/Documents/Programming/iOS\ Programming\ Projects/RunMusic
    

SwiftMergeGeneratedHeaders /Users/ckubal/Library/Developer/Xcode/DerivedData/RunMusic-ehzzznpmcelkqvgvaslgdtzbrdcu/Build/Intermediates.noindex/RunMusic.build/Debug-iphonesimulator/RunMusic.build/DerivedSources/RunMusic-Swift.h /Users/ckubal/Library/Developer/Xcode/DerivedData/RunMusic-ehzzznpmcelkqvgvaslgdtzbrdcu/Build/Intermediates.noindex/RunMusic.build/Debug-iphonesimulator/RunMusic.build/Objects-normal/arm64/RunMusic-Swift.h (in target 'RunMusic' from project 'RunMusic')
    cd /Users/ckubal/Documents/Programming/iOS\ Programming\ Projects/RunMusic
    builtin-swiftHeaderTool -arch arm64 /Users/ckubal/Library/Developer/Xcode/DerivedData/RunMusic-ehzzznpmcelkqvgvaslgdtzbrdcu/Build/Intermediates.noindex/RunMusic.build/Debug-iphonesimulator/RunMusic.build/Objects-normal/arm64/RunMusic-Swift.h -o /Users/ckubal/Library/Developer/Xcode/DerivedData/RunMusic-ehzzznpmcelkqvgvaslgdtzbrdcu/Build/Intermediates.noindex/RunMusic.build/Debug-iphonesimulator/RunMusic.build/DerivedSources/RunMusic-Swift.h

SwiftDriverJobDiscovery normal arm64 Compiling ShareableTrackRow.swift, LottieRunnerLoader.swift, WeatherService.swift, SpotifyImportProgressView.swift, RunCacheService.swift, ShareableCardView.swift, InteractivePowerSongView.swift (in target 'RunMusic' from project 'RunMusic')

Copy /Users/ckubal/Library/Developer/Xcode/DerivedData/RunMusic-ehzzznpmcelkqvgvaslgdtzbrdcu/Build/Products/Debug-iphonesimulator/RunMusic.swiftmodule/arm64-apple-ios-simulator.swiftmodule /Users/ckubal/Library/Developer/Xcode/DerivedData/RunMusic-ehzzznpmcelkqvgvaslgdtzbrdcu/Build/Intermediates.noindex/RunMusic.build/Debug-iphonesimulator/RunMusic.build/Objects-normal/arm64/RunMusic.swiftmodule (in target 'RunMusic' from project 'RunMusic')
    cd /Users/ckubal/Documents/Programming/iOS\ Programming\ Projects/RunMusic
    builtin-copy -exclude .DS_Store -exclude CVS -exclude .svn -exclude .git -exclude .hg -resolve-src-symlinks -rename /Users/ckubal/Library/Developer/Xcode/DerivedData/RunMusic-ehzzznpmcelkqvgvaslgdtzbrdcu/Build/Intermediates.noindex/RunMusic.build/Debug-iphonesimulator/RunMusic.build/Objects-normal/arm64/RunMusic.swiftmodule /Users/ckubal/Library/Developer/Xcode/DerivedData/RunMusic-ehzzznpmcelkqvgvaslgdtzbrdcu/Build/Products/Debug-iphonesimulator/RunMusic.swiftmodule/arm64-apple-ios-simulator.swiftmodule

Copy /Users/ckubal/Library/Developer/Xcode/DerivedData/RunMusic-ehzzznpmcelkqvgvaslgdtzbrdcu/Build/Products/Debug-iphonesimulator/RunMusic.swiftmodule/arm64-apple-ios-simulator.swiftdoc /Users/ckubal/Library/Developer/Xcode/DerivedData/RunMusic-ehzzznpmcelkqvgvaslgdtzbrdcu/Build/Intermediates.noindex/RunMusic.build/Debug-iphonesimulator/RunMusic.build/Objects-normal/arm64/RunMusic.swiftdoc (in target 'RunMusic' from project 'RunMusic')
    cd /Users/ckubal/Documents/Programming/iOS\ Programming\ Projects/RunMusic
    builtin-copy -exclude .DS_Store -exclude CVS -exclude .svn -exclude .git -exclude .hg -resolve-src-symlinks -rename /Users/ckubal/Library/Developer/Xcode/DerivedData/RunMusic-ehzzznpmcelkqvgvaslgdtzbrdcu/Build/Intermediates.noindex/RunMusic.build/Debug-iphonesimulator/RunMusic.build/Objects-normal/arm64/RunMusic.swiftdoc /Users/ckubal/Library/Developer/Xcode/DerivedData/RunMusic-ehzzznpmcelkqvgvaslgdtzbrdcu/Build/Products/Debug-iphonesimulator/RunMusic.swiftmodule/arm64-apple-ios-simulator.swiftdoc

Copy /Users/ckubal/Library/Developer/Xcode/DerivedData/RunMusic-ehzzznpmcelkqvgvaslgdtzbrdcu/Build/Products/Debug-iphonesimulator/RunMusic.swiftmodule/arm64-apple-ios-simulator.abi.json /Users/ckubal/Library/Developer/Xcode/DerivedData/RunMusic-ehzzznpmcelkqvgvaslgdtzbrdcu/Build/Intermediates.noindex/RunMusic.build/Debug-iphonesimulator/RunMusic.build/Objects-normal/arm64/RunMusic.abi.json (in target 'RunMusic' from project 'RunMusic')
    cd /Users/ckubal/Documents/Programming/iOS\ Programming\ Projects/RunMusic
    builtin-copy -exclude .DS_Store -exclude CVS -exclude .svn -exclude .git -exclude .hg -resolve-src-symlinks -rename /Users/ckubal/Library/Developer/Xcode/DerivedData/RunMusic-ehzzznpmcelkqvgvaslgdtzbrdcu/Build/Intermediates.noindex/RunMusic.build/Debug-iphonesimulator/RunMusic.build/Objects-normal/arm64/RunMusic.abi.json /Users/ckubal/Library/Developer/Xcode/DerivedData/RunMusic-ehzzznpmcelkqvgvaslgdtzbrdcu/Build/Products/Debug-iphonesimulator/RunMusic.swiftmodule/arm64-apple-ios-simulator.abi.json

Copy /Users/ckubal/Library/Developer/Xcode/DerivedData/RunMusic-ehzzznpmcelkqvgvaslgdtzbrdcu/Build/Products/Debug-iphonesimulator/RunMusic.swiftmodule/Project/arm64-apple-ios-simulator.swiftsourceinfo /Users/ckubal/Library/Developer/Xcode/DerivedData/RunMusic-ehzzznpmcelkqvgvaslgdtzbrdcu/Build/Intermediates.noindex/RunMusic.build/Debug-iphonesimulator/RunMusic.build/Objects-normal/arm64/RunMusic.swiftsourceinfo (in target 'RunMusic' from project 'RunMusic')
    cd /Users/ckubal/Documents/Programming/iOS\ Programming\ Projects/RunMusic
    builtin-copy -exclude .DS_Store -exclude CVS -exclude .svn -exclude .git -exclude .hg -resolve-src-symlinks -rename /Users/ckubal/Library/Developer/Xcode/DerivedData/RunMusic-ehzzznpmcelkqvgvaslgdtzbrdcu/Build/Intermediates.noindex/RunMusic.build/Debug-iphonesimulator/RunMusic.build/Objects-normal/arm64/RunMusic.swiftsourceinfo /Users/ckubal/Library/Developer/Xcode/DerivedData/RunMusic-ehzzznpmcelkqvgvaslgdtzbrdcu/Build/Products/Debug-iphonesimulator/RunMusic.swiftmodule/Project/arm64-apple-ios-simulator.swiftsourceinfo

SwiftDriverJobDiscovery normal arm64 Compiling SpotifyImportProgress.swift, HapticFeedbackService.swift, SpotifyImportPreviewView.swift, LivePhotoSelectionView.swift, FontPicker.swift, DualProviderAuthView.swift, PhotoPermissionPromptView.swift (in target 'RunMusic' from project 'RunMusic')

LinkAssetCatalog /Users/ckubal/Documents/Programming/iOS\ Programming\ Projects/RunMusic/RunMusic/Preview\ Content/Preview\ Assets.xcassets /Users/ckubal/Documents/Programming/iOS\ Programming\ Projects/RunMusic/RunMusic/Assets.xcassets (in target 'RunMusic' from project 'RunMusic')
    cd /Users/ckubal/Documents/Programming/iOS\ Programming\ Projects/RunMusic
    builtin-linkAssetCatalog --thinned /Users/ckubal/Library/Developer/Xcode/DerivedData/RunMusic-ehzzznpmcelkqvgvaslgdtzbrdcu/Build/Intermediates.noindex/RunMusic.build/Debug-iphonesimulator/RunMusic.build/assetcatalog_output/thinned --thinned-dependencies /Users/ckubal/Library/Developer/Xcode/DerivedData/RunMusic-ehzzznpmcelkqvgvaslgdtzbrdcu/Build/Intermediates.noindex/RunMusic.build/Debug-iphonesimulator/RunMusic.build/assetcatalog_dependencies_thinned --thinned-info-plist-content /Users/ckubal/Library/Developer/Xcode/DerivedData/RunMusic-ehzzznpmcelkqvgvaslgdtzbrdcu/Build/Intermediates.noindex/RunMusic.build/Debug-iphonesimulator/RunMusic.build/assetcatalog_generated_info.plist_thinned --unthinned /Users/ckubal/Library/Developer/Xcode/DerivedData/RunMusic-ehzzznpmcelkqvgvaslgdtzbrdcu/Build/Intermediates.noindex/RunMusic.build/Debug-iphonesimulator/RunMusic.build/assetcatalog_output/unthinned --unthinned-dependencies /Users/ckubal/Library/Developer/Xcode/DerivedData/RunMusic-ehzzznpmcelkqvgvaslgdtzbrdcu/Build/Intermediates.noindex/RunMusic.build/Debug-iphonesimulator/RunMusic.build/assetcatalog_dependencies_unthinned --unthinned-info-plist-content /Users/ckubal/Library/Developer/Xcode/DerivedData/RunMusic-ehzzznpmcelkqvgvaslgdtzbrdcu/Build/Intermediates.noindex/RunMusic.build/Debug-iphonesimulator/RunMusic.build/assetcatalog_generated_info.plist_unthinned --output /Users/ckubal/Library/Developer/Xcode/DerivedData/RunMusic-ehzzznpmcelkqvgvaslgdtzbrdcu/Build/Products/Debug-iphonesimulator/RunMusic.app --plist-output /Users/ckubal/Library/Developer/Xcode/DerivedData/RunMusic-ehzzznpmcelkqvgvaslgdtzbrdcu/Build/Intermediates.noindex/RunMusic.build/Debug-iphonesimulator/RunMusic.build/assetcatalog_generated_info.plist
note: Emplaced /Users/ckubal/Library/Developer/Xcode/DerivedData/RunMusic-ehzzznpmcelkqvgvaslgdtzbrdcu/Build/Products/Debug-iphonesimulator/RunMusic.app/Assets.car (in target 'RunMusic' from project 'RunMusic')
note: Emplaced /Users/ckubal/Library/Developer/Xcode/DerivedData/RunMusic-ehzzznpmcelkqvgvaslgdtzbrdcu/Build/Products/Debug-iphonesimulator/RunMusic.app/AppIcon60x60@2x.png (in target 'RunMusic' from project 'RunMusic')

ProcessInfoPlistFile /Users/ckubal/Library/Developer/Xcode/DerivedData/RunMusic-ehzzznpmcelkqvgvaslgdtzbrdcu/Build/Products/Debug-iphonesimulator/RunMusic.app/Info.plist /Users/ckubal/Documents/Programming/iOS\ Programming\ Projects/RunMusic/RunMusic/Info.plist (in target 'RunMusic' from project 'RunMusic')
    cd /Users/ckubal/Documents/Programming/iOS\ Programming\ Projects/RunMusic
    builtin-infoPlistUtility /Users/ckubal/Documents/Programming/iOS\ Programming\ Projects/RunMusic/RunMusic/Info.plist -producttype com.apple.product-type.application -genpkginfo /Users/ckubal/Library/Developer/Xcode/DerivedData/RunMusic-ehzzznpmcelkqvgvaslgdtzbrdcu/Build/Products/Debug-iphonesimulator/RunMusic.app/PkgInfo -expandbuildsettings -format binary -platform iphonesimulator -additionalcontentfile /Users/ckubal/Library/Developer/Xcode/DerivedData/RunMusic-ehzzznpmcelkqvgvaslgdtzbrdcu/Build/Intermediates.noindex/RunMusic.build/Debug-iphonesimulator/RunMusic.build/assetcatalog_generated_info.plist -scanforprivacyfile /Users/ckubal/Library/Developer/Xcode/DerivedData/RunMusic-ehzzznpmcelkqvgvaslgdtzbrdcu/Build/Products/Debug-iphonesimulator/RunMusic.app/AppAuth_AppAuth.bundle -scanforprivacyfile /Users/ckubal/Library/Developer/Xcode/DerivedData/RunMusic-ehzzznpmcelkqvgvaslgdtzbrdcu/Build/Products/Debug-iphonesimulator/RunMusic.app/AppAuth_AppAuthCore.bundle -scanforprivacyfile /Users/ckubal/Library/Developer/Xcode/DerivedData/RunMusic-ehzzznpmcelkqvgvaslgdtzbrdcu/Build/Products/Debug-iphonesimulator/RunMusic.app/Firebase_FirebaseAuth.bundle -scanforprivacyfile /Users/ckubal/Library/Developer/Xcode/DerivedData/RunMusic-ehzzznpmcelkqvgvaslgdtzbrdcu/Build/Products/Debug-iphonesimulator/RunMusic.app/Firebase_FirebaseCore.bundle -scanforprivacyfile /Users/ckubal/Library/Developer/Xcode/DerivedData/RunMusic-ehzzznpmcelkqvgvaslgdtzbrdcu/Build/Products/Debug-iphonesimulator/RunMusic.app/Firebase_FirebaseCoreExtension.bundle -scanforprivacyfile /Users/ckubal/Library/Developer/Xcode/DerivedData/RunMusic-ehzzznpmcelkqvgvaslgdtzbrdcu/Build/Products/Debug-iphonesimulator/RunMusic.app/Firebase_FirebaseCoreInternal.bundle -scanforprivacyfile /Users/ckubal/Library/Developer/Xcode/DerivedData/RunMusic-ehzzznpmcelkqvgvaslgdtzbrdcu/Build/Products/Debug-iphonesimulator/RunMusic.app/Firebase_FirebaseFirestore.bundle -scanforprivacyfile /Users/ckubal/Library/Developer/Xcode/DerivedData/RunMusic-ehzzznpmcelkqvgvaslgdtzbrdcu/Build/Products/Debug-iphonesimulator/RunMusic.app/Frameworks/FirebaseFirestoreInternal.framework -scanforprivacyfile /Users/ckubal/Library/Developer/Xcode/DerivedData/RunMusic-ehzzznpmcelkqvgvaslgdtzbrdcu/Build/Products/Debug-iphonesimulator/RunMusic.app/Frameworks/absl.framework -scanforprivacyfile /Users/ckubal/Library/Developer/Xcode/DerivedData/RunMusic-ehzzznpmcelkqvgvaslgdtzbrdcu/Build/Products/Debug-iphonesimulator/RunMusic.app/Frameworks/grpc.framework -scanforprivacyfile /Users/ckubal/Library/Developer/Xcode/DerivedData/RunMusic-ehzzznpmcelkqvgvaslgdtzbrdcu/Build/Products/Debug-iphonesimulator/RunMusic.app/Frameworks/grpcpp.framework -scanforprivacyfile /Users/ckubal/Library/Developer/Xcode/DerivedData/RunMusic-ehzzznpmcelkqvgvaslgdtzbrdcu/Build/Products/Debug-iphonesimulator/RunMusic.app/Frameworks/openssl_grpc.framework -scanforprivacyfile /Users/ckubal/Library/Developer/Xcode/DerivedData/RunMusic-ehzzznpmcelkqvgvaslgdtzbrdcu/Build/Products/Debug-iphonesimulator/RunMusic.app/GTMAppAuth_GTMAppAuth.bundle -scanforprivacyfile /Users/ckubal/Library/Developer/Xcode/DerivedData/RunMusic-ehzzznpmcelkqvgvaslgdtzbrdcu/Build/Products/Debug-iphonesimulator/RunMusic.app/GTMSessionFetcher_GTMSessionFetcherCore.bundle -scanforprivacyfile /Users/ckubal/Library/Developer/Xcode/DerivedData/RunMusic-ehzzznpmcelkqvgvaslgdtzbrdcu/Build/Products/Debug-iphonesimulator/RunMusic.app/GoogleSignIn_GoogleSignIn.bundle -scanforprivacyfile /Users/ckubal/Library/Developer/Xcode/DerivedData/RunMusic-ehzzznpmcelkqvgvaslgdtzbrdcu/Build/Products/Debug-iphonesimulator/RunMusic.app/GoogleUtilities_GoogleUtilities-AppDelegateSwizzler.bundle -scanforprivacyfile /Users/ckubal/Library/Developer/Xcode/DerivedData/RunMusic-ehzzznpmcelkqvgvaslgdtzbrdcu/Build/Products/Debug-iphonesimulator/RunMusic.app/GoogleUtilities_GoogleUtilities-Environment.bundle -scanforprivacyfile /Users/ckubal/Library/Developer/Xcode/DerivedData/RunMusic-ehzzznpmcelkqvgvaslgdtzbrdcu/Build/Products/Debug-iphonesimulator/RunMusic.app/GoogleUtilities_GoogleUtilities-Logger.bundle -scanforprivacyfile /Users/ckubal/Library/Developer/Xcode/DerivedData/RunMusic-ehzzznpmcelkqvgvaslgdtzbrdcu/Build/Products/Debug-iphonesimulator/RunMusic.app/GoogleUtilities_GoogleUtilities-NSData.bundle -scanforprivacyfile /Users/ckubal/Library/Developer/Xcode/DerivedData/RunMusic-ehzzznpmcelkqvgvaslgdtzbrdcu/Build/Products/Debug-iphonesimulator/RunMusic.app/GoogleUtilities_GoogleUtilities-Network.bundle -scanforprivacyfile /Users/ckubal/Library/Developer/Xcode/DerivedData/RunMusic-ehzzznpmcelkqvgvaslgdtzbrdcu/Build/Products/Debug-iphonesimulator/RunMusic.app/GoogleUtilities_GoogleUtilities-Reachability.bundle -scanforprivacyfile /Users/ckubal/Library/Developer/Xcode/DerivedData/RunMusic-ehzzznpmcelkqvgvaslgdtzbrdcu/Build/Products/Debug-iphonesimulator/RunMusic.app/Lottie_Lottie.bundle -scanforprivacyfile /Users/ckubal/Library/Developer/Xcode/DerivedData/RunMusic-ehzzznpmcelkqvgvaslgdtzbrdcu/Build/Products/Debug-iphonesimulator/RunMusic.app/Promises_FBLPromises.bundle -scanforprivacyfile /Users/ckubal/Library/Developer/Xcode/DerivedData/RunMusic-ehzzznpmcelkqvgvaslgdtzbrdcu/Build/Products/Debug-iphonesimulator/RunMusic.app/abseil_abslWrapper.bundle -scanforprivacyfile /Users/ckubal/Library/Developer/Xcode/DerivedData/RunMusic-ehzzznpmcelkqvgvaslgdtzbrdcu/Build/Products/Debug-iphonesimulator/RunMusic.app/gRPC_grpcWrapper.bundle -scanforprivacyfile /Users/ckubal/Library/Developer/Xcode/DerivedData/RunMusic-ehzzznpmcelkqvgvaslgdtzbrdcu/Build/Products/Debug-iphonesimulator/RunMusic.app/gRPC_grpcppWrapper.bundle -scanforprivacyfile /Users/ckubal/Library/Developer/Xcode/DerivedData/RunMusic-ehzzznpmcelkqvgvaslgdtzbrdcu/Build/Products/Debug-iphonesimulator/RunMusic.app/gRPC_opensslWrapper.bundle -scanforprivacyfile /Users/ckubal/Library/Developer/Xcode/DerivedData/RunMusic-ehzzznpmcelkqvgvaslgdtzbrdcu/Build/Products/Debug-iphonesimulator/RunMusic.app/leveldb_leveldb.bundle -scanforprivacyfile /Users/ckubal/Library/Developer/Xcode/DerivedData/RunMusic-ehzzznpmcelkqvgvaslgdtzbrdcu/Build/Products/Debug-iphonesimulator/RunMusic.app/nanopb_nanopb.bundle -o /Users/ckubal/Library/Developer/Xcode/DerivedData/RunMusic-ehzzznpmcelkqvgvaslgdtzbrdcu/Build/Products/Debug-iphonesimulator/RunMusic.app/Info.plist

SwiftDriverJobDiscovery normal arm64 Compiling PullToRefresh.swift, StravaModels.swift, AuthenticationView.swift, AnimatedButton.swift, AuthViewModel.swift, SampleDataService.swift, SpotifyModels.swift, DataConversionService.swift (in target 'RunMusic' from project 'RunMusic')

SwiftDriverJobDiscovery normal arm64 Compiling InstagramStyleTrackRow.swift, InteractiveAlbumArtView.swift, SubscriptionService.swift, AnimatedRouteView.swift, RunningPersonLoader.swift, PhotoBackgroundView.swift, PhotoManagementView.swift, SpotifyImportGuideView.swift (in target 'RunMusic' from project 'RunMusic')

SwiftDriverJobDiscovery normal arm64 Compiling SpotifyHistoryImportPrompt.swift, ColorSchemePicker.swift, AnimatedRoutePathView.swift, TokenEncryption.swift, AnimatedRunCardView.swift, LoadingAnimations.swift, AlbumArt.swift, SpotifyService.swift (in target 'RunMusic' from project 'RunMusic')

SwiftDriverJobDiscovery normal arm64 Compiling InteractiveShareableCardView.swift, PhotoService.swift, RunningManLoader.swift, AnimatedShareableCardView.swift, UserPreferences.swift, RoutePathView.swift, SettingsView.swift (in target 'RunMusic' from project 'RunMusic')

SwiftDriverJobDiscovery normal arm64 Compiling UsernameSelectionView.swift, SignInPromptView.swift, ContentView.swift, FontFamily.swift, SpotifyConnectionPrompt.swift, NewRunDetectionService.swift, PushNotificationService.swift (in target 'RunMusic' from project 'RunMusic')

SwiftDriverJobDiscovery normal arm64 Compiling RunMusicApp.swift, CanvasAsset.swift, EnhancedAssetView.swift, RunCanvasView.swift, RunCardStackView.swift, RunCardView.swift, GeneratedAssetSymbols.swift (in target 'RunMusic' from project 'RunMusic')

SwiftDriverJobDiscovery normal arm64 Compiling CardExportService.swift, RunColorScheme.swift, PreviewRunHistoryView.swift, RunDetailView.swift, RunActivity.swift, BackgroundImportProgressView.swift, RunHistoryView.swift (in target 'RunMusic' from project 'RunMusic')

SwiftDriver\ Compilation RunMusic normal arm64 com.apple.xcode.tools.swift.compiler (in target 'RunMusic' from project 'RunMusic')
    cd /Users/ckubal/Documents/Programming/iOS\ Programming\ Projects/RunMusic
    builtin-Swift-Compilation -- /Applications/Xcode.app/Contents/Developer/Toolchains/XcodeDefault.xctoolchain/usr/bin/swiftc -module-name RunMusic -Onone -enforce-exclusivity\=checked @/Users/ckubal/Library/Developer/Xcode/DerivedData/RunMusic-ehzzznpmcelkqvgvaslgdtzbrdcu/Build/Intermediates.noindex/RunMusic.build/Debug-iphonesimulator/RunMusic.build/Objects-normal/arm64/RunMusic.SwiftFileList -DDEBUG -Xcc -fmodule-map-file\=/Users/ckubal/Library/Developer/Xcode/DerivedData/RunMusic-ehzzznpmcelkqvgvaslgdtzbrdcu/Build/Intermediates.noindex/GeneratedModuleMaps-iphonesimulator/AppAuth.modulemap -Xcc -fmodule-map-file\=/Users/ckubal/Library/Developer/Xcode/DerivedData/RunMusic-ehzzznpmcelkqvgvaslgdtzbrdcu/Build/Intermediates.noindex/GeneratedModuleMaps-iphonesimulator/AppAuthCore.modulemap -Xcc -fmodule-map-file\=/Users/ckubal/Library/Developer/Xcode/DerivedData/RunMusic-ehzzznpmcelkqvgvaslgdtzbrdcu/Build/Intermediates.noindex/GeneratedModuleMaps-iphonesimulator/GoogleSignIn.modulemap -Xcc -fmodule-map-file\=/Users/ckubal/Library/Developer/Xcode/DerivedData/RunMusic-ehzzznpmcelkqvgvaslgdtzbrdcu/Build/Intermediates.noindex/GeneratedModuleMaps-iphonesimulator/abslWrapper.modulemap -Xcc -fmodule-map-file\=/Users/ckubal/Library/Developer/Xcode/DerivedData/RunMusic-ehzzznpmcelkqvgvaslgdtzbrdcu/Build/Intermediates.noindex/GeneratedModuleMaps-iphonesimulator/opensslWrapper.modulemap -Xcc -fmodule-map-file\=/Users/ckubal/Library/Developer/Xcode/DerivedData/RunMusic-ehzzznpmcelkqvgvaslgdtzbrdcu/Build/Intermediates.noindex/GeneratedModuleMaps-iphonesimulator/grpcWrapper.modulemap -Xcc -fmodule-map-file\=/Users/ckubal/Library/Developer/Xcode/DerivedData/RunMusic-ehzzznpmcelkqvgvaslgdtzbrdcu/Build/Intermediates.noindex/GeneratedModuleMaps-iphonesimulator/grpcppWrapper.modulemap -Xcc -fmodule-map-file\=/Users/ckubal/Library/Developer/Xcode/DerivedData/RunMusic-ehzzznpmcelkqvgvaslgdtzbrdcu/Build/Intermediates.noindex/GeneratedModuleMaps-iphonesimulator/nanopb.modulemap -Xcc -fmodule-map-file\=/Users/ckubal/Library/Developer/Xcode/DerivedData/RunMusic-ehzzznpmcelkqvgvaslgdtzbrdcu/Build/Intermediates.noindex/GeneratedModuleMaps-iphonesimulator/leveldb.modulemap -Xcc -fmodule-map-file\=/Users/ckubal/Library/Developer/Xcode/DerivedData/RunMusic-ehzzznpmcelkqvgvaslgdtzbrdcu/Build/Intermediates.noindex/GeneratedModuleMaps-iphonesimulator/FirebaseFirestoreInternalWrapper.modulemap -Xcc -fmodule-map-file\=/Users/ckubal/Library/Developer/Xcode/DerivedData/RunMusic-ehzzznpmcelkqvgvaslgdtzbrdcu/Build/Intermediates.noindex/GeneratedModuleMaps-iphonesimulator/FirebaseFirestoreTarget.modulemap -Xcc -fmodule-map-file\=/Users/ckubal/Library/Developer/Xcode/DerivedData/RunMusic-ehzzznpmcelkqvgvaslgdtzbrdcu/Build/Intermediates.noindex/GeneratedModuleMaps-iphonesimulator/GoogleUtilities-Network.modulemap -Xcc -fmodule-map-file\=/Users/ckubal/Library/Developer/Xcode/DerivedData/RunMusic-ehzzznpmcelkqvgvaslgdtzbrdcu/Build/Intermediates.noindex/GeneratedModuleMaps-iphonesimulator/GoogleUtilities-Reachability.modulemap -Xcc -fmodule-map-file\=/Users/ckubal/Library/Developer/Xcode/DerivedData/RunMusic-ehzzznpmcelkqvgvaslgdtzbrdcu/Build/Intermediates.noindex/GeneratedModuleMaps-iphonesimulator/GoogleUtilities-AppDelegateSwizzler.modulemap -Xcc -fmodule-map-file\=/Users/ckubal/Library/Developer/Xcode/DerivedData/RunMusic-ehzzznpmcelkqvgvaslgdtzbrdcu/Build/Intermediates.noindex/GeneratedModuleMaps-iphonesimulator/RecaptchaInterop.modulemap -Xcc -fmodule-map-file\=/Users/ckubal/Library/Developer/Xcode/DerivedData/RunMusic-ehzzznpmcelkqvgvaslgdtzbrdcu/Build/Intermediates.noindex/GeneratedModuleMaps-iphonesimulator/FirebaseAuth.modulemap -Xcc -fmodule-map-file\=/Users/ckubal/Library/Developer/Xcode/DerivedData/RunMusic-ehzzznpmcelkqvgvaslgdtzbrdcu/Build/Intermediates.noindex/GeneratedModuleMaps-iphonesimulator/GoogleUtilities-NSData.modulemap -Xcc -fmodule-map-file\=/Users/ckubal/Library/Developer/Xcode/DerivedData/RunMusic-ehzzznpmcelkqvgvaslgdtzbrdcu/Build/Intermediates.noindex/GeneratedModuleMaps-iphonesimulator/GoogleUtilities-Environment.modulemap -Xcc -fmodule-map-file\=/Users/ckubal/Library/Developer/Xcode/DerivedData/RunMusic-ehzzznpmcelkqvgvaslgdtzbrdcu/Build/Intermediates.noindex/GeneratedModuleMaps-iphonesimulator/third-party-IsAppEncrypted.modulemap -Xcc -fmodule-map-file\=/Users/ckubal/Library/Developer/Xcode/DerivedData/RunMusic-ehzzznpmcelkqvgvaslgdtzbrdcu/Build/Intermediates.noindex/GeneratedModuleMaps-iphonesimulator/GoogleUtilities-Logger.modulemap -Xcc -fmodule-map-file\=/Users/ckubal/Library/Developer/Xcode/DerivedData/RunMusic-ehzzznpmcelkqvgvaslgdtzbrdcu/Build/Intermediates.noindex/GeneratedModuleMaps-iphonesimulator/GTMSessionFetcherCore.modulemap -Xcc -fmodule-map-file\=/Users/ckubal/Library/Developer/Xcode/DerivedData/RunMusic-ehzzznpmcelkqvgvaslgdtzbrdcu/Build/Intermediates.noindex/GeneratedModuleMaps-iphonesimulator/FirebaseMessagingInterop.modulemap -Xcc -fmodule-map-file\=/Users/ckubal/Library/Developer/Xcode/DerivedData/RunMusic-ehzzznpmcelkqvgvaslgdtzbrdcu/Build/Intermediates.noindex/GeneratedModuleMaps-iphonesimulator/FirebaseCoreExtension.modulemap -Xcc -fmodule-map-file\=/Users/ckubal/Library/Developer/Xcode/DerivedData/RunMusic-ehzzznpmcelkqvgvaslgdtzbrdcu/Build/Intermediates.noindex/GeneratedModuleMaps-iphonesimulator/FirebaseCore.modulemap -Xcc -fmodule-map-file\=/Users/ckubal/Library/Developer/Xcode/DerivedData/RunMusic-ehzzznpmcelkqvgvaslgdtzbrdcu/Build/Intermediates.noindex/GeneratedModuleMaps-iphonesimulator/FirebaseAuthInterop.modulemap -Xcc -fmodule-map-file\=/Users/ckubal/Library/Developer/Xcode/DerivedData/RunMusic-ehzzznpmcelkqvgvaslgdtzbrdcu/Build/Intermediates.noindex/GeneratedModuleMaps-iphonesimulator/FirebaseAppCheckInterop.modulemap -enable-bare-slash-regex -enable-experimental-feature DebugDescriptionMacro -sdk /Applications/Xcode.app/Contents/Developer/Platforms/iPhoneSimulator.platform/Developer/SDKs/iPhoneSimulator26.0.sdk -target arm64-apple-ios17.6-simulator -g -module-cache-path /Users/ckubal/Library/Developer/Xcode/DerivedData/ModuleCache.noindex -Xfrontend -serialize-debugging-options -enable-testing -index-store-path /Users/ckubal/Library/Developer/Xcode/DerivedData/RunMusic-ehzzznpmcelkqvgvaslgdtzbrdcu/Index.noindex/DataStore -Xcc -D_LIBCPP_HARDENING_MODE\=_LIBCPP_HARDENING_MODE_DEBUG -swift-version 5 -I /Users/ckubal/Library/Developer/Xcode/DerivedData/RunMusic-ehzzznpmcelkqvgvaslgdtzbrdcu/Build/Products/Debug-iphonesimulator -F /Users/ckubal/Library/Developer/Xcode/DerivedData/RunMusic-ehzzznpmcelkqvgvaslgdtzbrdcu/Build/Products/Debug-iphonesimulator/PackageFrameworks -F /Users/ckubal/Library/Developer/Xcode/DerivedData/RunMusic-ehzzznpmcelkqvgvaslgdtzbrdcu/Build/Products/Debug-iphonesimulator/PackageFrameworks -F /Users/ckubal/Library/Developer/Xcode/DerivedData/RunMusic-ehzzznpmcelkqvgvaslgdtzbrdcu/Build/Products/Debug-iphonesimulator/PackageFrameworks -F /Users/ckubal/Library/Developer/Xcode/DerivedData/RunMusic-ehzzznpmcelkqvgvaslgdtzbrdcu/Build/Products/Debug-iphonesimulator/PackageFrameworks -F /Users/ckubal/Library/Developer/Xcode/DerivedData/RunMusic-ehzzznpmcelkqvgvaslgdtzbrdcu/Build/Products/Debug-iphonesimulator/PackageFrameworks -F /Users/ckubal/Library/Developer/Xcode/DerivedData/RunMusic-ehzzznpmcelkqvgvaslgdtzbrdcu/Build/Products/Debug-iphonesimulator/PackageFrameworks -F /Users/ckubal/Library/Developer/Xcode/DerivedData/RunMusic-ehzzznpmcelkqvgvaslgdtzbrdcu/Build/Products/Debug-iphonesimulator/PackageFrameworks -F /Users/ckubal/Library/Developer/Xcode/DerivedData/RunMusic-ehzzznpmcelkqvgvaslgdtzbrdcu/Build/Products/Debug-iphonesimulator/PackageFrameworks -F /Users/ckubal/Library/Developer/Xcode/DerivedData/RunMusic-ehzzznpmcelkqvgvaslgdtzbrdcu/Build/Products/Debug-iphonesimulator/PackageFrameworks -F /Users/ckubal/Library/Developer/Xcode/DerivedData/RunMusic-ehzzznpmcelkqvgvaslgdtzbrdcu/Build/Products/Debug-iphonesimulator/PackageFrameworks -F /Users/ckubal/Library/Developer/Xcode/DerivedData/RunMusic-ehzzznpmcelkqvgvaslgdtzbrdcu/Build/Products/Debug-iphonesimulator/PackageFrameworks -F /Users/ckubal/Library/Developer/Xcode/DerivedData/RunMusic-ehzzznpmcelkqvgvaslgdtzbrdcu/Build/Products/Debug-iphonesimulator/PackageFrameworks -F /Users/ckubal/Library/Developer/Xcode/DerivedData/RunMusic-ehzzznpmcelkqvgvaslgdtzbrdcu/Build/Products/Debug-iphonesimulator/PackageFrameworks -F /Users/ckubal/Library/Developer/Xcode/DerivedData/RunMusic-ehzzznpmcelkqvgvaslgdtzbrdcu/Build/Products/Debug-iphonesimulator/PackageFrameworks -F /Users/ckubal/Library/Developer/Xcode/DerivedData/RunMusic-ehzzznpmcelkqvgvaslgdtzbrdcu/Build/Products/Debug-iphonesimulator/PackageFrameworks -F /Users/ckubal/Library/Developer/Xcode/DerivedData/RunMusic-ehzzznpmcelkqvgvaslgdtzbrdcu/Build/Products/Debug-iphonesimulator/PackageFrameworks -F /Users/ckubal/Library/Developer/Xcode/DerivedData/RunMusic-ehzzznpmcelkqvgvaslgdtzbrdcu/Build/Products/Debug-iphonesimulator/PackageFrameworks -F /Users/ckubal/Library/Developer/Xcode/DerivedData/RunMusic-ehzzznpmcelkqvgvaslgdtzbrdcu/Build/Products/Debug-iphonesimulator/PackageFrameworks -F /Users/ckubal/Library/Developer/Xcode/DerivedData/RunMusic-ehzzznpmcelkqvgvaslgdtzbrdcu/Build/Products/Debug-iphonesimulator/PackageFrameworks -F /Users/ckubal/Library/Developer/Xcode/DerivedData/RunMusic-ehzzznpmcelkqvgvaslgdtzbrdcu/Build/Products/Debug-iphonesimulator/PackageFrameworks -F /Users/ckubal/Library/Developer/Xcode/DerivedData/RunMusic-ehzzznpmcelkqvgvaslgdtzbrdcu/Build/Products/Debug-iphonesimulator/PackageFrameworks -F /Users/ckubal/Library/Developer/Xcode/DerivedData/RunMusic-ehzzznpmcelkqvgvaslgdtzbrdcu/Build/Products/Debug-iphonesimulator/PackageFrameworks -F /Users/ckubal/Library/Developer/Xcode/DerivedData/RunMusic-ehzzznpmcelkqvgvaslgdtzbrdcu/Build/Products/Debug-iphonesimulator/PackageFrameworks -F /Users/ckubal/Library/Developer/Xcode/DerivedData/RunMusic-ehzzznpmcelkqvgvaslgdtzbrdcu/Build/Products/Debug-iphonesimulator/PackageFrameworks -F /Users/ckubal/Library/Developer/Xcode/DerivedData/RunMusic-ehzzznpmcelkqvgvaslgdtzbrdcu/Build/Products/Debug-iphonesimulator/PackageFrameworks -F /Users/ckubal/Library/Developer/Xcode/DerivedData/RunMusic-ehzzznpmcelkqvgvaslgdtzbrdcu/Build/Products/Debug-iphonesimulator/PackageFrameworks -F /Users/ckubal/Library/Developer/Xcode/DerivedData/RunMusic-ehzzznpmcelkqvgvaslgdtzbrdcu/Build/Products/Debug-iphonesimulator/PackageFrameworks -F /Users/ckubal/Library/Developer/Xcode/DerivedData/RunMusic-ehzzznpmcelkqvgvaslgdtzbrdcu/Build/Products/Debug-iphonesimulator/PackageFrameworks -F /Users/ckubal/Library/Developer/Xcode/DerivedData/RunMusic-ehzzznpmcelkqvgvaslgdtzbrdcu/Build/Products/Debug-iphonesimulator/PackageFrameworks -F /Users/ckubal/Library/Developer/Xcode/DerivedData/RunMusic-ehzzznpmcelkqvgvaslgdtzbrdcu/Build/Products/Debug-iphonesimulator/PackageFrameworks -F /Users/ckubal/Library/Developer/Xcode/DerivedData/RunMusic-ehzzznpmcelkqvgvaslgdtzbrdcu/Build/Products/Debug-iphonesimulator/PackageFrameworks -F /Users/ckubal/Library/Developer/Xcode/DerivedData/RunMusic-ehzzznpmcelkqvgvaslgdtzbrdcu/Build/Products/Debug-iphonesimulator/PackageFrameworks -F /Users/ckubal/Library/Developer/Xcode/DerivedData/RunMusic-ehzzznpmcelkqvgvaslgdtzbrdcu/Build/Products/Debug-iphonesimulator/PackageFrameworks -F /Users/ckubal/Library/Developer/Xcode/DerivedData/RunMusic-ehzzznpmcelkqvgvaslgdtzbrdcu/Build/Products/Debug-iphonesimulator/PackageFrameworks -F /Users/ckubal/Library/Developer/Xcode/DerivedData/RunMusic-ehzzznpmcelkqvgvaslgdtzbrdcu/Build/Products/Debug-iphonesimulator -emit-localized-strings -emit-localized-strings-path /Users/ckubal/Library/Developer/Xcode/DerivedData/RunMusic-ehzzznpmcelkqvgvaslgdtzbrdcu/Build/Intermediates.noindex/RunMusic.build/Debug-iphonesimulator/RunMusic.build/Objects-normal/arm64 -c -j10 -enable-batch-mode -incremental -Xcc -ivfsstatcache -Xcc /Users/ckubal/Library/Developer/Xcode/DerivedData/SDKStatCaches.noindex/iphonesimulator26.0-23A339-26257891a6c027eb51374368541b8346.sdkstatcache -output-file-map /Users/ckubal/Library/Developer/Xcode/DerivedData/RunMusic-ehzzznpmcelkqvgvaslgdtzbrdcu/Build/Intermediates.noindex/RunMusic.build/Debug-iphonesimulator/RunMusic.build/Objects-normal/arm64/RunMusic-OutputFileMap.json -use-frontend-parseable-output -save-temps -no-color-diagnostics -explicit-module-build -module-cache-path /Users/ckubal/Library/Developer/Xcode/DerivedData/RunMusic-ehzzznpmcelkqvgvaslgdtzbrdcu/Build/Intermediates.noindex/SwiftExplicitPrecompiledModules -clang-scanner-module-cache-path /Users/ckubal/Library/Developer/Xcode/DerivedData/ModuleCache.noindex -sdk-module-cache-path /Users/ckubal/Library/Developer/Xcode/DerivedData/ModuleCache.noindex -serialize-diagnostics -emit-dependencies -emit-module -emit-module-path /Users/ckubal/Library/Developer/Xcode/DerivedData/RunMusic-ehzzznpmcelkqvgvaslgdtzbrdcu/Build/Intermediates.noindex/RunMusic.build/Debug-iphonesimulator/RunMusic.build/Objects-normal/arm64/RunMusic.swiftmodule -validate-clang-modules-once -clang-build-session-file /Users/ckubal/Library/Developer/Xcode/DerivedData/ModuleCache.noindex/Session.modulevalidation -Xcc -I/Users/ckubal/Library/Developer/Xcode/DerivedData/RunMusic-ehzzznpmcelkqvgvaslgdtzbrdcu/Build/Intermediates.noindex/RunMusic.build/Debug-iphonesimulator/RunMusic.build/swift-overrides.hmap -emit-const-values -Xfrontend -const-gather-protocols-file -Xfrontend /Users/ckubal/Library/Developer/Xcode/DerivedData/RunMusic-ehzzznpmcelkqvgvaslgdtzbrdcu/Build/Intermediates.noindex/RunMusic.build/Debug-iphonesimulator/RunMusic.build/Objects-normal/arm64/RunMusic_const_extract_protocols.json -Xcc -iquote -Xcc /Users/ckubal/Library/Developer/Xcode/DerivedData/RunMusic-ehzzznpmcelkqvgvaslgdtzbrdcu/Build/Intermediates.noindex/RunMusic.build/Debug-iphonesimulator/RunMusic.build/RunMusic-generated-files.hmap -Xcc -I/Users/ckubal/Library/Developer/Xcode/DerivedData/RunMusic-ehzzznpmcelkqvgvaslgdtzbrdcu/Build/Intermediates.noindex/RunMusic.build/Debug-iphonesimulator/RunMusic.build/RunMusic-own-target-headers.hmap -Xcc -I/Users/ckubal/Library/Developer/Xcode/DerivedData/RunMusic-ehzzznpmcelkqvgvaslgdtzbrdcu/Build/Intermediates.noindex/RunMusic.build/Debug-iphonesimulator/RunMusic.build/RunMusic-all-non-framework-target-headers.hmap -Xcc -ivfsoverlay -Xcc /Users/ckubal/Library/Developer/Xcode/DerivedData/RunMusic-ehzzznpmcelkqvgvaslgdtzbrdcu/Build/Intermediates.noindex/RunMusic.build/Debug-iphonesimulator/RunMusic-9ea393dc3db56d2d01f40a6dd024fcf3-VFS-iphonesimulator/all-product-headers.yaml -Xcc -iquote -Xcc /Users/ckubal/Library/Developer/Xcode/DerivedData/RunMusic-ehzzznpmcelkqvgvaslgdtzbrdcu/Build/Intermediates.noindex/RunMusic.build/Debug-iphonesimulator/RunMusic.build/RunMusic-project-headers.hmap -Xcc -I/Users/ckubal/Library/Developer/Xcode/DerivedData/RunMusic-ehzzznpmcelkqvgvaslgdtzbrdcu/SourcePackages/checkouts/AppAuth-iOS/Sources/AppAuth -Xcc -I/Users/ckubal/Library/Developer/Xcode/DerivedData/RunMusic-ehzzznpmcelkqvgvaslgdtzbrdcu/SourcePackages/checkouts/AppAuth-iOS/Sources/AppAuthCore -Xcc -I/Users/ckubal/Library/Developer/Xcode/DerivedData/RunMusic-ehzzznpmcelkqvgvaslgdtzbrdcu/SourcePackages/checkouts/GoogleSignIn-iOS/GoogleSignIn/Sources/Public -Xcc -I/Users/ckubal/Library/Developer/Xcode/DerivedData/RunMusic-ehzzznpmcelkqvgvaslgdtzbrdcu/SourcePackages/checkouts/abseil-cpp-binary/absl-Wrapper/include -Xcc -I/Users/ckubal/Library/Developer/Xcode/DerivedData/RunMusic-ehzzznpmcelkqvgvaslgdtzbrdcu/SourcePackages/checkouts/grpc-binary/openssl-grpc-Wrapper/include -Xcc -I/Users/ckubal/Library/Developer/Xcode/DerivedData/RunMusic-ehzzznpmcelkqvgvaslgdtzbrdcu/SourcePackages/checkouts/grpc-binary/grpc-Wrapper/include -Xcc -I/Users/ckubal/Library/Developer/Xcode/DerivedData/RunMusic-ehzzznpmcelkqvgvaslgdtzbrdcu/SourcePackages/checkouts/grpc-binary/grpcpp-Wrapper/include -Xcc -I/Users/ckubal/Library/Developer/Xcode/DerivedData/RunMusic-ehzzznpmcelkqvgvaslgdtzbrdcu/SourcePackages/checkouts/nanopb/spm_headers -Xcc -I/Users/ckubal/Library/Developer/Xcode/DerivedData/RunMusic-ehzzznpmcelkqvgvaslgdtzbrdcu/SourcePackages/checkouts/leveldb/include -Xcc -I/Users/ckubal/Library/Developer/Xcode/DerivedData/RunMusic-ehzzznpmcelkqvgvaslgdtzbrdcu/SourcePackages/checkouts/firebase-ios-sdk/FirebaseFirestoreInternal -Xcc -I/Users/ckubal/Library/Developer/Xcode/DerivedData/RunMusic-ehzzznpmcelkqvgvaslgdtzbrdcu/SourcePackages/checkouts/firebase-ios-sdk/SwiftPM-PlatformExclude/FirebaseFirestoreWrap/include -Xcc -I/Users/ckubal/Library/Developer/Xcode/DerivedData/RunMusic-ehzzznpmcelkqvgvaslgdtzbrdcu/SourcePackages/checkouts/GoogleUtilities/GoogleUtilities/Network/Public -Xcc -I/Users/ckubal/Library/Developer/Xcode/DerivedData/RunMusic-ehzzznpmcelkqvgvaslgdtzbrdcu/SourcePackages/checkouts/GoogleUtilities/GoogleUtilities/Reachability/Public -Xcc -I/Users/ckubal/Library/Developer/Xcode/DerivedData/RunMusic-ehzzznpmcelkqvgvaslgdtzbrdcu/SourcePackages/checkouts/GoogleUtilities/GoogleUtilities/AppDelegateSwizzler/Public -Xcc -I/Users/ckubal/Library/Developer/Xcode/DerivedData/RunMusic-ehzzznpmcelkqvgvaslgdtzbrdcu/SourcePackages/checkouts/interop-ios-for-google-sdks/RecaptchaEnterprise/RecaptchaInterop/Public -Xcc -I/Users/ckubal/Library/Developer/Xcode/DerivedData/RunMusic-ehzzznpmcelkqvgvaslgdtzbrdcu/SourcePackages/checkouts/firebase-ios-sdk/FirebaseAuth/Sources/Public -Xcc -I/Users/ckubal/Library/Developer/Xcode/DerivedData/RunMusic-ehzzznpmcelkqvgvaslgdtzbrdcu/SourcePackages/checkouts/GoogleUtilities/GoogleUtilities/NSData+zlib/Public -Xcc -I/Users/ckubal/Library/Developer/Xcode/DerivedData/RunMusic-ehzzznpmcelkqvgvaslgdtzbrdcu/SourcePackages/checkouts/promises/Sources/FBLPromises/include -Xcc -I/Users/ckubal/Library/Developer/Xcode/DerivedData/RunMusic-ehzzznpmcelkqvgvaslgdtzbrdcu/SourcePackages/checkouts/GoogleUtilities/GoogleUtilities/Environment/Public -Xcc -I/Users/ckubal/Library/Developer/Xcode/DerivedData/RunMusic-ehzzznpmcelkqvgvaslgdtzbrdcu/SourcePackages/checkouts/GoogleUtilities/third_party/IsAppEncrypted/Public -Xcc -I/Users/ckubal/Library/Developer/Xcode/DerivedData/RunMusic-ehzzznpmcelkqvgvaslgdtzbrdcu/SourcePackages/checkouts/GoogleUtilities/GoogleUtilities/Logger/Public -Xcc -I/Users/ckubal/Library/Developer/Xcode/DerivedData/RunMusic-ehzzznpmcelkqvgvaslgdtzbrdcu/SourcePackages/checkouts/gtm-session-fetcher/Sources/Core/Public -Xcc -I/Users/ckubal/Library/Developer/Xcode/DerivedData/RunMusic-ehzzznpmcelkqvgvaslgdtzbrdcu/SourcePackages/checkouts/firebase-ios-sdk/FirebaseMessaging/Interop -Xcc -I/Users/ckubal/Library/Developer/Xcode/DerivedData/RunMusic-ehzzznpmcelkqvgvaslgdtzbrdcu/SourcePackages/checkouts/firebase-ios-sdk/FirebaseCore/Extension -Xcc -I/Users/ckubal/Library/Developer/Xcode/DerivedData/RunMusic-ehzzznpmcelkqvgvaslgdtzbrdcu/SourcePackages/checkouts/firebase-ios-sdk/FirebaseCore/Sources/Public -Xcc -I/Users/ckubal/Library/Developer/Xcode/DerivedData/RunMusic-ehzzznpmcelkqvgvaslgdtzbrdcu/SourcePackages/checkouts/firebase-ios-sdk/CoreOnly/Sources -Xcc -I/Users/ckubal/Library/Developer/Xcode/DerivedData/RunMusic-ehzzznpmcelkqvgvaslgdtzbrdcu/SourcePackages/checkouts/firebase-ios-sdk/FirebaseAuth/Interop -Xcc -I/Users/ckubal/Library/Developer/Xcode/DerivedData/RunMusic-ehzzznpmcelkqvgvaslgdtzbrdcu/SourcePackages/checkouts/firebase-ios-sdk/FirebaseAppCheck/Interop/Public -Xcc -I/Users/ckubal/Library/Developer/Xcode/DerivedData/RunMusic-ehzzznpmcelkqvgvaslgdtzbrdcu/Build/Products/Debug-iphonesimulator/include -Xcc -I/Users/ckubal/Library/Developer/Xcode/DerivedData/RunMusic-ehzzznpmcelkqvgvaslgdtzbrdcu/Build/Intermediates.noindex/RunMusic.build/Debug-iphonesimulator/RunMusic.build/DerivedSources-normal/arm64 -Xcc -I/Users/ckubal/Library/Developer/Xcode/DerivedData/RunMusic-ehzzznpmcelkqvgvaslgdtzbrdcu/Build/Intermediates.noindex/RunMusic.build/Debug-iphonesimulator/RunMusic.build/DerivedSources/arm64 -Xcc -I/Users/ckubal/Library/Developer/Xcode/DerivedData/RunMusic-ehzzznpmcelkqvgvaslgdtzbrdcu/Build/Intermediates.noindex/RunMusic.build/Debug-iphonesimulator/RunMusic.build/DerivedSources -Xcc -DDEBUG\=1 -emit-objc-header -emit-objc-header-path /Users/ckubal/Library/Developer/Xcode/DerivedData/RunMusic-ehzzznpmcelkqvgvaslgdtzbrdcu/Build/Intermediates.noindex/RunMusic.build/Debug-iphonesimulator/RunMusic.build/Objects-normal/arm64/RunMusic-Swift.h -working-directory /Users/ckubal/Documents/Programming/iOS\ Programming\ Projects/RunMusic -experimental-emit-module-separately -disable-cmo

Ld /Users/ckubal/Library/Developer/Xcode/DerivedData/RunMusic-ehzzznpmcelkqvgvaslgdtzbrdcu/Build/Products/Debug-iphonesimulator/RunMusic.app/RunMusic.debug.dylib normal (in target 'RunMusic' from project 'RunMusic')
    cd /Users/ckubal/Documents/Programming/iOS\ Programming\ Projects/RunMusic
    /Applications/Xcode.app/Contents/Developer/Toolchains/XcodeDefault.xctoolchain/usr/bin/clang -Xlinker -reproducible -target arm64-apple-ios17.6-simulator -dynamiclib -isysroot /Applications/Xcode.app/Contents/Developer/Platforms/iPhoneSimulator.platform/Developer/SDKs/iPhoneSimulator26.0.sdk -O0 -L/Users/ckubal/Library/Developer/Xcode/DerivedData/RunMusic-ehzzznpmcelkqvgvaslgdtzbrdcu/Build/Intermediates.noindex/EagerLinkingTBDs/Debug-iphonesimulator -L/Users/ckubal/Library/Developer/Xcode/DerivedData/RunMusic-ehzzznpmcelkqvgvaslgdtzbrdcu/Build/Products/Debug-iphonesimulator -F/Users/ckubal/Library/Developer/Xcode/DerivedData/RunMusic-ehzzznpmcelkqvgvaslgdtzbrdcu/Build/Intermediates.noindex/EagerLinkingTBDs/Debug-iphonesimulator -F/Users/ckubal/Library/Developer/Xcode/DerivedData/RunMusic-ehzzznpmcelkqvgvaslgdtzbrdcu/Build/Products/Debug-iphonesimulator/PackageFrameworks -F/Users/ckubal/Library/Developer/Xcode/DerivedData/RunMusic-ehzzznpmcelkqvgvaslgdtzbrdcu/Build/Products/Debug-iphonesimulator/PackageFrameworks -F/Users/ckubal/Library/Developer/Xcode/DerivedData/RunMusic-ehzzznpmcelkqvgvaslgdtzbrdcu/Build/Products/Debug-iphonesimulator/PackageFrameworks -F/Users/ckubal/Library/Developer/Xcode/DerivedData/RunMusic-ehzzznpmcelkqvgvaslgdtzbrdcu/Build/Products/Debug-iphonesimulator/PackageFrameworks -F/Users/ckubal/Library/Developer/Xcode/DerivedData/RunMusic-ehzzznpmcelkqvgvaslgdtzbrdcu/Build/Products/Debug-iphonesimulator/PackageFrameworks -F/Users/ckubal/Library/Developer/Xcode/DerivedData/RunMusic-ehzzznpmcelkqvgvaslgdtzbrdcu/Build/Products/Debug-iphonesimulator/PackageFrameworks -F/Users/ckubal/Library/Developer/Xcode/DerivedData/RunMusic-ehzzznpmcelkqvgvaslgdtzbrdcu/Build/Products/Debug-iphonesimulator/PackageFrameworks -F/Users/ckubal/Library/Developer/Xcode/DerivedData/RunMusic-ehzzznpmcelkqvgvaslgdtzbrdcu/Build/Products/Debug-iphonesimulator/PackageFrameworks -F/Users/ckubal/Library/Developer/Xcode/DerivedData/RunMusic-ehzzznpmcelkqvgvaslgdtzbrdcu/Build/Products/Debug-iphonesimulator/PackageFrameworks -F/Users/ckubal/Library/Developer/Xcode/DerivedData/RunMusic-ehzzznpmcelkqvgvaslgdtzbrdcu/Build/Products/Debug-iphonesimulator/PackageFrameworks -F/Users/ckubal/Library/Developer/Xcode/DerivedData/RunMusic-ehzzznpmcelkqvgvaslgdtzbrdcu/Build/Products/Debug-iphonesimulator/PackageFrameworks -F/Users/ckubal/Library/Developer/Xcode/DerivedData/RunMusic-ehzzznpmcelkqvgvaslgdtzbrdcu/Build/Products/Debug-iphonesimulator/PackageFrameworks -F/Users/ckubal/Library/Developer/Xcode/DerivedData/RunMusic-ehzzznpmcelkqvgvaslgdtzbrdcu/Build/Products/Debug-iphonesimulator/PackageFrameworks -F/Users/ckubal/Library/Developer/Xcode/DerivedData/RunMusic-ehzzznpmcelkqvgvaslgdtzbrdcu/Build/Products/Debug-iphonesimulator/PackageFrameworks -F/Users/ckubal/Library/Developer/Xcode/DerivedData/RunMusic-ehzzznpmcelkqvgvaslgdtzbrdcu/Build/Products/Debug-iphonesimulator/PackageFrameworks -F/Users/ckubal/Library/Developer/Xcode/DerivedData/RunMusic-ehzzznpmcelkqvgvaslgdtzbrdcu/Build/Products/Debug-iphonesimulator/PackageFrameworks -F/Users/ckubal/Library/Developer/Xcode/DerivedData/RunMusic-ehzzznpmcelkqvgvaslgdtzbrdcu/Build/Products/Debug-iphonesimulator/PackageFrameworks -F/Users/ckubal/Library/Developer/Xcode/DerivedData/RunMusic-ehzzznpmcelkqvgvaslgdtzbrdcu/Build/Products/Debug-iphonesimulator/PackageFrameworks -F/Users/ckubal/Library/Developer/Xcode/DerivedData/RunMusic-ehzzznpmcelkqvgvaslgdtzbrdcu/Build/Products/Debug-iphonesimulator/PackageFrameworks -F/Users/ckubal/Library/Developer/Xcode/DerivedData/RunMusic-ehzzznpmcelkqvgvaslgdtzbrdcu/Build/Products/Debug-iphonesimulator/PackageFrameworks -F/Users/ckubal/Library/Developer/Xcode/DerivedData/RunMusic-ehzzznpmcelkqvgvaslgdtzbrdcu/Build/Products/Debug-iphonesimulator/PackageFrameworks -F/Users/ckubal/Library/Developer/Xcode/DerivedData/RunMusic-ehzzznpmcelkqvgvaslgdtzbrdcu/Build/Products/Debug-iphonesimulator/PackageFrameworks -F/Users/ckubal/Library/Developer/Xcode/DerivedData/RunMusic-ehzzznpmcelkqvgvaslgdtzbrdcu/Build/Products/Debug-iphonesimulator/PackageFrameworks -F/Users/ckubal/Library/Developer/Xcode/DerivedData/RunMusic-ehzzznpmcelkqvgvaslgdtzbrdcu/Build/Products/Debug-iphonesimulator/PackageFrameworks -F/Users/ckubal/Library/Developer/Xcode/DerivedData/RunMusic-ehzzznpmcelkqvgvaslgdtzbrdcu/Build/Products/Debug-iphonesimulator/PackageFrameworks -F/Users/ckubal/Library/Developer/Xcode/DerivedData/RunMusic-ehzzznpmcelkqvgvaslgdtzbrdcu/Build/Products/Debug-iphonesimulator/PackageFrameworks -F/Users/ckubal/Library/Developer/Xcode/DerivedData/RunMusic-ehzzznpmcelkqvgvaslgdtzbrdcu/Build/Products/Debug-iphonesimulator/PackageFrameworks -F/Users/ckubal/Library/Developer/Xcode/DerivedData/RunMusic-ehzzznpmcelkqvgvaslgdtzbrdcu/Build/Products/Debug-iphonesimulator/PackageFrameworks -F/Users/ckubal/Library/Developer/Xcode/DerivedData/RunMusic-ehzzznpmcelkqvgvaslgdtzbrdcu/Build/Products/Debug-iphonesimulator/PackageFrameworks -F/Users/ckubal/Library/Developer/Xcode/DerivedData/RunMusic-ehzzznpmcelkqvgvaslgdtzbrdcu/Build/Products/Debug-iphonesimulator/PackageFrameworks -F/Users/ckubal/Library/Developer/Xcode/DerivedData/RunMusic-ehzzznpmcelkqvgvaslgdtzbrdcu/Build/Products/Debug-iphonesimulator/PackageFrameworks -F/Users/ckubal/Library/Developer/Xcode/DerivedData/RunMusic-ehzzznpmcelkqvgvaslgdtzbrdcu/Build/Products/Debug-iphonesimulator/PackageFrameworks -F/Users/ckubal/Library/Developer/Xcode/DerivedData/RunMusic-ehzzznpmcelkqvgvaslgdtzbrdcu/Build/Products/Debug-iphonesimulator/PackageFrameworks -F/Users/ckubal/Library/Developer/Xcode/DerivedData/RunMusic-ehzzznpmcelkqvgvaslgdtzbrdcu/Build/Products/Debug-iphonesimulator/PackageFrameworks -F/Users/ckubal/Library/Developer/Xcode/DerivedData/RunMusic-ehzzznpmcelkqvgvaslgdtzbrdcu/Build/Products/Debug-iphonesimulator -filelist /Users/ckubal/Library/Developer/Xcode/DerivedData/RunMusic-ehzzznpmcelkqvgvaslgdtzbrdcu/Build/Intermediates.noindex/RunMusic.build/Debug-iphonesimulator/RunMusic.build/Objects-normal/arm64/RunMusic.LinkFileList -install_name @rpath/RunMusic.debug.dylib -Xlinker -rpath -Xlinker /usr/lib/swift -Xlinker -rpath -Xlinker /Users/ckubal/Library/Developer/Xcode/DerivedData/RunMusic-ehzzznpmcelkqvgvaslgdtzbrdcu/Build/Products/Debug-iphonesimulator/PackageFrameworks -Xlinker -rpath -Xlinker @executable_path/Frameworks -dead_strip -Xlinker -object_path_lto -Xlinker /Users/ckubal/Library/Developer/Xcode/DerivedData/RunMusic-ehzzznpmcelkqvgvaslgdtzbrdcu/Build/Intermediates.noindex/RunMusic.build/Debug-iphonesimulator/RunMusic.build/Objects-normal/arm64/RunMusic_lto.o -rdynamic -Xlinker -no_deduplicate -Xlinker -objc_abi_version -Xlinker 2 -Xlinker -dependency_info -Xlinker /Users/ckubal/Library/Developer/Xcode/DerivedData/RunMusic-ehzzznpmcelkqvgvaslgdtzbrdcu/Build/Intermediates.noindex/RunMusic.build/Debug-iphonesimulator/RunMusic.build/Objects-normal/arm64/RunMusic_dependency_info.dat -fobjc-link-runtime -L/Applications/Xcode.app/Contents/Developer/Toolchains/XcodeDefault.xctoolchain/usr/lib/swift/iphonesimulator -L/usr/lib/swift -Xlinker -add_ast_path -Xlinker /Users/ckubal/Library/Developer/Xcode/DerivedData/RunMusic-ehzzznpmcelkqvgvaslgdtzbrdcu/Build/Intermediates.noindex/RunMusic.build/Debug-iphonesimulator/RunMusic.build/Objects-normal/arm64/RunMusic.swiftmodule @/Users/ckubal/Library/Developer/Xcode/DerivedData/RunMusic-ehzzznpmcelkqvgvaslgdtzbrdcu/Build/Intermediates.noindex/RunMusic.build/Debug-iphonesimulator/RunMusic.build/Objects-normal/arm64/RunMusic-linker-args.resp -Wl,-no_warn_duplicate_libraries -Wl,-no_warn_duplicate_libraries -Wl,-no_warn_duplicate_libraries -Wl,-no_warn_duplicate_libraries -Wl,-no_warn_duplicate_libraries -Wl,-no_warn_duplicate_libraries -Wl,-no_warn_duplicate_libraries -Wl,-no_warn_duplicate_libraries -Wl,-no_warn_duplicate_libraries -Wl,-no_warn_duplicate_libraries -lc++ -Wl,-no_warn_duplicate_libraries -Wl,-no_warn_duplicate_libraries -Wl,-no_warn_duplicate_libraries -Wl,-no_warn_duplicate_libraries -Wl,-no_warn_duplicate_libraries -Wl,-no_warn_duplicate_libraries -Wl,-no_warn_duplicate_libraries -Wl,-no_warn_duplicate_libraries -Wl,-no_warn_duplicate_libraries -Wl,-no_warn_duplicate_libraries -Wl,-no_warn_duplicate_libraries -Wl,-no_warn_duplicate_libraries -Wl,-no_warn_duplicate_libraries -Wl,-no_warn_duplicate_libraries -Wl,-no_warn_duplicate_libraries -Wl,-no_warn_duplicate_libraries -Wl,-no_warn_duplicate_libraries -Wl,-no_warn_duplicate_libraries -Wl,-no_warn_duplicate_libraries -Wl,-no_warn_duplicate_libraries -Wl,-no_warn_duplicate_libraries -Wl,-no_warn_duplicate_libraries -Wl,-no_warn_duplicate_libraries -Wl,-no_warn_duplicate_libraries -framework UIKit -lz -framework Security -framework SafariServices -lc++ -framework SystemConfiguration -framework UIKit -framework CoreGraphics -framework CoreText -framework Foundation -framework LocalAuthentication -framework Security -framework UIKit -framework Security -Xlinker -alias -Xlinker _main -Xlinker ___debug_main_executable_dylib_entry_point -framework FirebaseFirestoreInternal -framework absl -framework grpcpp -framework grpc -framework openssl_grpc -Xlinker -no_adhoc_codesign -o /Users/ckubal/Library/Developer/Xcode/DerivedData/RunMusic-ehzzznpmcelkqvgvaslgdtzbrdcu/Build/Products/Debug-iphonesimulator/RunMusic.app/RunMusic.debug.dylib -Xlinker -add_ast_path -Xlinker /Users/ckubal/Library/Developer/Xcode/DerivedData/RunMusic-ehzzznpmcelkqvgvaslgdtzbrdcu/Build/Intermediates.noindex/Lottie.build/Debug-iphonesimulator/Lottie.build/Objects-normal/arm64/Lottie.swiftmodule @/Users/ckubal/Library/Developer/Xcode/DerivedData/RunMusic-ehzzznpmcelkqvgvaslgdtzbrdcu/Build/Intermediates.noindex/Lottie.build/Debug-iphonesimulator/Lottie.build/Objects-normal/arm64/Lottie-linker-args.resp -Xlinker -add_ast_path -Xlinker /Users/ckubal/Library/Developer/Xcode/DerivedData/RunMusic-ehzzznpmcelkqvgvaslgdtzbrdcu/Build/Intermediates.noindex/GTMAppAuth.build/Debug-iphonesimulator/GTMAppAuth.build/Objects-normal/arm64/GTMAppAuth.swiftmodule @/Users/ckubal/Library/Developer/Xcode/DerivedData/RunMusic-ehzzznpmcelkqvgvaslgdtzbrdcu/Build/Intermediates.noindex/GTMAppAuth.build/Debug-iphonesimulator/GTMAppAuth.build/Objects-normal/arm64/GTMAppAuth-linker-args.resp -Xlinker -add_ast_path -Xlinker /Users/ckubal/Library/Developer/Xcode/DerivedData/RunMusic-ehzzznpmcelkqvgvaslgdtzbrdcu/Build/Intermediates.noindex/Firebase.build/Debug-iphonesimulator/FirebaseCoreInternal.build/Objects-normal/arm64/FirebaseCoreInternal.swiftmodule @/Users/ckubal/Library/Developer/Xcode/DerivedData/RunMusic-ehzzznpmcelkqvgvaslgdtzbrdcu/Build/Intermediates.noindex/Firebase.build/Debug-iphonesimulator/FirebaseCoreInternal.build/Objects-normal/arm64/FirebaseCoreInternal-linker-args.resp -Xlinker -add_ast_path -Xlinker /Users/ckubal/Library/Developer/Xcode/DerivedData/RunMusic-ehzzznpmcelkqvgvaslgdtzbrdcu/Build/Intermediates.noindex/Firebase.build/Debug-iphonesimulator/FirebaseSharedSwift.build/Objects-normal/arm64/FirebaseSharedSwift.swiftmodule @/Users/ckubal/Library/Developer/Xcode/DerivedData/RunMusic-ehzzznpmcelkqvgvaslgdtzbrdcu/Build/Intermediates.noindex/Firebase.build/Debug-iphonesimulator/FirebaseSharedSwift.build/Objects-normal/arm64/FirebaseSharedSwift-linker-args.resp -Xlinker -add_ast_path -Xlinker /Users/ckubal/Library/Developer/Xcode/DerivedData/RunMusic-ehzzznpmcelkqvgvaslgdtzbrdcu/Build/Intermediates.noindex/Firebase.build/Debug-iphonesimulator/FirebaseFirestore.build/Objects-normal/arm64/FirebaseFirestore.swiftmodule @/Users/ckubal/Library/Developer/Xcode/DerivedData/RunMusic-ehzzznpmcelkqvgvaslgdtzbrdcu/Build/Intermediates.noindex/Firebase.build/Debug-iphonesimulator/FirebaseFirestore.build/Objects-normal/arm64/FirebaseFirestore-linker-args.resp -Xlinker -add_ast_path -Xlinker /Users/ckubal/Library/Developer/Xcode/DerivedData/RunMusic-ehzzznpmcelkqvgvaslgdtzbrdcu/Build/Intermediates.noindex/Firebase.build/Debug-iphonesimulator/FirebaseFunctions.build/Objects-normal/arm64/FirebaseFunctions.swiftmodule @/Users/ckubal/Library/Developer/Xcode/DerivedData/RunMusic-ehzzznpmcelkqvgvaslgdtzbrdcu/Build/Intermediates.noindex/Firebase.build/Debug-iphonesimulator/FirebaseFunctions.build/Objects-normal/arm64/FirebaseFunctions-linker-args.resp

ConstructStubExecutorLinkFileList /Users/ckubal/Library/Developer/Xcode/DerivedData/RunMusic-ehzzznpmcelkqvgvaslgdtzbrdcu/Build/Intermediates.noindex/RunMusic.build/Debug-iphonesimulator/RunMusic.build/RunMusic-ExecutorLinkFileList-normal-arm64.txt (in target 'RunMusic' from project 'RunMusic')
    cd /Users/ckubal/Documents/Programming/iOS\ Programming\ Projects/RunMusic
    construct-stub-executor-link-file-list /Users/ckubal/Library/Developer/Xcode/DerivedData/RunMusic-ehzzznpmcelkqvgvaslgdtzbrdcu/Build/Products/Debug-iphonesimulator/RunMusic.app/RunMusic.debug.dylib /Applications/Xcode.app/Contents/Developer/Platforms/iPhoneSimulator.platform/Developer/usr/lib/libPreviewsJITStubExecutor_no_swift_entry_point.a /Applications/Xcode.app/Contents/Developer/Platforms/iPhoneSimulator.platform/Developer/usr/lib/libPreviewsJITStubExecutor.a --output /Users/ckubal/Library/Developer/Xcode/DerivedData/RunMusic-ehzzznpmcelkqvgvaslgdtzbrdcu/Build/Intermediates.noindex/RunMusic.build/Debug-iphonesimulator/RunMusic.build/RunMusic-ExecutorLinkFileList-normal-arm64.txt
note: Using stub executor library with Swift entry point. (in target 'RunMusic' from project 'RunMusic')

Ld /Users/ckubal/Library/Developer/Xcode/DerivedData/RunMusic-ehzzznpmcelkqvgvaslgdtzbrdcu/Build/Products/Debug-iphonesimulator/RunMusic.app/RunMusic normal (in target 'RunMusic' from project 'RunMusic')
    cd /Users/ckubal/Documents/Programming/iOS\ Programming\ Projects/RunMusic
    /Applications/Xcode.app/Contents/Developer/Toolchains/XcodeDefault.xctoolchain/usr/bin/clang -Xlinker -reproducible -target arm64-apple-ios17.6-simulator -isysroot /Applications/Xcode.app/Contents/Developer/Platforms/iPhoneSimulator.platform/Developer/SDKs/iPhoneSimulator26.0.sdk -O0 -L/Users/ckubal/Library/Developer/Xcode/DerivedData/RunMusic-ehzzznpmcelkqvgvaslgdtzbrdcu/Build/Products/Debug-iphonesimulator -F/Users/ckubal/Library/Developer/Xcode/DerivedData/RunMusic-ehzzznpmcelkqvgvaslgdtzbrdcu/Build/Products/Debug-iphonesimulator/PackageFrameworks -F/Users/ckubal/Library/Developer/Xcode/DerivedData/RunMusic-ehzzznpmcelkqvgvaslgdtzbrdcu/Build/Products/Debug-iphonesimulator/PackageFrameworks -F/Users/ckubal/Library/Developer/Xcode/DerivedData/RunMusic-ehzzznpmcelkqvgvaslgdtzbrdcu/Build/Products/Debug-iphonesimulator/PackageFrameworks -F/Users/ckubal/Library/Developer/Xcode/DerivedData/RunMusic-ehzzznpmcelkqvgvaslgdtzbrdcu/Build/Products/Debug-iphonesimulator/PackageFrameworks -F/Users/ckubal/Library/Developer/Xcode/DerivedData/RunMusic-ehzzznpmcelkqvgvaslgdtzbrdcu/Build/Products/Debug-iphonesimulator/PackageFrameworks -F/Users/ckubal/Library/Developer/Xcode/DerivedData/RunMusic-ehzzznpmcelkqvgvaslgdtzbrdcu/Build/Products/Debug-iphonesimulator/PackageFrameworks -F/Users/ckubal/Library/Developer/Xcode/DerivedData/RunMusic-ehzzznpmcelkqvgvaslgdtzbrdcu/Build/Products/Debug-iphonesimulator/PackageFrameworks -F/Users/ckubal/Library/Developer/Xcode/DerivedData/RunMusic-ehzzznpmcelkqvgvaslgdtzbrdcu/Build/Products/Debug-iphonesimulator/PackageFrameworks -F/Users/ckubal/Library/Developer/Xcode/DerivedData/RunMusic-ehzzznpmcelkqvgvaslgdtzbrdcu/Build/Products/Debug-iphonesimulator/PackageFrameworks -F/Users/ckubal/Library/Developer/Xcode/DerivedData/RunMusic-ehzzznpmcelkqvgvaslgdtzbrdcu/Build/Products/Debug-iphonesimulator/PackageFrameworks -F/Users/ckubal/Library/Developer/Xcode/DerivedData/RunMusic-ehzzznpmcelkqvgvaslgdtzbrdcu/Build/Products/Debug-iphonesimulator/PackageFrameworks -F/Users/ckubal/Library/Developer/Xcode/DerivedData/RunMusic-ehzzznpmcelkqvgvaslgdtzbrdcu/Build/Products/Debug-iphonesimulator/PackageFrameworks -F/Users/ckubal/Library/Developer/Xcode/DerivedData/RunMusic-ehzzznpmcelkqvgvaslgdtzbrdcu/Build/Products/Debug-iphonesimulator/PackageFrameworks -F/Users/ckubal/Library/Developer/Xcode/DerivedData/RunMusic-ehzzznpmcelkqvgvaslgdtzbrdcu/Build/Products/Debug-iphonesimulator/PackageFrameworks -F/Users/ckubal/Library/Developer/Xcode/DerivedData/RunMusic-ehzzznpmcelkqvgvaslgdtzbrdcu/Build/Products/Debug-iphonesimulator/PackageFrameworks -F/Users/ckubal/Library/Developer/Xcode/DerivedData/RunMusic-ehzzznpmcelkqvgvaslgdtzbrdcu/Build/Products/Debug-iphonesimulator/PackageFrameworks -F/Users/ckubal/Library/Developer/Xcode/DerivedData/RunMusic-ehzzznpmcelkqvgvaslgdtzbrdcu/Build/Products/Debug-iphonesimulator/PackageFrameworks -F/Users/ckubal/Library/Developer/Xcode/DerivedData/RunMusic-ehzzznpmcelkqvgvaslgdtzbrdcu/Build/Products/Debug-iphonesimulator/PackageFrameworks -F/Users/ckubal/Library/Developer/Xcode/DerivedData/RunMusic-ehzzznpmcelkqvgvaslgdtzbrdcu/Build/Products/Debug-iphonesimulator/PackageFrameworks -F/Users/ckubal/Library/Developer/Xcode/DerivedData/RunMusic-ehzzznpmcelkqvgvaslgdtzbrdcu/Build/Products/Debug-iphonesimulator/PackageFrameworks -F/Users/ckubal/Library/Developer/Xcode/DerivedData/RunMusic-ehzzznpmcelkqvgvaslgdtzbrdcu/Build/Products/Debug-iphonesimulator/PackageFrameworks -F/Users/ckubal/Library/Developer/Xcode/DerivedData/RunMusic-ehzzznpmcelkqvgvaslgdtzbrdcu/Build/Products/Debug-iphonesimulator/PackageFrameworks -F/Users/ckubal/Library/Developer/Xcode/DerivedData/RunMusic-ehzzznpmcelkqvgvaslgdtzbrdcu/Build/Products/Debug-iphonesimulator/PackageFrameworks -F/Users/ckubal/Library/Developer/Xcode/DerivedData/RunMusic-ehzzznpmcelkqvgvaslgdtzbrdcu/Build/Products/Debug-iphonesimulator/PackageFrameworks -F/Users/ckubal/Library/Developer/Xcode/DerivedData/RunMusic-ehzzznpmcelkqvgvaslgdtzbrdcu/Build/Products/Debug-iphonesimulator/PackageFrameworks -F/Users/ckubal/Library/Developer/Xcode/DerivedData/RunMusic-ehzzznpmcelkqvgvaslgdtzbrdcu/Build/Products/Debug-iphonesimulator/PackageFrameworks -F/Users/ckubal/Library/Developer/Xcode/DerivedData/RunMusic-ehzzznpmcelkqvgvaslgdtzbrdcu/Build/Products/Debug-iphonesimulator/PackageFrameworks -F/Users/ckubal/Library/Developer/Xcode/DerivedData/RunMusic-ehzzznpmcelkqvgvaslgdtzbrdcu/Build/Products/Debug-iphonesimulator/PackageFrameworks -F/Users/ckubal/Library/Developer/Xcode/DerivedData/RunMusic-ehzzznpmcelkqvgvaslgdtzbrdcu/Build/Products/Debug-iphonesimulator/PackageFrameworks -F/Users/ckubal/Library/Developer/Xcode/DerivedData/RunMusic-ehzzznpmcelkqvgvaslgdtzbrdcu/Build/Products/Debug-iphonesimulator/PackageFrameworks -F/Users/ckubal/Library/Developer/Xcode/DerivedData/RunMusic-ehzzznpmcelkqvgvaslgdtzbrdcu/Build/Products/Debug-iphonesimulator/PackageFrameworks -F/Users/ckubal/Library/Developer/Xcode/DerivedData/RunMusic-ehzzznpmcelkqvgvaslgdtzbrdcu/Build/Products/Debug-iphonesimulator/PackageFrameworks -F/Users/ckubal/Library/Developer/Xcode/DerivedData/RunMusic-ehzzznpmcelkqvgvaslgdtzbrdcu/Build/Products/Debug-iphonesimulator/PackageFrameworks -F/Users/ckubal/Library/Developer/Xcode/DerivedData/RunMusic-ehzzznpmcelkqvgvaslgdtzbrdcu/Build/Products/Debug-iphonesimulator/PackageFrameworks -F/Users/ckubal/Library/Developer/Xcode/DerivedData/RunMusic-ehzzznpmcelkqvgvaslgdtzbrdcu/Build/Products/Debug-iphonesimulator -Xlinker -rpath -Xlinker @executable_path -Xlinker -rpath -Xlinker /Users/ckubal/Library/Developer/Xcode/DerivedData/RunMusic-ehzzznpmcelkqvgvaslgdtzbrdcu/Build/Products/Debug-iphonesimulator/PackageFrameworks -Xlinker -rpath -Xlinker @executable_path/Frameworks -rdynamic -Xlinker -no_deduplicate -Xlinker -objc_abi_version -Xlinker 2 -e ___debug_blank_executor_main -Xlinker -sectcreate -Xlinker __TEXT -Xlinker __debug_dylib -Xlinker /Users/ckubal/Library/Developer/Xcode/DerivedData/RunMusic-ehzzznpmcelkqvgvaslgdtzbrdcu/Build/Intermediates.noindex/RunMusic.build/Debug-iphonesimulator/RunMusic.build/RunMusic-DebugDylibPath-normal-arm64.txt -Xlinker -sectcreate -Xlinker __TEXT -Xlinker __debug_instlnm -Xlinker /Users/ckubal/Library/Developer/Xcode/DerivedData/RunMusic-ehzzznpmcelkqvgvaslgdtzbrdcu/Build/Intermediates.noindex/RunMusic.build/Debug-iphonesimulator/RunMusic.build/RunMusic-DebugDylibInstallName-normal-arm64.txt -Xlinker -filelist -Xlinker /Users/ckubal/Library/Developer/Xcode/DerivedData/RunMusic-ehzzznpmcelkqvgvaslgdtzbrdcu/Build/Intermediates.noindex/RunMusic.build/Debug-iphonesimulator/RunMusic.build/RunMusic-ExecutorLinkFileList-normal-arm64.txt -Xlinker -sectcreate -Xlinker __TEXT -Xlinker __entitlements -Xlinker /Users/ckubal/Library/Developer/Xcode/DerivedData/RunMusic-ehzzznpmcelkqvgvaslgdtzbrdcu/Build/Intermediates.noindex/RunMusic.build/Debug-iphonesimulator/RunMusic.build/RunMusic.app-Simulated.xcent -Xlinker -sectcreate -Xlinker __TEXT -Xlinker __ents_der -Xlinker /Users/ckubal/Library/Developer/Xcode/DerivedData/RunMusic-ehzzznpmcelkqvgvaslgdtzbrdcu/Build/Intermediates.noindex/RunMusic.build/Debug-iphonesimulator/RunMusic.build/RunMusic.app-Simulated.xcent.der /Users/ckubal/Library/Developer/Xcode/DerivedData/RunMusic-ehzzznpmcelkqvgvaslgdtzbrdcu/Build/Products/Debug-iphonesimulator/RunMusic.app/RunMusic.debug.dylib -Xlinker -no_adhoc_codesign -o /Users/ckubal/Library/Developer/Xcode/DerivedData/RunMusic-ehzzznpmcelkqvgvaslgdtzbrdcu/Build/Products/Debug-iphonesimulator/RunMusic.app/RunMusic

CopySwiftLibs /Users/ckubal/Library/Developer/Xcode/DerivedData/RunMusic-ehzzznpmcelkqvgvaslgdtzbrdcu/Build/Products/Debug-iphonesimulator/RunMusic.app (in target 'RunMusic' from project 'RunMusic')
    cd /Users/ckubal/Documents/Programming/iOS\ Programming\ Projects/RunMusic
    builtin-swiftStdLibTool --copy --verbose --sign - --scan-executable /Users/ckubal/Library/Developer/Xcode/DerivedData/RunMusic-ehzzznpmcelkqvgvaslgdtzbrdcu/Build/Products/Debug-iphonesimulator/RunMusic.app/RunMusic.debug.dylib --scan-folder /Users/ckubal/Library/Developer/Xcode/DerivedData/RunMusic-ehzzznpmcelkqvgvaslgdtzbrdcu/Build/Products/Debug-iphonesimulator/RunMusic.app/Frameworks --scan-folder /Users/ckubal/Library/Developer/Xcode/DerivedData/RunMusic-ehzzznpmcelkqvgvaslgdtzbrdcu/Build/Products/Debug-iphonesimulator/RunMusic.app/PlugIns --scan-folder /Users/ckubal/Library/Developer/Xcode/DerivedData/RunMusic-ehzzznpmcelkqvgvaslgdtzbrdcu/Build/Products/Debug-iphonesimulator/RunMusic.app/SystemExtensions --scan-folder /Users/ckubal/Library/Developer/Xcode/DerivedData/RunMusic-ehzzznpmcelkqvgvaslgdtzbrdcu/Build/Products/Debug-iphonesimulator/RunMusic.app/Extensions --platform iphonesimulator --toolchain /Applications/Xcode.app/Contents/Developer/Toolchains/XcodeDefault.xctoolchain --destination /Users/ckubal/Library/Developer/Xcode/DerivedData/RunMusic-ehzzznpmcelkqvgvaslgdtzbrdcu/Build/Products/Debug-iphonesimulator/RunMusic.app/Frameworks --strip-bitcode --strip-bitcode-tool /Applications/Xcode.app/Contents/Developer/Toolchains/XcodeDefault.xctoolchain/usr/bin/bitcode_strip --emit-dependency-info /Users/ckubal/Library/Developer/Xcode/DerivedData/RunMusic-ehzzznpmcelkqvgvaslgdtzbrdcu/Build/Intermediates.noindex/RunMusic.build/Debug-iphonesimulator/RunMusic.build/SwiftStdLibToolInputDependencies.dep --filter-for-swift-os --back-deploy-swift-span

ExtractAppIntentsMetadata (in target 'RunMusic' from project 'RunMusic')
    cd /Users/ckubal/Documents/Programming/iOS\ Programming\ Projects/RunMusic
    /Applications/Xcode.app/Contents/Developer/Toolchains/XcodeDefault.xctoolchain/usr/bin/appintentsmetadataprocessor --toolchain-dir /Applications/Xcode.app/Contents/Developer/Toolchains/XcodeDefault.xctoolchain --module-name RunMusic --sdk-root /Applications/Xcode.app/Contents/Developer/Platforms/iPhoneSimulator.platform/Developer/SDKs/iPhoneSimulator26.0.sdk --xcode-version 17A400 --platform-family iOS --deployment-target 17.6 --bundle-identifier com.charliekubal.runmusic --output /Users/ckubal/Library/Developer/Xcode/DerivedData/RunMusic-ehzzznpmcelkqvgvaslgdtzbrdcu/Build/Products/Debug-iphonesimulator/RunMusic.app --target-triple arm64-apple-ios17.6-simulator --binary-file /Users/ckubal/Library/Developer/Xcode/DerivedData/RunMusic-ehzzznpmcelkqvgvaslgdtzbrdcu/Build/Products/Debug-iphonesimulator/RunMusic.app/RunMusic --dependency-file /Users/ckubal/Library/Developer/Xcode/DerivedData/RunMusic-ehzzznpmcelkqvgvaslgdtzbrdcu/Build/Intermediates.noindex/RunMusic.build/Debug-iphonesimulator/RunMusic.build/Objects-normal/arm64/RunMusic_dependency_info.dat --stringsdata-file /Users/ckubal/Library/Developer/Xcode/DerivedData/RunMusic-ehzzznpmcelkqvgvaslgdtzbrdcu/Build/Intermediates.noindex/RunMusic.build/Debug-iphonesimulator/RunMusic.build/Objects-normal/arm64/ExtractedAppShortcutsMetadata.stringsdata --source-file-list /Users/ckubal/Library/Developer/Xcode/DerivedData/RunMusic-ehzzznpmcelkqvgvaslgdtzbrdcu/Build/Intermediates.noindex/RunMusic.build/Debug-iphonesimulator/RunMusic.build/Objects-normal/arm64/RunMusic.SwiftFileList --metadata-file-list /Users/ckubal/Library/Developer/Xcode/DerivedData/RunMusic-ehzzznpmcelkqvgvaslgdtzbrdcu/Build/Intermediates.noindex/RunMusic.build/Debug-iphonesimulator/RunMusic.build/RunMusic.DependencyMetadataFileList --static-metadata-file-list /Users/ckubal/Library/Developer/Xcode/DerivedData/RunMusic-ehzzznpmcelkqvgvaslgdtzbrdcu/Build/Intermediates.noindex/RunMusic.build/Debug-iphonesimulator/RunMusic.build/RunMusic.DependencyStaticMetadataFileList --swift-const-vals-list /Users/ckubal/Library/Developer/Xcode/DerivedData/RunMusic-ehzzznpmcelkqvgvaslgdtzbrdcu/Build/Intermediates.noindex/RunMusic.build/Debug-iphonesimulator/RunMusic.build/Objects-normal/arm64/RunMusic.SwiftConstValuesFileList --compile-time-extraction --deployment-aware-processing --validate-assistant-intents --no-app-shortcuts-localization
2025-10-13 11:56:03.563 appintentsmetadataprocessor[21406:3920928] Starting appintentsmetadataprocessor export
2025-10-13 11:56:03.565 appintentsmetadataprocessor[21406:3920928] warning: Metadata extraction skipped. No AppIntents.framework dependency found.

AppIntentsSSUTraining (in target 'RunMusic' from project 'RunMusic')
    cd /Users/ckubal/Documents/Programming/iOS\ Programming\ Projects/RunMusic
    /Applications/Xcode.app/Contents/Developer/Toolchains/XcodeDefault.xctoolchain/usr/bin/appintentsnltrainingprocessor --infoplist-path /Users/ckubal/Library/Developer/Xcode/DerivedData/RunMusic-ehzzznpmcelkqvgvaslgdtzbrdcu/Build/Products/Debug-iphonesimulator/RunMusic.app/Info.plist --temp-dir-path /Users/ckubal/Library/Developer/Xcode/DerivedData/RunMusic-ehzzznpmcelkqvgvaslgdtzbrdcu/Build/Intermediates.noindex/RunMusic.build/Debug-iphonesimulator/RunMusic.build/ssu --bundle-id com.charliekubal.runmusic --product-path /Users/ckubal/Library/Developer/Xcode/DerivedData/RunMusic-ehzzznpmcelkqvgvaslgdtzbrdcu/Build/Products/Debug-iphonesimulator/RunMusic.app --extracted-metadata-path /Users/ckubal/Library/Developer/Xcode/DerivedData/RunMusic-ehzzznpmcelkqvgvaslgdtzbrdcu/Build/Products/Debug-iphonesimulator/RunMusic.app/Metadata.appintents --metadata-file-list /Users/ckubal/Library/Developer/Xcode/DerivedData/RunMusic-ehzzznpmcelkqvgvaslgdtzbrdcu/Build/Intermediates.noindex/RunMusic.build/Debug-iphonesimulator/RunMusic.build/RunMusic.DependencyMetadataFileList --archive-ssu-assets
2025-10-13 11:56:03.580 appintentsnltrainingprocessor[21407:3920930] Parsing options for appintentsnltrainingprocessor
2025-10-13 11:56:03.580 appintentsnltrainingprocessor[21407:3920930] No AppShortcuts found - Skipping.

CodeSign /Users/ckubal/Library/Developer/Xcode/DerivedData/RunMusic-ehzzznpmcelkqvgvaslgdtzbrdcu/Build/Products/Debug-iphonesimulator/RunMusic.app/RunMusic.debug.dylib (in target 'RunMusic' from project 'RunMusic')
    cd /Users/ckubal/Documents/Programming/iOS\ Programming\ Projects/RunMusic
    
    Signing Identity:     "Sign to Run Locally"
    
    /usr/bin/codesign --force --sign - --timestamp\=none --generate-entitlement-der /Users/ckubal/Library/Developer/Xcode/DerivedData/RunMusic-ehzzznpmcelkqvgvaslgdtzbrdcu/Build/Products/Debug-iphonesimulator/RunMusic.app/RunMusic.debug.dylib

CodeSign /Users/ckubal/Library/Developer/Xcode/DerivedData/RunMusic-ehzzznpmcelkqvgvaslgdtzbrdcu/Build/Products/Debug-iphonesimulator/RunMusic.app/__preview.dylib (in target 'RunMusic' from project 'RunMusic')
    cd /Users/ckubal/Documents/Programming/iOS\ Programming\ Projects/RunMusic
    
    Signing Identity:     "Sign to Run Locally"
    
    /usr/bin/codesign --force --sign - --timestamp\=none --generate-entitlement-der /Users/ckubal/Library/Developer/Xcode/DerivedData/RunMusic-ehzzznpmcelkqvgvaslgdtzbrdcu/Build/Products/Debug-iphonesimulator/RunMusic.app/__preview.dylib

CodeSign /Users/ckubal/Library/Developer/Xcode/DerivedData/RunMusic-ehzzznpmcelkqvgvaslgdtzbrdcu/Build/Products/Debug-iphonesimulator/RunMusic.app (in target 'RunMusic' from project 'RunMusic')
    cd /Users/ckubal/Documents/Programming/iOS\ Programming\ Projects/RunMusic
    
    Signing Identity:     "Sign to Run Locally"
    
    /usr/bin/codesign --force --sign - --entitlements /Users/ckubal/Library/Developer/Xcode/DerivedData/RunMusic-ehzzznpmcelkqvgvaslgdtzbrdcu/Build/Intermediates.noindex/RunMusic.build/Debug-iphonesimulator/RunMusic.build/RunMusic.app.xcent --timestamp\=none --generate-entitlement-der /Users/ckubal/Library/Developer/Xcode/DerivedData/RunMusic-ehzzznpmcelkqvgvaslgdtzbrdcu/Build/Products/Debug-iphonesimulator/RunMusic.app

RegisterExecutionPolicyException /Users/ckubal/Library/Developer/Xcode/DerivedData/RunMusic-ehzzznpmcelkqvgvaslgdtzbrdcu/Build/Products/Debug-iphonesimulator/RunMusic.app (in target 'RunMusic' from project 'RunMusic')
    cd /Users/ckubal/Documents/Programming/iOS\ Programming\ Projects/RunMusic
    builtin-RegisterExecutionPolicyException /Users/ckubal/Library/Developer/Xcode/DerivedData/RunMusic-ehzzznpmcelkqvgvaslgdtzbrdcu/Build/Products/Debug-iphonesimulator/RunMusic.app

Validate /Users/ckubal/Library/Developer/Xcode/DerivedData/RunMusic-ehzzznpmcelkqvgvaslgdtzbrdcu/Build/Products/Debug-iphonesimulator/RunMusic.app (in target 'RunMusic' from project 'RunMusic')
    cd /Users/ckubal/Documents/Programming/iOS\ Programming\ Projects/RunMusic
    builtin-validationUtility /Users/ckubal/Library/Developer/Xcode/DerivedData/RunMusic-ehzzznpmcelkqvgvaslgdtzbrdcu/Build/Products/Debug-iphonesimulator/RunMusic.app -shallow-bundle -infoplist-subpath Info.plist

Touch /Users/ckubal/Library/Developer/Xcode/DerivedData/RunMusic-ehzzznpmcelkqvgvaslgdtzbrdcu/Build/Products/Debug-iphonesimulator/RunMusic.app (in target 'RunMusic' from project 'RunMusic')
    cd /Users/ckubal/Documents/Programming/iOS\ Programming\ Projects/RunMusic
    /usr/bin/touch -c /Users/ckubal/Library/Developer/Xcode/DerivedData/RunMusic-ehzzznpmcelkqvgvaslgdtzbrdcu/Build/Products/Debug-iphonesimulator/RunMusic.app

** BUILD SUCCEEDED **

