Command line invocation:
    /Applications/Xcode.app/Contents/Developer/usr/bin/xcodebuild -project RunMusic.xcodeproj -scheme RunMusic -destination "platform=iOS Simulator,id=F77B7FB5-17BA-4124-8874-776EBBB5DFA9" build

Resolve Package Graph


Resolved source packages:
  GTMSessionFetcher: https://github.com/google/gtm-session-fetcher.git @ 3.5.0
  SwiftProtobuf: https://github.com/apple/swift-protobuf.git @ 1.30.0
  Firebase: https://github.com/firebase/firebase-ios-sdk @ 10.29.0
  nanopb: https://github.com/firebase/nanopb.git @ 2.30910.0
  Promises: https://github.com/google/promises.git @ 2.4.0
  abseil: https://github.com/google/abseil-cpp-binary.git @ 1.2024011602.0
  Lottie: https://github.com/airbnb/lottie-ios.git @ 4.5.2
  GoogleSignIn: https://github.com/google/GoogleSignIn-iOS @ 7.1.0
  InteropForGoogle: https://github.com/google/interop-ios-for-google-sdks.git @ 100.0.0
  AppCheck: https://github.com/google/app-check.git @ 10.19.2
  AppAuth: https://github.com/openid/AppAuth-iOS.git @ 1.7.6
  GoogleDataTransport: https://github.com/google/GoogleDataTransport.git @ 9.4.0
  leveldb: https://github.com/firebase/leveldb.git @ 1.22.5
  GoogleAppMeasurement: https://github.com/google/GoogleAppMeasurement.git @ 10.28.0
  GoogleUtilities: https://github.com/google/GoogleUtilities.git @ 7.13.3
  gRPC: https://github.com/google/grpc-binary.git @ 1.62.2
  GTMAppAuth: https://github.com/google/GTMAppAuth.git @ 4.1.1

2025-10-13 11:52:09.378 xcodebuild[20688:3912775] [MT] IDERunDestination: Supported platforms for the buildables in the current scheme is empty.
--- xcodebuild: WARNING: Using the first of multiple matching destinations:
{ platform:iOS Simulator, arch:arm64, id:F77B7FB5-17BA-4124-8874-776EBBB5DFA9, OS:18.4, name:iPhone 16 }
{ platform:iOS Simulator, arch:x86_64, id:F77B7FB5-17BA-4124-8874-776EBBB5DFA9, OS:18.4, name:iPhone 16 }
ComputePackagePrebuildTargetDependencyGraph

Prepare packages

CreateBuildRequest

SendProjectDescription

CreateBuildOperation

ComputeTargetDependencyGraph
note: Building targets in dependency order
note: Target dependency graph (78 targets)
    Target 'RunMusic' in project 'RunMusic'
        ➜ Explicit dependency on target 'Lottie' in project 'Lottie'
        ➜ Explicit dependency on target 'GoogleSignIn' in project 'GoogleSignIn'
        ➜ Explicit dependency on target 'FirebaseFirestore' in project 'Firebase'
        ➜ Explicit dependency on target 'FirebaseAuth' in project 'Firebase'
        ➜ Explicit dependency on target 'FirebaseFunctions' in project 'Firebase'
    Target 'FirebaseFunctions' in project 'Firebase'
        ➜ Explicit dependency on target 'FirebaseFunctions' in project 'Firebase'
        ➜ Explicit dependency on target 'FirebaseAppCheckInterop' in project 'Firebase'
        ➜ Explicit dependency on target 'FirebaseAuthInterop' in project 'Firebase'
        ➜ Explicit dependency on target 'Firebase' in project 'Firebase'
        ➜ Explicit dependency on target 'FirebaseCoreInternal' in project 'Firebase'
        ➜ Explicit dependency on target 'FirebaseCore' in project 'Firebase'
        ➜ Explicit dependency on target 'FirebaseCoreExtension' in project 'Firebase'
        ➜ Explicit dependency on target 'FirebaseMessagingInterop' in project 'Firebase'
        ➜ Explicit dependency on target 'FirebaseSharedSwift' in project 'Firebase'
        ➜ Explicit dependency on target 'GULNSData' in project 'GoogleUtilities'
        ➜ Explicit dependency on target 'GULEnvironment' in project 'GoogleUtilities'
        ➜ Explicit dependency on target 'GULLogger' in project 'GoogleUtilities'
        ➜ Explicit dependency on target 'GTMSessionFetcherCore' in project 'GTMSessionFetcher'
    Target 'FirebaseFunctions' in project 'Firebase'
        ➜ Explicit dependency on target 'FirebaseAppCheckInterop' in project 'Firebase'
        ➜ Explicit dependency on target 'FirebaseAuthInterop' in project 'Firebase'
        ➜ Explicit dependency on target 'Firebase' in project 'Firebase'
        ➜ Explicit dependency on target 'FirebaseCoreInternal' in project 'Firebase'
        ➜ Explicit dependency on target 'FirebaseCore' in project 'Firebase'
        ➜ Explicit dependency on target 'FirebaseCoreExtension' in project 'Firebase'
        ➜ Explicit dependency on target 'FirebaseMessagingInterop' in project 'Firebase'
        ➜ Explicit dependency on target 'FirebaseSharedSwift' in project 'Firebase'
        ➜ Explicit dependency on target 'GULNSData' in project 'GoogleUtilities'
        ➜ Explicit dependency on target 'GULEnvironment' in project 'GoogleUtilities'
        ➜ Explicit dependency on target 'GULLogger' in project 'GoogleUtilities'
        ➜ Explicit dependency on target 'GTMSessionFetcherCore' in project 'GTMSessionFetcher'
    Target 'FirebaseMessagingInterop' in project 'Firebase' (no dependencies)
    Target 'FirebaseAuthInterop' in project 'Firebase' (no dependencies)
    Target 'FirebaseAuth' in project 'Firebase'
        ➜ Explicit dependency on target 'FirebaseAuth' in project 'Firebase'
        ➜ Explicit dependency on target 'Firebase_FirebaseAuth' in project 'Firebase'
        ➜ Explicit dependency on target 'FirebaseAppCheckInterop' in project 'Firebase'
        ➜ Explicit dependency on target 'Firebase' in project 'Firebase'
        ➜ Explicit dependency on target 'FirebaseCoreInternal' in project 'Firebase'
        ➜ Explicit dependency on target 'FirebaseCore' in project 'Firebase'
        ➜ Explicit dependency on target 'GULNSData' in project 'GoogleUtilities'
        ➜ Explicit dependency on target 'GULEnvironment' in project 'GoogleUtilities'
        ➜ Explicit dependency on target 'GULLogger' in project 'GoogleUtilities'
        ➜ Explicit dependency on target 'GULAppDelegateSwizzler' in project 'GoogleUtilities'
        ➜ Explicit dependency on target 'GTMSessionFetcherCore' in project 'GTMSessionFetcher'
        ➜ Explicit dependency on target 'RecaptchaInterop' in project 'InteropForGoogle'
    Target 'FirebaseAuth' in project 'Firebase'
        ➜ Explicit dependency on target 'Firebase_FirebaseAuth' in project 'Firebase'
        ➜ Explicit dependency on target 'FirebaseAppCheckInterop' in project 'Firebase'
        ➜ Explicit dependency on target 'Firebase' in project 'Firebase'
        ➜ Explicit dependency on target 'FirebaseCoreInternal' in project 'Firebase'
        ➜ Explicit dependency on target 'FirebaseCore' in project 'Firebase'
        ➜ Explicit dependency on target 'GULNSData' in project 'GoogleUtilities'
        ➜ Explicit dependency on target 'GULEnvironment' in project 'GoogleUtilities'
        ➜ Explicit dependency on target 'GULLogger' in project 'GoogleUtilities'
        ➜ Explicit dependency on target 'GULAppDelegateSwizzler' in project 'GoogleUtilities'
        ➜ Explicit dependency on target 'GTMSessionFetcherCore' in project 'GTMSessionFetcher'
        ➜ Explicit dependency on target 'RecaptchaInterop' in project 'InteropForGoogle'
    Target 'RecaptchaInterop' in project 'InteropForGoogle'
        ➜ Explicit dependency on target 'RecaptchaInterop' in project 'InteropForGoogle'
    Target 'RecaptchaInterop' in project 'InteropForGoogle' (no dependencies)
    Target 'GULAppDelegateSwizzler' in project 'GoogleUtilities'
        ➜ Explicit dependency on target 'GoogleUtilities-AppDelegateSwizzler' in project 'GoogleUtilities'
        ➜ Explicit dependency on target 'GoogleUtilities_GoogleUtilities-AppDelegateSwizzler' in project 'GoogleUtilities'
        ➜ Explicit dependency on target 'third-party-IsAppEncrypted' in project 'GoogleUtilities'
        ➜ Explicit dependency on target 'GoogleUtilities-Environment' in project 'GoogleUtilities'
        ➜ Explicit dependency on target 'GoogleUtilities-Logger' in project 'GoogleUtilities'
        ➜ Explicit dependency on target 'GoogleUtilities-NSData' in project 'GoogleUtilities'
        ➜ Explicit dependency on target 'GoogleUtilities-Reachability' in project 'GoogleUtilities'
        ➜ Explicit dependency on target 'GoogleUtilities-Network' in project 'GoogleUtilities'
        ➜ Explicit dependency on target 'FBLPromises' in project 'Promises'
    Target 'GoogleUtilities-AppDelegateSwizzler' in project 'GoogleUtilities'
        ➜ Explicit dependency on target 'GoogleUtilities_GoogleUtilities-AppDelegateSwizzler' in project 'GoogleUtilities'
        ➜ Explicit dependency on target 'third-party-IsAppEncrypted' in project 'GoogleUtilities'
        ➜ Explicit dependency on target 'GoogleUtilities-Environment' in project 'GoogleUtilities'
        ➜ Explicit dependency on target 'GoogleUtilities-Logger' in project 'GoogleUtilities'
        ➜ Explicit dependency on target 'GoogleUtilities-NSData' in project 'GoogleUtilities'
        ➜ Explicit dependency on target 'GoogleUtilities-Reachability' in project 'GoogleUtilities'
        ➜ Explicit dependency on target 'GoogleUtilities-Network' in project 'GoogleUtilities'
        ➜ Explicit dependency on target 'FBLPromises' in project 'Promises'
    Target 'GoogleUtilities-Network' in project 'GoogleUtilities'
        ➜ Explicit dependency on target 'GoogleUtilities_GoogleUtilities-Network' in project 'GoogleUtilities'
        ➜ Explicit dependency on target 'third-party-IsAppEncrypted' in project 'GoogleUtilities'
        ➜ Explicit dependency on target 'GoogleUtilities-Environment' in project 'GoogleUtilities'
        ➜ Explicit dependency on target 'GoogleUtilities-Logger' in project 'GoogleUtilities'
        ➜ Explicit dependency on target 'GoogleUtilities-NSData' in project 'GoogleUtilities'
        ➜ Explicit dependency on target 'GoogleUtilities-Reachability' in project 'GoogleUtilities'
        ➜ Explicit dependency on target 'FBLPromises' in project 'Promises'
    Target 'GoogleUtilities_GoogleUtilities-Network' in project 'GoogleUtilities' (no dependencies)
    Target 'GoogleUtilities-Reachability' in project 'GoogleUtilities'
        ➜ Explicit dependency on target 'GoogleUtilities_GoogleUtilities-Reachability' in project 'GoogleUtilities'
        ➜ Explicit dependency on target 'third-party-IsAppEncrypted' in project 'GoogleUtilities'
        ➜ Explicit dependency on target 'GoogleUtilities-Environment' in project 'GoogleUtilities'
        ➜ Explicit dependency on target 'GoogleUtilities-Logger' in project 'GoogleUtilities'
        ➜ Explicit dependency on target 'FBLPromises' in project 'Promises'
    Target 'GoogleUtilities_GoogleUtilities-Reachability' in project 'GoogleUtilities' (no dependencies)
    Target 'GoogleUtilities_GoogleUtilities-AppDelegateSwizzler' in project 'GoogleUtilities' (no dependencies)
    Target 'Firebase_FirebaseAuth' in project 'Firebase' (no dependencies)
    Target 'FirebaseFirestore' in project 'Firebase'
        ➜ Explicit dependency on target 'FirebaseFirestoreTarget' in project 'Firebase'
        ➜ Explicit dependency on target 'FirebaseFirestoreInternalWrapper' in project 'Firebase'
        ➜ Explicit dependency on target 'FirebaseAppCheckInterop' in project 'Firebase'
        ➜ Explicit dependency on target 'Firebase' in project 'Firebase'
        ➜ Explicit dependency on target 'FirebaseCoreInternal' in project 'Firebase'
        ➜ Explicit dependency on target 'FirebaseCore' in project 'Firebase'
        ➜ Explicit dependency on target 'FirebaseCoreExtension' in project 'Firebase'
        ➜ Explicit dependency on target 'FirebaseSharedSwift' in project 'Firebase'
        ➜ Explicit dependency on target 'FirebaseFirestore' in project 'Firebase'
        ➜ Explicit dependency on target 'GULNSData' in project 'GoogleUtilities'
        ➜ Explicit dependency on target 'GULEnvironment' in project 'GoogleUtilities'
        ➜ Explicit dependency on target 'GULLogger' in project 'GoogleUtilities'
        ➜ Explicit dependency on target 'abseil' in project 'abseil'
        ➜ Explicit dependency on target 'gRPC-C++' in project 'gRPC'
        ➜ Explicit dependency on target 'nanopb' in project 'nanopb'
        ➜ Explicit dependency on target 'leveldb' in project 'leveldb'
    Target 'FirebaseFirestoreTarget' in project 'Firebase'
        ➜ Explicit dependency on target 'FirebaseFirestoreInternalWrapper' in project 'Firebase'
        ➜ Explicit dependency on target 'FirebaseAppCheckInterop' in project 'Firebase'
        ➜ Explicit dependency on target 'Firebase' in project 'Firebase'
        ➜ Explicit dependency on target 'FirebaseCoreInternal' in project 'Firebase'
        ➜ Explicit dependency on target 'FirebaseCore' in project 'Firebase'
        ➜ Explicit dependency on target 'FirebaseCoreExtension' in project 'Firebase'
        ➜ Explicit dependency on target 'FirebaseSharedSwift' in project 'Firebase'
        ➜ Explicit dependency on target 'FirebaseFirestore' in project 'Firebase'
        ➜ Explicit dependency on target 'GULNSData' in project 'GoogleUtilities'
        ➜ Explicit dependency on target 'GULEnvironment' in project 'GoogleUtilities'
        ➜ Explicit dependency on target 'GULLogger' in project 'GoogleUtilities'
        ➜ Explicit dependency on target 'abseil' in project 'abseil'
        ➜ Explicit dependency on target 'gRPC-C++' in project 'gRPC'
        ➜ Explicit dependency on target 'nanopb' in project 'nanopb'
        ➜ Explicit dependency on target 'leveldb' in project 'leveldb'
    Target 'FirebaseFirestore' in project 'Firebase'
        ➜ Explicit dependency on target 'Firebase_FirebaseFirestore' in project 'Firebase'
        ➜ Explicit dependency on target 'FirebaseFirestoreInternalWrapper' in project 'Firebase'
        ➜ Explicit dependency on target 'FirebaseAppCheckInterop' in project 'Firebase'
        ➜ Explicit dependency on target 'Firebase' in project 'Firebase'
        ➜ Explicit dependency on target 'FirebaseCoreInternal' in project 'Firebase'
        ➜ Explicit dependency on target 'FirebaseCore' in project 'Firebase'
        ➜ Explicit dependency on target 'FirebaseCoreExtension' in project 'Firebase'
        ➜ Explicit dependency on target 'FirebaseSharedSwift' in project 'Firebase'
        ➜ Explicit dependency on target 'GULNSData' in project 'GoogleUtilities'
        ➜ Explicit dependency on target 'GULEnvironment' in project 'GoogleUtilities'
        ➜ Explicit dependency on target 'GULLogger' in project 'GoogleUtilities'
        ➜ Explicit dependency on target 'abseil' in project 'abseil'
        ➜ Explicit dependency on target 'gRPC-C++' in project 'gRPC'
        ➜ Explicit dependency on target 'nanopb' in project 'nanopb'
        ➜ Explicit dependency on target 'leveldb' in project 'leveldb'
    Target 'leveldb' in project 'leveldb'
        ➜ Explicit dependency on target 'leveldb' in project 'leveldb'
        ➜ Explicit dependency on target 'leveldb_leveldb' in project 'leveldb'
    Target 'leveldb' in project 'leveldb'
        ➜ Explicit dependency on target 'leveldb_leveldb' in project 'leveldb'
    Target 'leveldb_leveldb' in project 'leveldb' (no dependencies)
    Target 'nanopb' in project 'nanopb'
        ➜ Explicit dependency on target 'nanopb' in project 'nanopb'
        ➜ Explicit dependency on target 'nanopb_nanopb' in project 'nanopb'
    Target 'nanopb' in project 'nanopb'
        ➜ Explicit dependency on target 'nanopb_nanopb' in project 'nanopb'
    Target 'nanopb_nanopb' in project 'nanopb' (no dependencies)
    Target 'gRPC-C++' in project 'gRPC'
        ➜ Explicit dependency on target 'grpcppWrapper' in project 'gRPC'
        ➜ Explicit dependency on target 'gRPC_grpcppWrapper' in project 'gRPC'
        ➜ Explicit dependency on target 'grpcWrapper' in project 'gRPC'
        ➜ Explicit dependency on target 'opensslWrapper' in project 'gRPC'
        ➜ Explicit dependency on target 'abseil' in project 'abseil'
    Target 'grpcppWrapper' in project 'gRPC'
        ➜ Explicit dependency on target 'gRPC_grpcppWrapper' in project 'gRPC'
        ➜ Explicit dependency on target 'grpcWrapper' in project 'gRPC'
        ➜ Explicit dependency on target 'opensslWrapper' in project 'gRPC'
        ➜ Explicit dependency on target 'abseil' in project 'abseil'
    Target 'opensslWrapper' in project 'gRPC'
        ➜ Explicit dependency on target 'gRPC_opensslWrapper' in project 'gRPC'
    Target 'gRPC_opensslWrapper' in project 'gRPC' (no dependencies)
    Target 'grpcWrapper' in project 'gRPC'
        ➜ Explicit dependency on target 'gRPC_grpcWrapper' in project 'gRPC'
    Target 'gRPC_grpcWrapper' in project 'gRPC' (no dependencies)
    Target 'gRPC_grpcppWrapper' in project 'gRPC' (no dependencies)
    Target 'abseil' in project 'abseil'
        ➜ Explicit dependency on target 'abslWrapper' in project 'abseil'
        ➜ Explicit dependency on target 'abseil_abslWrapper' in project 'abseil'
    Target 'abslWrapper' in project 'abseil'
        ➜ Explicit dependency on target 'abseil_abslWrapper' in project 'abseil'
    Target 'abseil_abslWrapper' in project 'abseil' (no dependencies)
    Target 'Firebase_FirebaseFirestore' in project 'Firebase' (no dependencies)
    Target 'FirebaseSharedSwift' in project 'Firebase' (no dependencies)
    Target 'FirebaseCoreExtension' in project 'Firebase'
        ➜ Explicit dependency on target 'Firebase_FirebaseCoreExtension' in project 'Firebase'
    Target 'Firebase_FirebaseCoreExtension' in project 'Firebase' (no dependencies)
    Target 'FirebaseCore' in project 'Firebase'
        ➜ Explicit dependency on target 'Firebase_FirebaseCore' in project 'Firebase'
        ➜ Explicit dependency on target 'Firebase' in project 'Firebase'
        ➜ Explicit dependency on target 'FirebaseCoreInternal' in project 'Firebase'
        ➜ Explicit dependency on target 'GULNSData' in project 'GoogleUtilities'
        ➜ Explicit dependency on target 'GULEnvironment' in project 'GoogleUtilities'
        ➜ Explicit dependency on target 'GULLogger' in project 'GoogleUtilities'
    Target 'GULLogger' in project 'GoogleUtilities'
        ➜ Explicit dependency on target 'GoogleUtilities-Logger' in project 'GoogleUtilities'
        ➜ Explicit dependency on target 'GoogleUtilities_GoogleUtilities-Logger' in project 'GoogleUtilities'
        ➜ Explicit dependency on target 'third-party-IsAppEncrypted' in project 'GoogleUtilities'
        ➜ Explicit dependency on target 'GoogleUtilities-Environment' in project 'GoogleUtilities'
        ➜ Explicit dependency on target 'FBLPromises' in project 'Promises'
    Target 'GoogleUtilities-Logger' in project 'GoogleUtilities'
        ➜ Explicit dependency on target 'GoogleUtilities_GoogleUtilities-Logger' in project 'GoogleUtilities'
        ➜ Explicit dependency on target 'third-party-IsAppEncrypted' in project 'GoogleUtilities'
        ➜ Explicit dependency on target 'GoogleUtilities-Environment' in project 'GoogleUtilities'
        ➜ Explicit dependency on target 'FBLPromises' in project 'Promises'
    Target 'GoogleUtilities_GoogleUtilities-Logger' in project 'GoogleUtilities' (no dependencies)
    Target 'GULEnvironment' in project 'GoogleUtilities'
        ➜ Explicit dependency on target 'GoogleUtilities-Environment' in project 'GoogleUtilities'
        ➜ Explicit dependency on target 'GoogleUtilities_GoogleUtilities-Environment' in project 'GoogleUtilities'
        ➜ Explicit dependency on target 'third-party-IsAppEncrypted' in project 'GoogleUtilities'
        ➜ Explicit dependency on target 'FBLPromises' in project 'Promises'
    Target 'GoogleUtilities-Environment' in project 'GoogleUtilities'
        ➜ Explicit dependency on target 'GoogleUtilities_GoogleUtilities-Environment' in project 'GoogleUtilities'
        ➜ Explicit dependency on target 'third-party-IsAppEncrypted' in project 'GoogleUtilities'
        ➜ Explicit dependency on target 'FBLPromises' in project 'Promises'
    Target 'FBLPromises' in project 'Promises'
        ➜ Explicit dependency on target 'FBLPromises' in project 'Promises'
        ➜ Explicit dependency on target 'Promises_FBLPromises' in project 'Promises'
    Target 'FBLPromises' in project 'Promises'
        ➜ Explicit dependency on target 'Promises_FBLPromises' in project 'Promises'
    Target 'Promises_FBLPromises' in project 'Promises' (no dependencies)
    Target 'third-party-IsAppEncrypted' in project 'GoogleUtilities' (no dependencies)
    Target 'GoogleUtilities_GoogleUtilities-Environment' in project 'GoogleUtilities' (no dependencies)
    Target 'Firebase_FirebaseCore' in project 'Firebase' (no dependencies)
    Target 'FirebaseCoreInternal' in project 'Firebase'
        ➜ Explicit dependency on target 'Firebase_FirebaseCoreInternal' in project 'Firebase'
        ➜ Explicit dependency on target 'GULNSData' in project 'GoogleUtilities'
    Target 'GULNSData' in project 'GoogleUtilities'
        ➜ Explicit dependency on target 'GoogleUtilities-NSData' in project 'GoogleUtilities'
        ➜ Explicit dependency on target 'GoogleUtilities_GoogleUtilities-NSData' in project 'GoogleUtilities'
    Target 'GoogleUtilities-NSData' in project 'GoogleUtilities'
        ➜ Explicit dependency on target 'GoogleUtilities_GoogleUtilities-NSData' in project 'GoogleUtilities'
    Target 'GoogleUtilities_GoogleUtilities-NSData' in project 'GoogleUtilities' (no dependencies)
    Target 'Firebase_FirebaseCoreInternal' in project 'Firebase' (no dependencies)
    Target 'Firebase' in project 'Firebase' (no dependencies)
    Target 'FirebaseAppCheckInterop' in project 'Firebase' (no dependencies)
    Target 'FirebaseFirestoreInternalWrapper' in project 'Firebase' (no dependencies)
    Target 'GoogleSignIn' in project 'GoogleSignIn'
        ➜ Explicit dependency on target 'GoogleSignIn' in project 'GoogleSignIn'
        ➜ Explicit dependency on target 'GoogleSignIn_GoogleSignIn' in project 'GoogleSignIn'
        ➜ Explicit dependency on target 'AppAuth' in project 'AppAuth'
        ➜ Explicit dependency on target 'GTMAppAuth' in project 'GTMAppAuth'
        ➜ Explicit dependency on target 'GTMSessionFetcherCore' in project 'GTMSessionFetcher'
    Target 'GoogleSignIn' in project 'GoogleSignIn'
        ➜ Explicit dependency on target 'GoogleSignIn_GoogleSignIn' in project 'GoogleSignIn'
        ➜ Explicit dependency on target 'AppAuth' in project 'AppAuth'
        ➜ Explicit dependency on target 'GTMAppAuth' in project 'GTMAppAuth'
        ➜ Explicit dependency on target 'GTMSessionFetcherCore' in project 'GTMSessionFetcher'
    Target 'GTMAppAuth' in project 'GTMAppAuth'
        ➜ Explicit dependency on target 'GTMAppAuth' in project 'GTMAppAuth'
        ➜ Explicit dependency on target 'GTMAppAuth_GTMAppAuth' in project 'GTMAppAuth'
        ➜ Explicit dependency on target 'GTMSessionFetcherCore' in project 'GTMSessionFetcher'
        ➜ Explicit dependency on target 'AppAuthCore' in project 'AppAuth'
    Target 'GTMAppAuth' in project 'GTMAppAuth'
        ➜ Explicit dependency on target 'GTMAppAuth_GTMAppAuth' in project 'GTMAppAuth'
        ➜ Explicit dependency on target 'GTMSessionFetcherCore' in project 'GTMSessionFetcher'
        ➜ Explicit dependency on target 'AppAuthCore' in project 'AppAuth'
    Target 'AppAuthCore' in project 'AppAuth'
        ➜ Explicit dependency on target 'AppAuthCore' in project 'AppAuth'
        ➜ Explicit dependency on target 'AppAuth_AppAuthCore' in project 'AppAuth'
    Target 'GTMSessionFetcherCore' in project 'GTMSessionFetcher'
        ➜ Explicit dependency on target 'GTMSessionFetcherCore' in project 'GTMSessionFetcher'
        ➜ Explicit dependency on target 'GTMSessionFetcher_GTMSessionFetcherCore' in project 'GTMSessionFetcher'
    Target 'GTMSessionFetcherCore' in project 'GTMSessionFetcher'
        ➜ Explicit dependency on target 'GTMSessionFetcher_GTMSessionFetcherCore' in project 'GTMSessionFetcher'
    Target 'GTMSessionFetcher_GTMSessionFetcherCore' in project 'GTMSessionFetcher' (no dependencies)
    Target 'GTMAppAuth_GTMAppAuth' in project 'GTMAppAuth' (no dependencies)
    Target 'AppAuth' in project 'AppAuth'
        ➜ Explicit dependency on target 'AppAuth' in project 'AppAuth'
        ➜ Explicit dependency on target 'AppAuth_AppAuth' in project 'AppAuth'
        ➜ Explicit dependency on target 'AppAuthCore' in project 'AppAuth'
    Target 'AppAuth' in project 'AppAuth'
        ➜ Explicit dependency on target 'AppAuth_AppAuth' in project 'AppAuth'
        ➜ Explicit dependency on target 'AppAuthCore' in project 'AppAuth'
    Target 'AppAuthCore' in project 'AppAuth'
        ➜ Explicit dependency on target 'AppAuth_AppAuthCore' in project 'AppAuth'
    Target 'AppAuth_AppAuthCore' in project 'AppAuth' (no dependencies)
    Target 'AppAuth_AppAuth' in project 'AppAuth' (no dependencies)
    Target 'GoogleSignIn_GoogleSignIn' in project 'GoogleSignIn' (no dependencies)
    Target 'Lottie' in project 'Lottie'
        ➜ Explicit dependency on target 'Lottie' in project 'Lottie'
        ➜ Explicit dependency on target 'Lottie_Lottie' in project 'Lottie'
    Target 'Lottie' in project 'Lottie'
        ➜ Explicit dependency on target 'Lottie_Lottie' in project 'Lottie'
    Target 'Lottie_Lottie' in project 'Lottie' (no dependencies)

GatherProvisioningInputs

CreateBuildDescription

ClangStatCache /Applications/Xcode.app/Contents/Developer/Toolchains/XcodeDefault.xctoolchain/usr/bin/clang-stat-cache /Applications/Xcode.app/Contents/Developer/Platforms/iPhoneSimulator.platform/Developer/SDKs/iPhoneSimulator26.0.sdk /Users/ckubal/Library/Developer/Xcode/DerivedData/SDKStatCaches.noindex/iphonesimulator26.0-23A339-26257891a6c027eb51374368541b8346.sdkstatcache
    cd /Users/ckubal/Documents/Programming/iOS\ Programming\ Projects/RunMusic/RunMusic.xcodeproj
    /Applications/Xcode.app/Contents/Developer/Toolchains/XcodeDefault.xctoolchain/usr/bin/clang-stat-cache /Applications/Xcode.app/Contents/Developer/Platforms/iPhoneSimulator.platform/Developer/SDKs/iPhoneSimulator26.0.sdk -o /Users/ckubal/Library/Developer/Xcode/DerivedData/SDKStatCaches.noindex/iphonesimulator26.0-23A339-26257891a6c027eb51374368541b8346.sdkstatcache

warning: Skipping duplicate build file in Compile Sources build phase: /Users/ckubal/Documents/Programming/iOS Programming Projects/RunMusic/RunMusic/Services/UserPreferences.swift (in target 'RunMusic' from project 'RunMusic')
Copy /Users/ckubal/Library/Developer/Xcode/DerivedData/RunMusic-ehzzznpmcelkqvgvaslgdtzbrdcu/Build/Products/Debug-iphonesimulator/RunMusic.app/nanopb_nanopb.bundle /Users/ckubal/Library/Developer/Xcode/DerivedData/RunMusic-ehzzznpmcelkqvgvaslgdtzbrdcu/Build/Products/Debug-iphonesimulator/nanopb_nanopb.bundle (in target 'RunMusic' from project 'RunMusic')
    cd /Users/ckubal/Documents/Programming/iOS\ Programming\ Projects/RunMusic
    builtin-copy -exclude .DS_Store -exclude CVS -exclude .svn -exclude .git -exclude .hg -resolve-src-symlinks /Users/ckubal/Library/Developer/Xcode/DerivedData/RunMusic-ehzzznpmcelkqvgvaslgdtzbrdcu/Build/Products/Debug-iphonesimulator/nanopb_nanopb.bundle /Users/ckubal/Library/Developer/Xcode/DerivedData/RunMusic-ehzzznpmcelkqvgvaslgdtzbrdcu/Build/Products/Debug-iphonesimulator/RunMusic.app

Copy /Users/ckubal/Library/Developer/Xcode/DerivedData/RunMusic-ehzzznpmcelkqvgvaslgdtzbrdcu/Build/Products/Debug-iphonesimulator/RunMusic.app/leveldb_leveldb.bundle /Users/ckubal/Library/Developer/Xcode/DerivedData/RunMusic-ehzzznpmcelkqvgvaslgdtzbrdcu/Build/Products/Debug-iphonesimulator/leveldb_leveldb.bundle (in target 'RunMusic' from project 'RunMusic')
    cd /Users/ckubal/Documents/Programming/iOS\ Programming\ Projects/RunMusic
    builtin-copy -exclude .DS_Store -exclude CVS -exclude .svn -exclude .git -exclude .hg -resolve-src-symlinks /Users/ckubal/Library/Developer/Xcode/DerivedData/RunMusic-ehzzznpmcelkqvgvaslgdtzbrdcu/Build/Products/Debug-iphonesimulator/leveldb_leveldb.bundle /Users/ckubal/Library/Developer/Xcode/DerivedData/RunMusic-ehzzznpmcelkqvgvaslgdtzbrdcu/Build/Products/Debug-iphonesimulator/RunMusic.app

Copy /Users/ckubal/Library/Developer/Xcode/DerivedData/RunMusic-ehzzznpmcelkqvgvaslgdtzbrdcu/Build/Products/Debug-iphonesimulator/RunMusic.app/gRPC_opensslWrapper.bundle /Users/ckubal/Library/Developer/Xcode/DerivedData/RunMusic-ehzzznpmcelkqvgvaslgdtzbrdcu/Build/Products/Debug-iphonesimulator/gRPC_opensslWrapper.bundle (in target 'RunMusic' from project 'RunMusic')
    cd /Users/ckubal/Documents/Programming/iOS\ Programming\ Projects/RunMusic
    builtin-copy -exclude .DS_Store -exclude CVS -exclude .svn -exclude .git -exclude .hg -resolve-src-symlinks /Users/ckubal/Library/Developer/Xcode/DerivedData/RunMusic-ehzzznpmcelkqvgvaslgdtzbrdcu/Build/Products/Debug-iphonesimulator/gRPC_opensslWrapper.bundle /Users/ckubal/Library/Developer/Xcode/DerivedData/RunMusic-ehzzznpmcelkqvgvaslgdtzbrdcu/Build/Products/Debug-iphonesimulator/RunMusic.app

Copy /Users/ckubal/Library/Developer/Xcode/DerivedData/RunMusic-ehzzznpmcelkqvgvaslgdtzbrdcu/Build/Products/Debug-iphonesimulator/RunMusic.app/gRPC_grpcWrapper.bundle /Users/ckubal/Library/Developer/Xcode/DerivedData/RunMusic-ehzzznpmcelkqvgvaslgdtzbrdcu/Build/Products/Debug-iphonesimulator/gRPC_grpcWrapper.bundle (in target 'RunMusic' from project 'RunMusic')
    cd /Users/ckubal/Documents/Programming/iOS\ Programming\ Projects/RunMusic
    builtin-copy -exclude .DS_Store -exclude CVS -exclude .svn -exclude .git -exclude .hg -resolve-src-symlinks /Users/ckubal/Library/Developer/Xcode/DerivedData/RunMusic-ehzzznpmcelkqvgvaslgdtzbrdcu/Build/Products/Debug-iphonesimulator/gRPC_grpcWrapper.bundle /Users/ckubal/Library/Developer/Xcode/DerivedData/RunMusic-ehzzznpmcelkqvgvaslgdtzbrdcu/Build/Products/Debug-iphonesimulator/RunMusic.app

Copy /Users/ckubal/Library/Developer/Xcode/DerivedData/RunMusic-ehzzznpmcelkqvgvaslgdtzbrdcu/Build/Products/Debug-iphonesimulator/RunMusic.app/abseil_abslWrapper.bundle /Users/ckubal/Library/Developer/Xcode/DerivedData/RunMusic-ehzzznpmcelkqvgvaslgdtzbrdcu/Build/Products/Debug-iphonesimulator/abseil_abslWrapper.bundle (in target 'RunMusic' from project 'RunMusic')
    cd /Users/ckubal/Documents/Programming/iOS\ Programming\ Projects/RunMusic
    builtin-copy -exclude .DS_Store -exclude CVS -exclude .svn -exclude .git -exclude .hg -resolve-src-symlinks /Users/ckubal/Library/Developer/Xcode/DerivedData/RunMusic-ehzzznpmcelkqvgvaslgdtzbrdcu/Build/Products/Debug-iphonesimulator/abseil_abslWrapper.bundle /Users/ckubal/Library/Developer/Xcode/DerivedData/RunMusic-ehzzznpmcelkqvgvaslgdtzbrdcu/Build/Products/Debug-iphonesimulator/RunMusic.app

Copy /Users/ckubal/Library/Developer/Xcode/DerivedData/RunMusic-ehzzznpmcelkqvgvaslgdtzbrdcu/Build/Products/Debug-iphonesimulator/RunMusic.app/gRPC_grpcppWrapper.bundle /Users/ckubal/Library/Developer/Xcode/DerivedData/RunMusic-ehzzznpmcelkqvgvaslgdtzbrdcu/Build/Products/Debug-iphonesimulator/gRPC_grpcppWrapper.bundle (in target 'RunMusic' from project 'RunMusic')
    cd /Users/ckubal/Documents/Programming/iOS\ Programming\ Projects/RunMusic
    builtin-copy -exclude .DS_Store -exclude CVS -exclude .svn -exclude .git -exclude .hg -resolve-src-symlinks /Users/ckubal/Library/Developer/Xcode/DerivedData/RunMusic-ehzzznpmcelkqvgvaslgdtzbrdcu/Build/Products/Debug-iphonesimulator/gRPC_grpcppWrapper.bundle /Users/ckubal/Library/Developer/Xcode/DerivedData/RunMusic-ehzzznpmcelkqvgvaslgdtzbrdcu/Build/Products/Debug-iphonesimulator/RunMusic.app

Copy /Users/ckubal/Library/Developer/Xcode/DerivedData/RunMusic-ehzzznpmcelkqvgvaslgdtzbrdcu/Build/Products/Debug-iphonesimulator/RunMusic.app/Promises_FBLPromises.bundle /Users/ckubal/Library/Developer/Xcode/DerivedData/RunMusic-ehzzznpmcelkqvgvaslgdtzbrdcu/Build/Products/Debug-iphonesimulator/Promises_FBLPromises.bundle (in target 'RunMusic' from project 'RunMusic')
    cd /Users/ckubal/Documents/Programming/iOS\ Programming\ Projects/RunMusic
    builtin-copy -exclude .DS_Store -exclude CVS -exclude .svn -exclude .git -exclude .hg -resolve-src-symlinks /Users/ckubal/Library/Developer/Xcode/DerivedData/RunMusic-ehzzznpmcelkqvgvaslgdtzbrdcu/Build/Products/Debug-iphonesimulator/Promises_FBLPromises.bundle /Users/ckubal/Library/Developer/Xcode/DerivedData/RunMusic-ehzzznpmcelkqvgvaslgdtzbrdcu/Build/Products/Debug-iphonesimulator/RunMusic.app

Copy /Users/ckubal/Library/Developer/Xcode/DerivedData/RunMusic-ehzzznpmcelkqvgvaslgdtzbrdcu/Build/Products/Debug-iphonesimulator/RunMusic.app/Lottie_Lottie.bundle /Users/ckubal/Library/Developer/Xcode/DerivedData/RunMusic-ehzzznpmcelkqvgvaslgdtzbrdcu/Build/Products/Debug-iphonesimulator/Lottie_Lottie.bundle (in target 'RunMusic' from project 'RunMusic')
    cd /Users/ckubal/Documents/Programming/iOS\ Programming\ Projects/RunMusic
    builtin-copy -exclude .DS_Store -exclude CVS -exclude .svn -exclude .git -exclude .hg -resolve-src-symlinks /Users/ckubal/Library/Developer/Xcode/DerivedData/RunMusic-ehzzznpmcelkqvgvaslgdtzbrdcu/Build/Products/Debug-iphonesimulator/Lottie_Lottie.bundle /Users/ckubal/Library/Developer/Xcode/DerivedData/RunMusic-ehzzznpmcelkqvgvaslgdtzbrdcu/Build/Products/Debug-iphonesimulator/RunMusic.app

Copy /Users/ckubal/Library/Developer/Xcode/DerivedData/RunMusic-ehzzznpmcelkqvgvaslgdtzbrdcu/Build/Products/Debug-iphonesimulator/RunMusic.app/GoogleUtilities_GoogleUtilities-Reachability.bundle /Users/ckubal/Library/Developer/Xcode/DerivedData/RunMusic-ehzzznpmcelkqvgvaslgdtzbrdcu/Build/Products/Debug-iphonesimulator/GoogleUtilities_GoogleUtilities-Reachability.bundle (in target 'RunMusic' from project 'RunMusic')
    cd /Users/ckubal/Documents/Programming/iOS\ Programming\ Projects/RunMusic
    builtin-copy -exclude .DS_Store -exclude CVS -exclude .svn -exclude .git -exclude .hg -resolve-src-symlinks /Users/ckubal/Library/Developer/Xcode/DerivedData/RunMusic-ehzzznpmcelkqvgvaslgdtzbrdcu/Build/Products/Debug-iphonesimulator/GoogleUtilities_GoogleUtilities-Reachability.bundle /Users/ckubal/Library/Developer/Xcode/DerivedData/RunMusic-ehzzznpmcelkqvgvaslgdtzbrdcu/Build/Products/Debug-iphonesimulator/RunMusic.app

SwiftDriver RunMusic normal arm64 com.apple.xcode.tools.swift.compiler (in target 'RunMusic' from project 'RunMusic')
    cd /Users/ckubal/Documents/Programming/iOS\ Programming\ Projects/RunMusic
    builtin-SwiftDriver -- /Applications/Xcode.app/Contents/Developer/Toolchains/XcodeDefault.xctoolchain/usr/bin/swiftc -module-name RunMusic -Onone -enforce-exclusivity\=checked @/Users/ckubal/Library/Developer/Xcode/DerivedData/RunMusic-ehzzznpmcelkqvgvaslgdtzbrdcu/Build/Intermediates.noindex/RunMusic.build/Debug-iphonesimulator/RunMusic.build/Objects-normal/arm64/RunMusic.SwiftFileList -DDEBUG -Xcc -fmodule-map-file\=/Users/ckubal/Library/Developer/Xcode/DerivedData/RunMusic-ehzzznpmcelkqvgvaslgdtzbrdcu/Build/Intermediates.noindex/GeneratedModuleMaps-iphonesimulator/AppAuth.modulemap -Xcc -fmodule-map-file\=/Users/ckubal/Library/Developer/Xcode/DerivedData/RunMusic-ehzzznpmcelkqvgvaslgdtzbrdcu/Build/Intermediates.noindex/GeneratedModuleMaps-iphonesimulator/AppAuthCore.modulemap -Xcc -fmodule-map-file\=/Users/ckubal/Library/Developer/Xcode/DerivedData/RunMusic-ehzzznpmcelkqvgvaslgdtzbrdcu/Build/Intermediates.noindex/GeneratedModuleMaps-iphonesimulator/GoogleSignIn.modulemap -Xcc -fmodule-map-file\=/Users/ckubal/Library/Developer/Xcode/DerivedData/RunMusic-ehzzznpmcelkqvgvaslgdtzbrdcu/Build/Intermediates.noindex/GeneratedModuleMaps-iphonesimulator/abslWrapper.modulemap -Xcc -fmodule-map-file\=/Users/ckubal/Library/Developer/Xcode/DerivedData/RunMusic-ehzzznpmcelkqvgvaslgdtzbrdcu/Build/Intermediates.noindex/GeneratedModuleMaps-iphonesimulator/opensslWrapper.modulemap -Xcc -fmodule-map-file\=/Users/ckubal/Library/Developer/Xcode/DerivedData/RunMusic-ehzzznpmcelkqvgvaslgdtzbrdcu/Build/Intermediates.noindex/GeneratedModuleMaps-iphonesimulator/grpcWrapper.modulemap -Xcc -fmodule-map-file\=/Users/ckubal/Library/Developer/Xcode/DerivedData/RunMusic-ehzzznpmcelkqvgvaslgdtzbrdcu/Build/Intermediates.noindex/GeneratedModuleMaps-iphonesimulator/grpcppWrapper.modulemap -Xcc -fmodule-map-file\=/Users/ckubal/Library/Developer/Xcode/DerivedData/RunMusic-ehzzznpmcelkqvgvaslgdtzbrdcu/Build/Intermediates.noindex/GeneratedModuleMaps-iphonesimulator/nanopb.modulemap -Xcc -fmodule-map-file\=/Users/ckubal/Library/Developer/Xcode/DerivedData/RunMusic-ehzzznpmcelkqvgvaslgdtzbrdcu/Build/Intermediates.noindex/GeneratedModuleMaps-iphonesimulator/leveldb.modulemap -Xcc -fmodule-map-file\=/Users/ckubal/Library/Developer/Xcode/DerivedData/RunMusic-ehzzznpmcelkqvgvaslgdtzbrdcu/Build/Intermediates.noindex/GeneratedModuleMaps-iphonesimulator/FirebaseFirestoreInternalWrapper.modulemap -Xcc -fmodule-map-file\=/Users/ckubal/Library/Developer/Xcode/DerivedData/RunMusic-ehzzznpmcelkqvgvaslgdtzbrdcu/Build/Intermediates.noindex/GeneratedModuleMaps-iphonesimulator/FirebaseFirestoreTarget.modulemap -Xcc -fmodule-map-file\=/Users/ckubal/Library/Developer/Xcode/DerivedData/RunMusic-ehzzznpmcelkqvgvaslgdtzbrdcu/Build/Intermediates.noindex/GeneratedModuleMaps-iphonesimulator/GoogleUtilities-Network.modulemap -Xcc -fmodule-map-file\=/Users/ckubal/Library/Developer/Xcode/DerivedData/RunMusic-ehzzznpmcelkqvgvaslgdtzbrdcu/Build/Intermediates.noindex/GeneratedModuleMaps-iphonesimulator/GoogleUtilities-Reachability.modulemap -Xcc -fmodule-map-file\=/Users/ckubal/Library/Developer/Xcode/DerivedData/RunMusic-ehzzznpmcelkqvgvaslgdtzbrdcu/Build/Intermediates.noindex/GeneratedModuleMaps-iphonesimulator/GoogleUtilities-AppDelegateSwizzler.modulemap -Xcc -fmodule-map-file\=/Users/ckubal/Library/Developer/Xcode/DerivedData/RunMusic-ehzzznpmcelkqvgvaslgdtzbrdcu/Build/Intermediates.noindex/GeneratedModuleMaps-iphonesimulator/RecaptchaInterop.modulemap -Xcc -fmodule-map-file\=/Users/ckubal/Library/Developer/Xcode/DerivedData/RunMusic-ehzzznpmcelkqvgvaslgdtzbrdcu/Build/Intermediates.noindex/GeneratedModuleMaps-iphonesimulator/FirebaseAuth.modulemap -Xcc -fmodule-map-file\=/Users/ckubal/Library/Developer/Xcode/DerivedData/RunMusic-ehzzznpmcelkqvgvaslgdtzbrdcu/Build/Intermediates.noindex/GeneratedModuleMaps-iphonesimulator/GoogleUtilities-NSData.modulemap -Xcc -fmodule-map-file\=/Users/ckubal/Library/Developer/Xcode/DerivedData/RunMusic-ehzzznpmcelkqvgvaslgdtzbrdcu/Build/Intermediates.noindex/GeneratedModuleMaps-iphonesimulator/GoogleUtilities-Environment.modulemap -Xcc -fmodule-map-file\=/Users/ckubal/Library/Developer/Xcode/DerivedData/RunMusic-ehzzznpmcelkqvgvaslgdtzbrdcu/Build/Intermediates.noindex/GeneratedModuleMaps-iphonesimulator/third-party-IsAppEncrypted.modulemap -Xcc -fmodule-map-file\=/Users/ckubal/Library/Developer/Xcode/DerivedData/RunMusic-ehzzznpmcelkqvgvaslgdtzbrdcu/Build/Intermediates.noindex/GeneratedModuleMaps-iphonesimulator/GoogleUtilities-Logger.modulemap -Xcc -fmodule-map-file\=/Users/ckubal/Library/Developer/Xcode/DerivedData/RunMusic-ehzzznpmcelkqvgvaslgdtzbrdcu/Build/Intermediates.noindex/GeneratedModuleMaps-iphonesimulator/GTMSessionFetcherCore.modulemap -Xcc -fmodule-map-file\=/Users/ckubal/Library/Developer/Xcode/DerivedData/RunMusic-ehzzznpmcelkqvgvaslgdtzbrdcu/Build/Intermediates.noindex/GeneratedModuleMaps-iphonesimulator/FirebaseMessagingInterop.modulemap -Xcc -fmodule-map-file\=/Users/ckubal/Library/Developer/Xcode/DerivedData/RunMusic-ehzzznpmcelkqvgvaslgdtzbrdcu/Build/Intermediates.noindex/GeneratedModuleMaps-iphonesimulator/FirebaseCoreExtension.modulemap -Xcc -fmodule-map-file\=/Users/ckubal/Library/Developer/Xcode/DerivedData/RunMusic-ehzzznpmcelkqvgvaslgdtzbrdcu/Build/Intermediates.noindex/GeneratedModuleMaps-iphonesimulator/FirebaseCore.modulemap -Xcc -fmodule-map-file\=/Users/ckubal/Library/Developer/Xcode/DerivedData/RunMusic-ehzzznpmcelkqvgvaslgdtzbrdcu/Build/Intermediates.noindex/GeneratedModuleMaps-iphonesimulator/FirebaseAuthInterop.modulemap -Xcc -fmodule-map-file\=/Users/ckubal/Library/Developer/Xcode/DerivedData/RunMusic-ehzzznpmcelkqvgvaslgdtzbrdcu/Build/Intermediates.noindex/GeneratedModuleMaps-iphonesimulator/FirebaseAppCheckInterop.modulemap -enable-bare-slash-regex -enable-experimental-feature DebugDescriptionMacro -sdk /Applications/Xcode.app/Contents/Developer/Platforms/iPhoneSimulator.platform/Developer/SDKs/iPhoneSimulator26.0.sdk -target arm64-apple-ios17.6-simulator -g -module-cache-path /Users/ckubal/Library/Developer/Xcode/DerivedData/ModuleCache.noindex -Xfrontend -serialize-debugging-options -enable-testing -index-store-path /Users/ckubal/Library/Developer/Xcode/DerivedData/RunMusic-ehzzznpmcelkqvgvaslgdtzbrdcu/Index.noindex/DataStore -Xcc -D_LIBCPP_HARDENING_MODE\=_LIBCPP_HARDENING_MODE_DEBUG -swift-version 5 -I /Users/ckubal/Library/Developer/Xcode/DerivedData/RunMusic-ehzzznpmcelkqvgvaslgdtzbrdcu/Build/Products/Debug-iphonesimulator -F /Users/ckubal/Library/Developer/Xcode/DerivedData/RunMusic-ehzzznpmcelkqvgvaslgdtzbrdcu/Build/Products/Debug-iphonesimulator/PackageFrameworks -F /Users/ckubal/Library/Developer/Xcode/DerivedData/RunMusic-ehzzznpmcelkqvgvaslgdtzbrdcu/Build/Products/Debug-iphonesimulator/PackageFrameworks -F /Users/ckubal/Library/Developer/Xcode/DerivedData/RunMusic-ehzzznpmcelkqvgvaslgdtzbrdcu/Build/Products/Debug-iphonesimulator/PackageFrameworks -F /Users/ckubal/Library/Developer/Xcode/DerivedData/RunMusic-ehzzznpmcelkqvgvaslgdtzbrdcu/Build/Products/Debug-iphonesimulator/PackageFrameworks -F /Users/ckubal/Library/Developer/Xcode/DerivedData/RunMusic-ehzzznpmcelkqvgvaslgdtzbrdcu/Build/Products/Debug-iphonesimulator/PackageFrameworks -F /Users/ckubal/Library/Developer/Xcode/DerivedData/RunMusic-ehzzznpmcelkqvgvaslgdtzbrdcu/Build/Products/Debug-iphonesimulator/PackageFrameworks -F /Users/ckubal/Library/Developer/Xcode/DerivedData/RunMusic-ehzzznpmcelkqvgvaslgdtzbrdcu/Build/Products/Debug-iphonesimulator/PackageFrameworks -F /Users/ckubal/Library/Developer/Xcode/DerivedData/RunMusic-ehzzznpmcelkqvgvaslgdtzbrdcu/Build/Products/Debug-iphonesimulator/PackageFrameworks -F /Users/ckubal/Library/Developer/Xcode/DerivedData/RunMusic-ehzzznpmcelkqvgvaslgdtzbrdcu/Build/Products/Debug-iphonesimulator/PackageFrameworks -F /Users/ckubal/Library/Developer/Xcode/DerivedData/RunMusic-ehzzznpmcelkqvgvaslgdtzbrdcu/Build/Products/Debug-iphonesimulator/PackageFrameworks -F /Users/ckubal/Library/Developer/Xcode/DerivedData/RunMusic-ehzzznpmcelkqvgvaslgdtzbrdcu/Build/Products/Debug-iphonesimulator/PackageFrameworks -F /Users/ckubal/Library/Developer/Xcode/DerivedData/RunMusic-ehzzznpmcelkqvgvaslgdtzbrdcu/Build/Products/Debug-iphonesimulator/PackageFrameworks -F /Users/ckubal/Library/Developer/Xcode/DerivedData/RunMusic-ehzzznpmcelkqvgvaslgdtzbrdcu/Build/Products/Debug-iphonesimulator/PackageFrameworks -F /Users/ckubal/Library/Developer/Xcode/DerivedData/RunMusic-ehzzznpmcelkqvgvaslgdtzbrdcu/Build/Products/Debug-iphonesimulator/PackageFrameworks -F /Users/ckubal/Library/Developer/Xcode/DerivedData/RunMusic-ehzzznpmcelkqvgvaslgdtzbrdcu/Build/Products/Debug-iphonesimulator/PackageFrameworks -F /Users/ckubal/Library/Developer/Xcode/DerivedData/RunMusic-ehzzznpmcelkqvgvaslgdtzbrdcu/Build/Products/Debug-iphonesimulator/PackageFrameworks -F /Users/ckubal/Library/Developer/Xcode/DerivedData/RunMusic-ehzzznpmcelkqvgvaslgdtzbrdcu/Build/Products/Debug-iphonesimulator/PackageFrameworks -F /Users/ckubal/Library/Developer/Xcode/DerivedData/RunMusic-ehzzznpmcelkqvgvaslgdtzbrdcu/Build/Products/Debug-iphonesimulator/PackageFrameworks -F /Users/ckubal/Library/Developer/Xcode/DerivedData/RunMusic-ehzzznpmcelkqvgvaslgdtzbrdcu/Build/Products/Debug-iphonesimulator/PackageFrameworks -F /Users/ckubal/Library/Developer/Xcode/DerivedData/RunMusic-ehzzznpmcelkqvgvaslgdtzbrdcu/Build/Products/Debug-iphonesimulator/PackageFrameworks -F /Users/ckubal/Library/Developer/Xcode/DerivedData/RunMusic-ehzzznpmcelkqvgvaslgdtzbrdcu/Build/Products/Debug-iphonesimulator/PackageFrameworks -F /Users/ckubal/Library/Developer/Xcode/DerivedData/RunMusic-ehzzznpmcelkqvgvaslgdtzbrdcu/Build/Products/Debug-iphonesimulator/PackageFrameworks -F /Users/ckubal/Library/Developer/Xcode/DerivedData/RunMusic-ehzzznpmcelkqvgvaslgdtzbrdcu/Build/Products/Debug-iphonesimulator/PackageFrameworks -F /Users/ckubal/Library/Developer/Xcode/DerivedData/RunMusic-ehzzznpmcelkqvgvaslgdtzbrdcu/Build/Products/Debug-iphonesimulator/PackageFrameworks -F /Users/ckubal/Library/Developer/Xcode/DerivedData/RunMusic-ehzzznpmcelkqvgvaslgdtzbrdcu/Build/Products/Debug-iphonesimulator/PackageFrameworks -F /Users/ckubal/Library/Developer/Xcode/DerivedData/RunMusic-ehzzznpmcelkqvgvaslgdtzbrdcu/Build/Products/Debug-iphonesimulator/PackageFrameworks -F /Users/ckubal/Library/Developer/Xcode/DerivedData/RunMusic-ehzzznpmcelkqvgvaslgdtzbrdcu/Build/Products/Debug-iphonesimulator/PackageFrameworks -F /Users/ckubal/Library/Developer/Xcode/DerivedData/RunMusic-ehzzznpmcelkqvgvaslgdtzbrdcu/Build/Products/Debug-iphonesimulator/PackageFrameworks -F /Users/ckubal/Library/Developer/Xcode/DerivedData/RunMusic-ehzzznpmcelkqvgvaslgdtzbrdcu/Build/Products/Debug-iphonesimulator/PackageFrameworks -F /Users/ckubal/Library/Developer/Xcode/DerivedData/RunMusic-ehzzznpmcelkqvgvaslgdtzbrdcu/Build/Products/Debug-iphonesimulator/PackageFrameworks -F /Users/ckubal/Library/Developer/Xcode/DerivedData/RunMusic-ehzzznpmcelkqvgvaslgdtzbrdcu/Build/Products/Debug-iphonesimulator/PackageFrameworks -F /Users/ckubal/Library/Developer/Xcode/DerivedData/RunMusic-ehzzznpmcelkqvgvaslgdtzbrdcu/Build/Products/Debug-iphonesimulator/PackageFrameworks -F /Users/ckubal/Library/Developer/Xcode/DerivedData/RunMusic-ehzzznpmcelkqvgvaslgdtzbrdcu/Build/Products/Debug-iphonesimulator/PackageFrameworks -F /Users/ckubal/Library/Developer/Xcode/DerivedData/RunMusic-ehzzznpmcelkqvgvaslgdtzbrdcu/Build/Products/Debug-iphonesimulator/PackageFrameworks -F /Users/ckubal/Library/Developer/Xcode/DerivedData/RunMusic-ehzzznpmcelkqvgvaslgdtzbrdcu/Build/Products/Debug-iphonesimulator -emit-localized-strings -emit-localized-strings-path /Users/ckubal/Library/Developer/Xcode/DerivedData/RunMusic-ehzzznpmcelkqvgvaslgdtzbrdcu/Build/Intermediates.noindex/RunMusic.build/Debug-iphonesimulator/RunMusic.build/Objects-normal/arm64 -c -j10 -enable-batch-mode -incremental -Xcc -ivfsstatcache -Xcc /Users/ckubal/Library/Developer/Xcode/DerivedData/SDKStatCaches.noindex/iphonesimulator26.0-23A339-26257891a6c027eb51374368541b8346.sdkstatcache -output-file-map /Users/ckubal/Library/Developer/Xcode/DerivedData/RunMusic-ehzzznpmcelkqvgvaslgdtzbrdcu/Build/Intermediates.noindex/RunMusic.build/Debug-iphonesimulator/RunMusic.build/Objects-normal/arm64/RunMusic-OutputFileMap.json -use-frontend-parseable-output -save-temps -no-color-diagnostics -explicit-module-build -module-cache-path /Users/ckubal/Library/Developer/Xcode/DerivedData/RunMusic-ehzzznpmcelkqvgvaslgdtzbrdcu/Build/Intermediates.noindex/SwiftExplicitPrecompiledModules -clang-scanner-module-cache-path /Users/ckubal/Library/Developer/Xcode/DerivedData/ModuleCache.noindex -sdk-module-cache-path /Users/ckubal/Library/Developer/Xcode/DerivedData/ModuleCache.noindex -serialize-diagnostics -emit-dependencies -emit-module -emit-module-path /Users/ckubal/Library/Developer/Xcode/DerivedData/RunMusic-ehzzznpmcelkqvgvaslgdtzbrdcu/Build/Intermediates.noindex/RunMusic.build/Debug-iphonesimulator/RunMusic.build/Objects-normal/arm64/RunMusic.swiftmodule -validate-clang-modules-once -clang-build-session-file /Users/ckubal/Library/Developer/Xcode/DerivedData/ModuleCache.noindex/Session.modulevalidation -Xcc -I/Users/ckubal/Library/Developer/Xcode/DerivedData/RunMusic-ehzzznpmcelkqvgvaslgdtzbrdcu/Build/Intermediates.noindex/RunMusic.build/Debug-iphonesimulator/RunMusic.build/swift-overrides.hmap -emit-const-values -Xfrontend -const-gather-protocols-file -Xfrontend /Users/ckubal/Library/Developer/Xcode/DerivedData/RunMusic-ehzzznpmcelkqvgvaslgdtzbrdcu/Build/Intermediates.noindex/RunMusic.build/Debug-iphonesimulator/RunMusic.build/Objects-normal/arm64/RunMusic_const_extract_protocols.json -Xcc -iquote -Xcc /Users/ckubal/Library/Developer/Xcode/DerivedData/RunMusic-ehzzznpmcelkqvgvaslgdtzbrdcu/Build/Intermediates.noindex/RunMusic.build/Debug-iphonesimulator/RunMusic.build/RunMusic-generated-files.hmap -Xcc -I/Users/ckubal/Library/Developer/Xcode/DerivedData/RunMusic-ehzzznpmcelkqvgvaslgdtzbrdcu/Build/Intermediates.noindex/RunMusic.build/Debug-iphonesimulator/RunMusic.build/RunMusic-own-target-headers.hmap -Xcc -I/Users/ckubal/Library/Developer/Xcode/DerivedData/RunMusic-ehzzznpmcelkqvgvaslgdtzbrdcu/Build/Intermediates.noindex/RunMusic.build/Debug-iphonesimulator/RunMusic.build/RunMusic-all-non-framework-target-headers.hmap -Xcc -ivfsoverlay -Xcc /Users/ckubal/Library/Developer/Xcode/DerivedData/RunMusic-ehzzznpmcelkqvgvaslgdtzbrdcu/Build/Intermediates.noindex/RunMusic.build/Debug-iphonesimulator/RunMusic-9ea393dc3db56d2d01f40a6dd024fcf3-VFS-iphonesimulator/all-product-headers.yaml -Xcc -iquote -Xcc /Users/ckubal/Library/Developer/Xcode/DerivedData/RunMusic-ehzzznpmcelkqvgvaslgdtzbrdcu/Build/Intermediates.noindex/RunMusic.build/Debug-iphonesimulator/RunMusic.build/RunMusic-project-headers.hmap -Xcc -I/Users/ckubal/Library/Developer/Xcode/DerivedData/RunMusic-ehzzznpmcelkqvgvaslgdtzbrdcu/SourcePackages/checkouts/AppAuth-iOS/Sources/AppAuth -Xcc -I/Users/ckubal/Library/Developer/Xcode/DerivedData/RunMusic-ehzzznpmcelkqvgvaslgdtzbrdcu/SourcePackages/checkouts/AppAuth-iOS/Sources/AppAuthCore -Xcc -I/Users/ckubal/Library/Developer/Xcode/DerivedData/RunMusic-ehzzznpmcelkqvgvaslgdtzbrdcu/SourcePackages/checkouts/GoogleSignIn-iOS/GoogleSignIn/Sources/Public -Xcc -I/Users/ckubal/Library/Developer/Xcode/DerivedData/RunMusic-ehzzznpmcelkqvgvaslgdtzbrdcu/SourcePackages/checkouts/abseil-cpp-binary/absl-Wrapper/include -Xcc -I/Users/ckubal/Library/Developer/Xcode/DerivedData/RunMusic-ehzzznpmcelkqvgvaslgdtzbrdcu/SourcePackages/checkouts/grpc-binary/openssl-grpc-Wrapper/include -Xcc -I/Users/ckubal/Library/Developer/Xcode/DerivedData/RunMusic-ehzzznpmcelkqvgvaslgdtzbrdcu/SourcePackages/checkouts/grpc-binary/grpc-Wrapper/include -Xcc -I/Users/ckubal/Library/Developer/Xcode/DerivedData/RunMusic-ehzzznpmcelkqvgvaslgdtzbrdcu/SourcePackages/checkouts/grpc-binary/grpcpp-Wrapper/include -Xcc -I/Users/ckubal/Library/Developer/Xcode/DerivedData/RunMusic-ehzzznpmcelkqvgvaslgdtzbrdcu/SourcePackages/checkouts/nanopb/spm_headers -Xcc -I/Users/ckubal/Library/Developer/Xcode/DerivedData/RunMusic-ehzzznpmcelkqvgvaslgdtzbrdcu/SourcePackages/checkouts/leveldb/include -Xcc -I/Users/ckubal/Library/Developer/Xcode/DerivedData/RunMusic-ehzzznpmcelkqvgvaslgdtzbrdcu/SourcePackages/checkouts/firebase-ios-sdk/FirebaseFirestoreInternal -Xcc -I/Users/ckubal/Library/Developer/Xcode/DerivedData/RunMusic-ehzzznpmcelkqvgvaslgdtzbrdcu/SourcePackages/checkouts/firebase-ios-sdk/SwiftPM-PlatformExclude/FirebaseFirestoreWrap/include -Xcc -I/Users/ckubal/Library/Developer/Xcode/DerivedData/RunMusic-ehzzznpmcelkqvgvaslgdtzbrdcu/SourcePackages/checkouts/GoogleUtilities/GoogleUtilities/Network/Public -Xcc -I/Users/ckubal/Library/Developer/Xcode/DerivedData/RunMusic-ehzzznpmcelkqvgvaslgdtzbrdcu/SourcePackages/checkouts/GoogleUtilities/GoogleUtilities/Reachability/Public -Xcc -I/Users/ckubal/Library/Developer/Xcode/DerivedData/RunMusic-ehzzznpmcelkqvgvaslgdtzbrdcu/SourcePackages/checkouts/GoogleUtilities/GoogleUtilities/AppDelegateSwizzler/Public -Xcc -I/Users/ckubal/Library/Developer/Xcode/DerivedData/RunMusic-ehzzznpmcelkqvgvaslgdtzbrdcu/SourcePackages/checkouts/interop-ios-for-google-sdks/RecaptchaEnterprise/RecaptchaInterop/Public -Xcc -I/Users/ckubal/Library/Developer/Xcode/DerivedData/RunMusic-ehzzznpmcelkqvgvaslgdtzbrdcu/SourcePackages/checkouts/firebase-ios-sdk/FirebaseAuth/Sources/Public -Xcc -I/Users/ckubal/Library/Developer/Xcode/DerivedData/RunMusic-ehzzznpmcelkqvgvaslgdtzbrdcu/SourcePackages/checkouts/GoogleUtilities/GoogleUtilities/NSData+zlib/Public -Xcc -I/Users/ckubal/Library/Developer/Xcode/DerivedData/RunMusic-ehzzznpmcelkqvgvaslgdtzbrdcu/SourcePackages/checkouts/promises/Sources/FBLPromises/include -Xcc -I/Users/ckubal/Library/Developer/Xcode/DerivedData/RunMusic-ehzzznpmcelkqvgvaslgdtzbrdcu/SourcePackages/checkouts/GoogleUtilities/GoogleUtilities/Environment/Public -Xcc -I/Users/ckubal/Library/Developer/Xcode/DerivedData/RunMusic-ehzzznpmcelkqvgvaslgdtzbrdcu/SourcePackages/checkouts/GoogleUtilities/third_party/IsAppEncrypted/Public -Xcc -I/Users/ckubal/Library/Developer/Xcode/DerivedData/RunMusic-ehzzznpmcelkqvgvaslgdtzbrdcu/SourcePackages/checkouts/GoogleUtilities/GoogleUtilities/Logger/Public -Xcc -I/Users/ckubal/Library/Developer/Xcode/DerivedData/RunMusic-ehzzznpmcelkqvgvaslgdtzbrdcu/SourcePackages/checkouts/gtm-session-fetcher/Sources/Core/Public -Xcc -I/Users/ckubal/Library/Developer/Xcode/DerivedData/RunMusic-ehzzznpmcelkqvgvaslgdtzbrdcu/SourcePackages/checkouts/firebase-ios-sdk/FirebaseMessaging/Interop -Xcc -I/Users/ckubal/Library/Developer/Xcode/DerivedData/RunMusic-ehzzznpmcelkqvgvaslgdtzbrdcu/SourcePackages/checkouts/firebase-ios-sdk/FirebaseCore/Extension -Xcc -I/Users/ckubal/Library/Developer/Xcode/DerivedData/RunMusic-ehzzznpmcelkqvgvaslgdtzbrdcu/SourcePackages/checkouts/firebase-ios-sdk/FirebaseCore/Sources/Public -Xcc -I/Users/ckubal/Library/Developer/Xcode/DerivedData/RunMusic-ehzzznpmcelkqvgvaslgdtzbrdcu/SourcePackages/checkouts/firebase-ios-sdk/CoreOnly/Sources -Xcc -I/Users/ckubal/Library/Developer/Xcode/DerivedData/RunMusic-ehzzznpmcelkqvgvaslgdtzbrdcu/SourcePackages/checkouts/firebase-ios-sdk/FirebaseAuth/Interop -Xcc -I/Users/ckubal/Library/Developer/Xcode/DerivedData/RunMusic-ehzzznpmcelkqvgvaslgdtzbrdcu/SourcePackages/checkouts/firebase-ios-sdk/FirebaseAppCheck/Interop/Public -Xcc -I/Users/ckubal/Library/Developer/Xcode/DerivedData/RunMusic-ehzzznpmcelkqvgvaslgdtzbrdcu/Build/Products/Debug-iphonesimulator/include -Xcc -I/Users/ckubal/Library/Developer/Xcode/DerivedData/RunMusic-ehzzznpmcelkqvgvaslgdtzbrdcu/Build/Intermediates.noindex/RunMusic.build/Debug-iphonesimulator/RunMusic.build/DerivedSources-normal/arm64 -Xcc -I/Users/ckubal/Library/Developer/Xcode/DerivedData/RunMusic-ehzzznpmcelkqvgvaslgdtzbrdcu/Build/Intermediates.noindex/RunMusic.build/Debug-iphonesimulator/RunMusic.build/DerivedSources/arm64 -Xcc -I/Users/ckubal/Library/Developer/Xcode/DerivedData/RunMusic-ehzzznpmcelkqvgvaslgdtzbrdcu/Build/Intermediates.noindex/RunMusic.build/Debug-iphonesimulator/RunMusic.build/DerivedSources -Xcc -DDEBUG\=1 -emit-objc-header -emit-objc-header-path /Users/ckubal/Library/Developer/Xcode/DerivedData/RunMusic-ehzzznpmcelkqvgvaslgdtzbrdcu/Build/Intermediates.noindex/RunMusic.build/Debug-iphonesimulator/RunMusic.build/Objects-normal/arm64/RunMusic-Swift.h -working-directory /Users/ckubal/Documents/Programming/iOS\ Programming\ Projects/RunMusic -experimental-emit-module-separately -disable-cmo

Copy /Users/ckubal/Library/Developer/Xcode/DerivedData/RunMusic-ehzzznpmcelkqvgvaslgdtzbrdcu/Build/Products/Debug-iphonesimulator/RunMusic.app/GoogleUtilities_GoogleUtilities-Network.bundle /Users/ckubal/Library/Developer/Xcode/DerivedData/RunMusic-ehzzznpmcelkqvgvaslgdtzbrdcu/Build/Products/Debug-iphonesimulator/GoogleUtilities_GoogleUtilities-Network.bundle (in target 'RunMusic' from project 'RunMusic')
    cd /Users/ckubal/Documents/Programming/iOS\ Programming\ Projects/RunMusic
    builtin-copy -exclude .DS_Store -exclude CVS -exclude .svn -exclude .git -exclude .hg -resolve-src-symlinks /Users/ckubal/Library/Developer/Xcode/DerivedData/RunMusic-ehzzznpmcelkqvgvaslgdtzbrdcu/Build/Products/Debug-iphonesimulator/GoogleUtilities_GoogleUtilities-Network.bundle /Users/ckubal/Library/Developer/Xcode/DerivedData/RunMusic-ehzzznpmcelkqvgvaslgdtzbrdcu/Build/Products/Debug-iphonesimulator/RunMusic.app

Copy /Users/ckubal/Library/Developer/Xcode/DerivedData/RunMusic-ehzzznpmcelkqvgvaslgdtzbrdcu/Build/Products/Debug-iphonesimulator/RunMusic.app/GoogleUtilities_GoogleUtilities-NSData.bundle /Users/ckubal/Library/Developer/Xcode/DerivedData/RunMusic-ehzzznpmcelkqvgvaslgdtzbrdcu/Build/Products/Debug-iphonesimulator/GoogleUtilities_GoogleUtilities-NSData.bundle (in target 'RunMusic' from project 'RunMusic')
    cd /Users/ckubal/Documents/Programming/iOS\ Programming\ Projects/RunMusic
    builtin-copy -exclude .DS_Store -exclude CVS -exclude .svn -exclude .git -exclude .hg -resolve-src-symlinks /Users/ckubal/Library/Developer/Xcode/DerivedData/RunMusic-ehzzznpmcelkqvgvaslgdtzbrdcu/Build/Products/Debug-iphonesimulator/GoogleUtilities_GoogleUtilities-NSData.bundle /Users/ckubal/Library/Developer/Xcode/DerivedData/RunMusic-ehzzznpmcelkqvgvaslgdtzbrdcu/Build/Products/Debug-iphonesimulator/RunMusic.app

Copy /Users/ckubal/Library/Developer/Xcode/DerivedData/RunMusic-ehzzznpmcelkqvgvaslgdtzbrdcu/Build/Products/Debug-iphonesimulator/RunMusic.app/GoogleUtilities_GoogleUtilities-Logger.bundle /Users/ckubal/Library/Developer/Xcode/DerivedData/RunMusic-ehzzznpmcelkqvgvaslgdtzbrdcu/Build/Products/Debug-iphonesimulator/GoogleUtilities_GoogleUtilities-Logger.bundle (in target 'RunMusic' from project 'RunMusic')
    cd /Users/ckubal/Documents/Programming/iOS\ Programming\ Projects/RunMusic
    builtin-copy -exclude .DS_Store -exclude CVS -exclude .svn -exclude .git -exclude .hg -resolve-src-symlinks /Users/ckubal/Library/Developer/Xcode/DerivedData/RunMusic-ehzzznpmcelkqvgvaslgdtzbrdcu/Build/Products/Debug-iphonesimulator/GoogleUtilities_GoogleUtilities-Logger.bundle /Users/ckubal/Library/Developer/Xcode/DerivedData/RunMusic-ehzzznpmcelkqvgvaslgdtzbrdcu/Build/Products/Debug-iphonesimulator/RunMusic.app

Copy /Users/ckubal/Library/Developer/Xcode/DerivedData/RunMusic-ehzzznpmcelkqvgvaslgdtzbrdcu/Build/Products/Debug-iphonesimulator/RunMusic.app/GoogleUtilities_GoogleUtilities-Environment.bundle /Users/ckubal/Library/Developer/Xcode/DerivedData/RunMusic-ehzzznpmcelkqvgvaslgdtzbrdcu/Build/Products/Debug-iphonesimulator/GoogleUtilities_GoogleUtilities-Environment.bundle (in target 'RunMusic' from project 'RunMusic')
    cd /Users/ckubal/Documents/Programming/iOS\ Programming\ Projects/RunMusic
    builtin-copy -exclude .DS_Store -exclude CVS -exclude .svn -exclude .git -exclude .hg -resolve-src-symlinks /Users/ckubal/Library/Developer/Xcode/DerivedData/RunMusic-ehzzznpmcelkqvgvaslgdtzbrdcu/Build/Products/Debug-iphonesimulator/GoogleUtilities_GoogleUtilities-Environment.bundle /Users/ckubal/Library/Developer/Xcode/DerivedData/RunMusic-ehzzznpmcelkqvgvaslgdtzbrdcu/Build/Products/Debug-iphonesimulator/RunMusic.app

Copy /Users/ckubal/Library/Developer/Xcode/DerivedData/RunMusic-ehzzznpmcelkqvgvaslgdtzbrdcu/Build/Products/Debug-iphonesimulator/RunMusic.app/GoogleUtilities_GoogleUtilities-AppDelegateSwizzler.bundle /Users/ckubal/Library/Developer/Xcode/DerivedData/RunMusic-ehzzznpmcelkqvgvaslgdtzbrdcu/Build/Products/Debug-iphonesimulator/GoogleUtilities_GoogleUtilities-AppDelegateSwizzler.bundle (in target 'RunMusic' from project 'RunMusic')
    cd /Users/ckubal/Documents/Programming/iOS\ Programming\ Projects/RunMusic
    builtin-copy -exclude .DS_Store -exclude CVS -exclude .svn -exclude .git -exclude .hg -resolve-src-symlinks /Users/ckubal/Library/Developer/Xcode/DerivedData/RunMusic-ehzzznpmcelkqvgvaslgdtzbrdcu/Build/Products/Debug-iphonesimulator/GoogleUtilities_GoogleUtilities-AppDelegateSwizzler.bundle /Users/ckubal/Library/Developer/Xcode/DerivedData/RunMusic-ehzzznpmcelkqvgvaslgdtzbrdcu/Build/Products/Debug-iphonesimulator/RunMusic.app

Copy /Users/ckubal/Library/Developer/Xcode/DerivedData/RunMusic-ehzzznpmcelkqvgvaslgdtzbrdcu/Build/Products/Debug-iphonesimulator/RunMusic.app/GoogleSignIn_GoogleSignIn.bundle /Users/ckubal/Library/Developer/Xcode/DerivedData/RunMusic-ehzzznpmcelkqvgvaslgdtzbrdcu/Build/Products/Debug-iphonesimulator/GoogleSignIn_GoogleSignIn.bundle (in target 'RunMusic' from project 'RunMusic')
    cd /Users/ckubal/Documents/Programming/iOS\ Programming\ Projects/RunMusic
    builtin-copy -exclude .DS_Store -exclude CVS -exclude .svn -exclude .git -exclude .hg -resolve-src-symlinks /Users/ckubal/Library/Developer/Xcode/DerivedData/RunMusic-ehzzznpmcelkqvgvaslgdtzbrdcu/Build/Products/Debug-iphonesimulator/GoogleSignIn_GoogleSignIn.bundle /Users/ckubal/Library/Developer/Xcode/DerivedData/RunMusic-ehzzznpmcelkqvgvaslgdtzbrdcu/Build/Products/Debug-iphonesimulator/RunMusic.app

Copy /Users/ckubal/Library/Developer/Xcode/DerivedData/RunMusic-ehzzznpmcelkqvgvaslgdtzbrdcu/Build/Products/Debug-iphonesimulator/RunMusic.app/GTMSessionFetcher_GTMSessionFetcherCore.bundle /Users/ckubal/Library/Developer/Xcode/DerivedData/RunMusic-ehzzznpmcelkqvgvaslgdtzbrdcu/Build/Products/Debug-iphonesimulator/GTMSessionFetcher_GTMSessionFetcherCore.bundle (in target 'RunMusic' from project 'RunMusic')
    cd /Users/ckubal/Documents/Programming/iOS\ Programming\ Projects/RunMusic
    builtin-copy -exclude .DS_Store -exclude CVS -exclude .svn -exclude .git -exclude .hg -resolve-src-symlinks /Users/ckubal/Library/Developer/Xcode/DerivedData/RunMusic-ehzzznpmcelkqvgvaslgdtzbrdcu/Build/Products/Debug-iphonesimulator/GTMSessionFetcher_GTMSessionFetcherCore.bundle /Users/ckubal/Library/Developer/Xcode/DerivedData/RunMusic-ehzzznpmcelkqvgvaslgdtzbrdcu/Build/Products/Debug-iphonesimulator/RunMusic.app

Copy /Users/ckubal/Library/Developer/Xcode/DerivedData/RunMusic-ehzzznpmcelkqvgvaslgdtzbrdcu/Build/Products/Debug-iphonesimulator/RunMusic.app/GTMAppAuth_GTMAppAuth.bundle /Users/ckubal/Library/Developer/Xcode/DerivedData/RunMusic-ehzzznpmcelkqvgvaslgdtzbrdcu/Build/Products/Debug-iphonesimulator/GTMAppAuth_GTMAppAuth.bundle (in target 'RunMusic' from project 'RunMusic')
    cd /Users/ckubal/Documents/Programming/iOS\ Programming\ Projects/RunMusic
    builtin-copy -exclude .DS_Store -exclude CVS -exclude .svn -exclude .git -exclude .hg -resolve-src-symlinks /Users/ckubal/Library/Developer/Xcode/DerivedData/RunMusic-ehzzznpmcelkqvgvaslgdtzbrdcu/Build/Products/Debug-iphonesimulator/GTMAppAuth_GTMAppAuth.bundle /Users/ckubal/Library/Developer/Xcode/DerivedData/RunMusic-ehzzznpmcelkqvgvaslgdtzbrdcu/Build/Products/Debug-iphonesimulator/RunMusic.app

Copy /Users/ckubal/Library/Developer/Xcode/DerivedData/RunMusic-ehzzznpmcelkqvgvaslgdtzbrdcu/Build/Products/Debug-iphonesimulator/RunMusic.app/Firebase_FirebaseFirestore.bundle /Users/ckubal/Library/Developer/Xcode/DerivedData/RunMusic-ehzzznpmcelkqvgvaslgdtzbrdcu/Build/Products/Debug-iphonesimulator/Firebase_FirebaseFirestore.bundle (in target 'RunMusic' from project 'RunMusic')
    cd /Users/ckubal/Documents/Programming/iOS\ Programming\ Projects/RunMusic
    builtin-copy -exclude .DS_Store -exclude CVS -exclude .svn -exclude .git -exclude .hg -resolve-src-symlinks /Users/ckubal/Library/Developer/Xcode/DerivedData/RunMusic-ehzzznpmcelkqvgvaslgdtzbrdcu/Build/Products/Debug-iphonesimulator/Firebase_FirebaseFirestore.bundle /Users/ckubal/Library/Developer/Xcode/DerivedData/RunMusic-ehzzznpmcelkqvgvaslgdtzbrdcu/Build/Products/Debug-iphonesimulator/RunMusic.app

Copy /Users/ckubal/Library/Developer/Xcode/DerivedData/RunMusic-ehzzznpmcelkqvgvaslgdtzbrdcu/Build/Products/Debug-iphonesimulator/RunMusic.app/Firebase_FirebaseCoreInternal.bundle /Users/ckubal/Library/Developer/Xcode/DerivedData/RunMusic-ehzzznpmcelkqvgvaslgdtzbrdcu/Build/Products/Debug-iphonesimulator/Firebase_FirebaseCoreInternal.bundle (in target 'RunMusic' from project 'RunMusic')
    cd /Users/ckubal/Documents/Programming/iOS\ Programming\ Projects/RunMusic
    builtin-copy -exclude .DS_Store -exclude CVS -exclude .svn -exclude .git -exclude .hg -resolve-src-symlinks /Users/ckubal/Library/Developer/Xcode/DerivedData/RunMusic-ehzzznpmcelkqvgvaslgdtzbrdcu/Build/Products/Debug-iphonesimulator/Firebase_FirebaseCoreInternal.bundle /Users/ckubal/Library/Developer/Xcode/DerivedData/RunMusic-ehzzznpmcelkqvgvaslgdtzbrdcu/Build/Products/Debug-iphonesimulator/RunMusic.app

Copy /Users/ckubal/Library/Developer/Xcode/DerivedData/RunMusic-ehzzznpmcelkqvgvaslgdtzbrdcu/Build/Products/Debug-iphonesimulator/RunMusic.app/Firebase_FirebaseCoreExtension.bundle /Users/ckubal/Library/Developer/Xcode/DerivedData/RunMusic-ehzzznpmcelkqvgvaslgdtzbrdcu/Build/Products/Debug-iphonesimulator/Firebase_FirebaseCoreExtension.bundle (in target 'RunMusic' from project 'RunMusic')
    cd /Users/ckubal/Documents/Programming/iOS\ Programming\ Projects/RunMusic
    builtin-copy -exclude .DS_Store -exclude CVS -exclude .svn -exclude .git -exclude .hg -resolve-src-symlinks /Users/ckubal/Library/Developer/Xcode/DerivedData/RunMusic-ehzzznpmcelkqvgvaslgdtzbrdcu/Build/Products/Debug-iphonesimulator/Firebase_FirebaseCoreExtension.bundle /Users/ckubal/Library/Developer/Xcode/DerivedData/RunMusic-ehzzznpmcelkqvgvaslgdtzbrdcu/Build/Products/Debug-iphonesimulator/RunMusic.app

Copy /Users/ckubal/Library/Developer/Xcode/DerivedData/RunMusic-ehzzznpmcelkqvgvaslgdtzbrdcu/Build/Products/Debug-iphonesimulator/RunMusic.app/Firebase_FirebaseCore.bundle /Users/ckubal/Library/Developer/Xcode/DerivedData/RunMusic-ehzzznpmcelkqvgvaslgdtzbrdcu/Build/Products/Debug-iphonesimulator/Firebase_FirebaseCore.bundle (in target 'RunMusic' from project 'RunMusic')
    cd /Users/ckubal/Documents/Programming/iOS\ Programming\ Projects/RunMusic
    builtin-copy -exclude .DS_Store -exclude CVS -exclude .svn -exclude .git -exclude .hg -resolve-src-symlinks /Users/ckubal/Library/Developer/Xcode/DerivedData/RunMusic-ehzzznpmcelkqvgvaslgdtzbrdcu/Build/Products/Debug-iphonesimulator/Firebase_FirebaseCore.bundle /Users/ckubal/Library/Developer/Xcode/DerivedData/RunMusic-ehzzznpmcelkqvgvaslgdtzbrdcu/Build/Products/Debug-iphonesimulator/RunMusic.app

Copy /Users/ckubal/Library/Developer/Xcode/DerivedData/RunMusic-ehzzznpmcelkqvgvaslgdtzbrdcu/Build/Products/Debug-iphonesimulator/RunMusic.app/Firebase_FirebaseAuth.bundle /Users/ckubal/Library/Developer/Xcode/DerivedData/RunMusic-ehzzznpmcelkqvgvaslgdtzbrdcu/Build/Products/Debug-iphonesimulator/Firebase_FirebaseAuth.bundle (in target 'RunMusic' from project 'RunMusic')
    cd /Users/ckubal/Documents/Programming/iOS\ Programming\ Projects/RunMusic
    builtin-copy -exclude .DS_Store -exclude CVS -exclude .svn -exclude .git -exclude .hg -resolve-src-symlinks /Users/ckubal/Library/Developer/Xcode/DerivedData/RunMusic-ehzzznpmcelkqvgvaslgdtzbrdcu/Build/Products/Debug-iphonesimulator/Firebase_FirebaseAuth.bundle /Users/ckubal/Library/Developer/Xcode/DerivedData/RunMusic-ehzzznpmcelkqvgvaslgdtzbrdcu/Build/Products/Debug-iphonesimulator/RunMusic.app

Copy /Users/ckubal/Library/Developer/Xcode/DerivedData/RunMusic-ehzzznpmcelkqvgvaslgdtzbrdcu/Build/Products/Debug-iphonesimulator/RunMusic.app/AppAuth_AppAuthCore.bundle /Users/ckubal/Library/Developer/Xcode/DerivedData/RunMusic-ehzzznpmcelkqvgvaslgdtzbrdcu/Build/Products/Debug-iphonesimulator/AppAuth_AppAuthCore.bundle (in target 'RunMusic' from project 'RunMusic')
    cd /Users/ckubal/Documents/Programming/iOS\ Programming\ Projects/RunMusic
    builtin-copy -exclude .DS_Store -exclude CVS -exclude .svn -exclude .git -exclude .hg -resolve-src-symlinks /Users/ckubal/Library/Developer/Xcode/DerivedData/RunMusic-ehzzznpmcelkqvgvaslgdtzbrdcu/Build/Products/Debug-iphonesimulator/AppAuth_AppAuthCore.bundle /Users/ckubal/Library/Developer/Xcode/DerivedData/RunMusic-ehzzznpmcelkqvgvaslgdtzbrdcu/Build/Products/Debug-iphonesimulator/RunMusic.app

Copy /Users/ckubal/Library/Developer/Xcode/DerivedData/RunMusic-ehzzznpmcelkqvgvaslgdtzbrdcu/Build/Products/Debug-iphonesimulator/RunMusic.app/AppAuth_AppAuth.bundle /Users/ckubal/Library/Developer/Xcode/DerivedData/RunMusic-ehzzznpmcelkqvgvaslgdtzbrdcu/Build/Products/Debug-iphonesimulator/AppAuth_AppAuth.bundle (in target 'RunMusic' from project 'RunMusic')
    cd /Users/ckubal/Documents/Programming/iOS\ Programming\ Projects/RunMusic
    builtin-copy -exclude .DS_Store -exclude CVS -exclude .svn -exclude .git -exclude .hg -resolve-src-symlinks /Users/ckubal/Library/Developer/Xcode/DerivedData/RunMusic-ehzzznpmcelkqvgvaslgdtzbrdcu/Build/Products/Debug-iphonesimulator/AppAuth_AppAuth.bundle /Users/ckubal/Library/Developer/Xcode/DerivedData/RunMusic-ehzzznpmcelkqvgvaslgdtzbrdcu/Build/Products/Debug-iphonesimulator/RunMusic.app

CompileAssetCatalogVariant thinned /Users/ckubal/Library/Developer/Xcode/DerivedData/RunMusic-ehzzznpmcelkqvgvaslgdtzbrdcu/Build/Products/Debug-iphonesimulator/RunMusic.app /Users/ckubal/Documents/Programming/iOS\ Programming\ Projects/RunMusic/RunMusic/Preview\ Content/Preview\ Assets.xcassets /Users/ckubal/Documents/Programming/iOS\ Programming\ Projects/RunMusic/RunMusic/Assets.xcassets (in target 'RunMusic' from project 'RunMusic')
    cd /Users/ckubal/Documents/Programming/iOS\ Programming\ Projects/RunMusic
    /Applications/Xcode.app/Contents/Developer/usr/bin/actool /Users/ckubal/Documents/Programming/iOS\ Programming\ Projects/RunMusic/RunMusic/Preview\ Content/Preview\ Assets.xcassets /Users/ckubal/Documents/Programming/iOS\ Programming\ Projects/RunMusic/RunMusic/Assets.xcassets --compile /Users/ckubal/Library/Developer/Xcode/DerivedData/RunMusic-ehzzznpmcelkqvgvaslgdtzbrdcu/Build/Intermediates.noindex/RunMusic.build/Debug-iphonesimulator/RunMusic.build/assetcatalog_output/thinned --output-format human-readable-text --notices --warnings --export-dependency-info /Users/ckubal/Library/Developer/Xcode/DerivedData/RunMusic-ehzzznpmcelkqvgvaslgdtzbrdcu/Build/Intermediates.noindex/RunMusic.build/Debug-iphonesimulator/RunMusic.build/assetcatalog_dependencies_thinned --output-partial-info-plist /Users/ckubal/Library/Developer/Xcode/DerivedData/RunMusic-ehzzznpmcelkqvgvaslgdtzbrdcu/Build/Intermediates.noindex/RunMusic.build/Debug-iphonesimulator/RunMusic.build/assetcatalog_generated_info.plist_thinned --app-icon AppIcon --accent-color AccentColor --compress-pngs --enable-on-demand-resources YES --filter-for-thinning-device-configuration iPhone17,3 --filter-for-device-os-version 18.4 --development-region en --target-device iphone --target-device ipad --minimum-deployment-target 17.6 --platform iphonesimulator

SwiftCompile normal arm64 Compiling\ CardExportService.swift,\ RunColorScheme.swift,\ PreviewRunHistoryView.swift,\ RunDetailView.swift,\ RunActivity.swift,\ BackgroundImportProgressView.swift,\ RunHistoryView.swift /Users/ckubal/Documents/Programming/iOS\ Programming\ Projects/RunMusic/RunMusic/Services/CardExportService.swift /Users/ckubal/Documents/Programming/iOS\ Programming\ Projects/RunMusic/RunMusic/Models/RunColorScheme.swift /Users/ckubal/Documents/Programming/iOS\ Programming\ Projects/RunMusic/RunMusic/Views/PreviewRunHistoryView.swift /Users/ckubal/Documents/Programming/iOS\ Programming\ Projects/RunMusic/RunMusic/Views/RunDetailView.swift /Users/ckubal/Documents/Programming/iOS\ Programming\ Projects/RunMusic/RunMusic/Models/RunActivity.swift /Users/ckubal/Documents/Programming/iOS\ Programming\ Projects/RunMusic/RunMusic/Views/BackgroundImportProgressView.swift /Users/ckubal/Documents/Programming/iOS\ Programming\ Projects/RunMusic/RunMusic/Views/RunHistoryView.swift (in target 'RunMusic' from project 'RunMusic')
SwiftCompile normal arm64 /Users/ckubal/Documents/Programming/iOS\ Programming\ Projects/RunMusic/RunMusic/Services/CardExportService.swift (in target 'RunMusic' from project 'RunMusic')
    cd /Users/ckubal/Documents/Programming/iOS\ Programming\ Projects/RunMusic
    

SwiftCompile normal arm64 /Users/ckubal/Documents/Programming/iOS\ Programming\ Projects/RunMusic/RunMusic/Models/RunColorScheme.swift (in target 'RunMusic' from project 'RunMusic')
    cd /Users/ckubal/Documents/Programming/iOS\ Programming\ Projects/RunMusic
    

SwiftCompile normal arm64 /Users/ckubal/Documents/Programming/iOS\ Programming\ Projects/RunMusic/RunMusic/Views/PreviewRunHistoryView.swift (in target 'RunMusic' from project 'RunMusic')
    cd /Users/ckubal/Documents/Programming/iOS\ Programming\ Projects/RunMusic
    

SwiftCompile normal arm64 /Users/ckubal/Documents/Programming/iOS\ Programming\ Projects/RunMusic/RunMusic/Views/RunDetailView.swift (in target 'RunMusic' from project 'RunMusic')
    cd /Users/ckubal/Documents/Programming/iOS\ Programming\ Projects/RunMusic
    

SwiftCompile normal arm64 /Users/ckubal/Documents/Programming/iOS\ Programming\ Projects/RunMusic/RunMusic/Models/RunActivity.swift (in target 'RunMusic' from project 'RunMusic')
    cd /Users/ckubal/Documents/Programming/iOS\ Programming\ Projects/RunMusic
    

SwiftCompile normal arm64 /Users/ckubal/Documents/Programming/iOS\ Programming\ Projects/RunMusic/RunMusic/Views/BackgroundImportProgressView.swift (in target 'RunMusic' from project 'RunMusic')
    cd /Users/ckubal/Documents/Programming/iOS\ Programming\ Projects/RunMusic
    

SwiftCompile normal arm64 /Users/ckubal/Documents/Programming/iOS\ Programming\ Projects/RunMusic/RunMusic/Views/RunHistoryView.swift (in target 'RunMusic' from project 'RunMusic')
    cd /Users/ckubal/Documents/Programming/iOS\ Programming\ Projects/RunMusic
    

SwiftCompile normal arm64 Compiling\ PullToRefresh.swift,\ StravaModels.swift,\ AuthenticationView.swift,\ AnimatedButton.swift,\ AuthViewModel.swift,\ SampleDataService.swift,\ SpotifyModels.swift,\ DataConversionService.swift /Users/ckubal/Documents/Programming/iOS\ Programming\ Projects/RunMusic/RunMusic/Views/Components/PullToRefresh.swift /Users/ckubal/Documents/Programming/iOS\ Programming\ Projects/RunMusic/RunMusic/Models/StravaModels.swift /Users/ckubal/Documents/Programming/iOS\ Programming\ Projects/RunMusic/RunMusic/Views/AuthenticationView.swift /Users/ckubal/Documents/Programming/iOS\ Programming\ Projects/RunMusic/RunMusic/Views/Components/AnimatedButton.swift /Users/ckubal/Documents/Programming/iOS\ Programming\ Projects/RunMusic/RunMusic/Services/AuthViewModel.swift /Users/ckubal/Documents/Programming/iOS\ Programming\ Projects/RunMusic/RunMusic/Services/SampleDataService.swift /Users/ckubal/Documents/Programming/iOS\ Programming\ Projects/RunMusic/RunMusic/Models/SpotifyModels.swift /Users/ckubal/Documents/Programming/iOS\ Programming\ Projects/RunMusic/RunMusic/Services/DataConversionService.swift (in target 'RunMusic' from project 'RunMusic')
SwiftCompile normal arm64 /Users/ckubal/Documents/Programming/iOS\ Programming\ Projects/RunMusic/RunMusic/Views/Components/PullToRefresh.swift (in target 'RunMusic' from project 'RunMusic')
    cd /Users/ckubal/Documents/Programming/iOS\ Programming\ Projects/RunMusic
    

SwiftCompile normal arm64 /Users/ckubal/Documents/Programming/iOS\ Programming\ Projects/RunMusic/RunMusic/Models/StravaModels.swift (in target 'RunMusic' from project 'RunMusic')
    cd /Users/ckubal/Documents/Programming/iOS\ Programming\ Projects/RunMusic
    

SwiftCompile normal arm64 /Users/ckubal/Documents/Programming/iOS\ Programming\ Projects/RunMusic/RunMusic/Views/AuthenticationView.swift (in target 'RunMusic' from project 'RunMusic')
    cd /Users/ckubal/Documents/Programming/iOS\ Programming\ Projects/RunMusic
    

SwiftCompile normal arm64 /Users/ckubal/Documents/Programming/iOS\ Programming\ Projects/RunMusic/RunMusic/Views/Components/AnimatedButton.swift (in target 'RunMusic' from project 'RunMusic')
    cd /Users/ckubal/Documents/Programming/iOS\ Programming\ Projects/RunMusic
    

SwiftCompile normal arm64 /Users/ckubal/Documents/Programming/iOS\ Programming\ Projects/RunMusic/RunMusic/Services/AuthViewModel.swift (in target 'RunMusic' from project 'RunMusic')
    cd /Users/ckubal/Documents/Programming/iOS\ Programming\ Projects/RunMusic
    

SwiftCompile normal arm64 /Users/ckubal/Documents/Programming/iOS\ Programming\ Projects/RunMusic/RunMusic/Services/SampleDataService.swift (in target 'RunMusic' from project 'RunMusic')
    cd /Users/ckubal/Documents/Programming/iOS\ Programming\ Projects/RunMusic
    

SwiftCompile normal arm64 /Users/ckubal/Documents/Programming/iOS\ Programming\ Projects/RunMusic/RunMusic/Models/SpotifyModels.swift (in target 'RunMusic' from project 'RunMusic')
    cd /Users/ckubal/Documents/Programming/iOS\ Programming\ Projects/RunMusic
    

SwiftCompile normal arm64 /Users/ckubal/Documents/Programming/iOS\ Programming\ Projects/RunMusic/RunMusic/Services/DataConversionService.swift (in target 'RunMusic' from project 'RunMusic')
    cd /Users/ckubal/Documents/Programming/iOS\ Programming\ Projects/RunMusic
    

SwiftCompile normal arm64 Compiling\ InstagramStyleTrackRow.swift,\ InteractiveAlbumArtView.swift,\ SubscriptionService.swift,\ AnimatedRouteView.swift,\ RunningPersonLoader.swift,\ PhotoBackgroundView.swift,\ PhotoManagementView.swift,\ SpotifyImportGuideView.swift /Users/ckubal/Documents/Programming/iOS\ Programming\ Projects/RunMusic/RunMusic/Views/Components/InstagramStyleTrackRow.swift /Users/ckubal/Documents/Programming/iOS\ Programming\ Projects/RunMusic/RunMusic/Views/Components/InteractiveAlbumArtView.swift /Users/ckubal/Documents/Programming/iOS\ Programming\ Projects/RunMusic/RunMusic/Services/SubscriptionService.swift /Users/ckubal/Documents/Programming/iOS\ Programming\ Projects/RunMusic/RunMusic/Views/Components/AnimatedRouteView.swift /Users/ckubal/Documents/Programming/iOS\ Programming\ Projects/RunMusic/RunMusic/Views/Components/RunningPersonLoader.swift /Users/ckubal/Documents/Programming/iOS\ Programming\ Projects/RunMusic/RunMusic/Views/Components/PhotoBackgroundView.swift /Users/ckubal/Documents/Programming/iOS\ Programming\ Projects/RunMusic/RunMusic/Views/PhotoManagementView.swift /Users/ckubal/Documents/Programming/iOS\ Programming\ Projects/RunMusic/RunMusic/Views/SpotifyImportGuideView.swift (in target 'RunMusic' from project 'RunMusic')
SwiftCompile normal arm64 /Users/ckubal/Documents/Programming/iOS\ Programming\ Projects/RunMusic/RunMusic/Views/Components/InstagramStyleTrackRow.swift (in target 'RunMusic' from project 'RunMusic')
    cd /Users/ckubal/Documents/Programming/iOS\ Programming\ Projects/RunMusic
    

SwiftCompile normal arm64 /Users/ckubal/Documents/Programming/iOS\ Programming\ Projects/RunMusic/RunMusic/Views/Components/InteractiveAlbumArtView.swift (in target 'RunMusic' from project 'RunMusic')
    cd /Users/ckubal/Documents/Programming/iOS\ Programming\ Projects/RunMusic
    

SwiftCompile normal arm64 /Users/ckubal/Documents/Programming/iOS\ Programming\ Projects/RunMusic/RunMusic/Services/SubscriptionService.swift (in target 'RunMusic' from project 'RunMusic')
    cd /Users/ckubal/Documents/Programming/iOS\ Programming\ Projects/RunMusic
    

SwiftCompile normal arm64 /Users/ckubal/Documents/Programming/iOS\ Programming\ Projects/RunMusic/RunMusic/Views/Components/AnimatedRouteView.swift (in target 'RunMusic' from project 'RunMusic')
    cd /Users/ckubal/Documents/Programming/iOS\ Programming\ Projects/RunMusic
    

SwiftCompile normal arm64 /Users/ckubal/Documents/Programming/iOS\ Programming\ Projects/RunMusic/RunMusic/Views/Components/RunningPersonLoader.swift (in target 'RunMusic' from project 'RunMusic')
    cd /Users/ckubal/Documents/Programming/iOS\ Programming\ Projects/RunMusic
    

SwiftCompile normal arm64 /Users/ckubal/Documents/Programming/iOS\ Programming\ Projects/RunMusic/RunMusic/Views/Components/PhotoBackgroundView.swift (in target 'RunMusic' from project 'RunMusic')
    cd /Users/ckubal/Documents/Programming/iOS\ Programming\ Projects/RunMusic
    

SwiftCompile normal arm64 /Users/ckubal/Documents/Programming/iOS\ Programming\ Projects/RunMusic/RunMusic/Views/PhotoManagementView.swift (in target 'RunMusic' from project 'RunMusic')
    cd /Users/ckubal/Documents/Programming/iOS\ Programming\ Projects/RunMusic
    

SwiftCompile normal arm64 /Users/ckubal/Documents/Programming/iOS\ Programming\ Projects/RunMusic/RunMusic/Views/SpotifyImportGuideView.swift (in target 'RunMusic' from project 'RunMusic')
    cd /Users/ckubal/Documents/Programming/iOS\ Programming\ Projects/RunMusic
    

SwiftCompile normal arm64 Compiling\ SpotifyHistoryImportPrompt.swift,\ ColorSchemePicker.swift,\ AnimatedRoutePathView.swift,\ TokenEncryption.swift,\ AnimatedRunCardView.swift,\ LoadingAnimations.swift,\ AlbumArt.swift,\ SpotifyService.swift /Users/ckubal/Documents/Programming/iOS\ Programming\ Projects/RunMusic/RunMusic/Views/Components/SpotifyHistoryImportPrompt.swift /Users/ckubal/Documents/Programming/iOS\ Programming\ Projects/RunMusic/RunMusic/Views/Components/ColorSchemePicker.swift /Users/ckubal/Documents/Programming/iOS\ Programming\ Projects/RunMusic/RunMusic/Views/Components/AnimatedRoutePathView.swift /Users/ckubal/Documents/Programming/iOS\ Programming\ Projects/RunMusic/RunMusic/Services/TokenEncryption.swift /Users/ckubal/Documents/Programming/iOS\ Programming\ Projects/RunMusic/RunMusic/Views/Components/AnimatedRunCardView.swift /Users/ckubal/Documents/Programming/iOS\ Programming\ Projects/RunMusic/RunMusic/Views/Components/LoadingAnimations.swift /Users/ckubal/Documents/Programming/iOS\ Programming\ Projects/RunMusic/RunMusic/Models/AlbumArt.swift /Users/ckubal/Documents/Programming/iOS\ Programming\ Projects/RunMusic/RunMusic/Services/SpotifyService.swift (in target 'RunMusic' from project 'RunMusic')

SwiftCompile normal arm64 /Users/ckubal/Documents/Programming/iOS\ Programming\ Projects/RunMusic/RunMusic/Views/Components/SpotifyHistoryImportPrompt.swift (in target 'RunMusic' from project 'RunMusic')
    cd /Users/ckubal/Documents/Programming/iOS\ Programming\ Projects/RunMusic
    

SwiftCompile normal arm64 /Users/ckubal/Documents/Programming/iOS\ Programming\ Projects/RunMusic/RunMusic/Views/Components/ColorSchemePicker.swift (in target 'RunMusic' from project 'RunMusic')
    cd /Users/ckubal/Documents/Programming/iOS\ Programming\ Projects/RunMusic
    

SwiftCompile normal arm64 /Users/ckubal/Documents/Programming/iOS\ Programming\ Projects/RunMusic/RunMusic/Views/Components/AnimatedRoutePathView.swift (in target 'RunMusic' from project 'RunMusic')
    cd /Users/ckubal/Documents/Programming/iOS\ Programming\ Projects/RunMusic
    

SwiftCompile normal arm64 /Users/ckubal/Documents/Programming/iOS\ Programming\ Projects/RunMusic/RunMusic/Services/TokenEncryption.swift (in target 'RunMusic' from project 'RunMusic')
    cd /Users/ckubal/Documents/Programming/iOS\ Programming\ Projects/RunMusic
    

SwiftCompile normal arm64 /Users/ckubal/Documents/Programming/iOS\ Programming\ Projects/RunMusic/RunMusic/Views/Components/AnimatedRunCardView.swift (in target 'RunMusic' from project 'RunMusic')
    cd /Users/ckubal/Documents/Programming/iOS\ Programming\ Projects/RunMusic
    

SwiftCompile normal arm64 /Users/ckubal/Documents/Programming/iOS\ Programming\ Projects/RunMusic/RunMusic/Views/Components/LoadingAnimations.swift (in target 'RunMusic' from project 'RunMusic')
    cd /Users/ckubal/Documents/Programming/iOS\ Programming\ Projects/RunMusic
    

SwiftCompile normal arm64 /Users/ckubal/Documents/Programming/iOS\ Programming\ Projects/RunMusic/RunMusic/Models/AlbumArt.swift (in target 'RunMusic' from project 'RunMusic')
    cd /Users/ckubal/Documents/Programming/iOS\ Programming\ Projects/RunMusic
    

SwiftCompile normal arm64 /Users/ckubal/Documents/Programming/iOS\ Programming\ Projects/RunMusic/RunMusic/Services/SpotifyService.swift (in target 'RunMusic' from project 'RunMusic')
    cd /Users/ckubal/Documents/Programming/iOS\ Programming\ Projects/RunMusic
    

SwiftCompile normal arm64 Compiling\ InteractiveShareableCardView.swift,\ PhotoService.swift,\ RunningManLoader.swift,\ AnimatedShareableCardView.swift,\ UserPreferences.swift,\ RoutePathView.swift,\ SettingsView.swift /Users/ckubal/Documents/Programming/iOS\ Programming\ Projects/RunMusic/RunMusic/Views/InteractiveShareableCardView.swift /Users/ckubal/Documents/Programming/iOS\ Programming\ Projects/RunMusic/RunMusic/Services/PhotoService.swift /Users/ckubal/Documents/Programming/iOS\ Programming\ Projects/RunMusic/RunMusic/Views/Components/RunningManLoader.swift /Users/ckubal/Documents/Programming/iOS\ Programming\ Projects/RunMusic/RunMusic/Views/Components/AnimatedShareableCardView.swift /Users/ckubal/Documents/Programming/iOS\ Programming\ Projects/RunMusic/RunMusic/Services/UserPreferences.swift /Users/ckubal/Documents/Programming/iOS\ Programming\ Projects/RunMusic/RunMusic/Views/RoutePathView.swift /Users/ckubal/Documents/Programming/iOS\ Programming\ Projects/RunMusic/RunMusic/Views/SettingsView.swift (in target 'RunMusic' from project 'RunMusic')
Failed frontend command:
/Applications/Xcode.app/Contents/Developer/Toolchains/XcodeDefault.xctoolchain/usr/bin/swift-frontend -frontend -c /Users/ckubal/Documents/Programming/iOS\ Programming\ Projects/RunMusic/RunMusic/Views/Components/InstagramStyleTrackRow.swift /Users/ckubal/Documents/Programming/iOS\ Programming\ Projects/RunMusic/RunMusic/Views/Components/InteractiveAlbumArtView.swift /Users/ckubal/Documents/Programming/iOS\ Programming\ Projects/RunMusic/RunMusic/Services/SubscriptionService.swift /Users/ckubal/Documents/Programming/iOS\ Programming\ Projects/RunMusic/RunMusic/Views/Components/AnimatedRouteView.swift /Users/ckubal/Documents/Programming/iOS\ Programming\ Projects/RunMusic/RunMusic/Views/Components/RunningPersonLoader.swift /Users/ckubal/Documents/Programming/iOS\ Programming\ Projects/RunMusic/RunMusic/Views/Components/PhotoBackgroundView.swift /Users/ckubal/Documents/Programming/iOS\ Programming\ Projects/RunMusic/RunMusic/Views/PhotoManagementView.swift /Users/ckubal/Documents/Programming/iOS\ Programming\ Projects/RunMusic/RunMusic/Views/SpotifyImportGuideView.swift /Users/ckubal/Documents/Programming/iOS\ Programming\ Projects/RunMusic/RunMusic/Views/Components/SpotifyHistoryImportPrompt.swift /Users/ckubal/Documents/Programming/iOS\ Programming\ Projects/RunMusic/RunMusic/Views/Components/ColorSchemePicker.swift /Users/ckubal/Documents/Programming/iOS\ Programming\ Projects/RunMusic/RunMusic/Views/Components/AnimatedRoutePathView.swift /Users/ckubal/Documents/Programming/iOS\ Programming\ Projects/RunMusic/RunMusic/Services/TokenEncryption.swift /Users/ckubal/Documents/Programming/iOS\ Programming\ Projects/RunMusic/RunMusic/Views/Components/AnimatedRunCardView.swift /Users/ckubal/Documents/Programming/iOS\ Programming\ Projects/RunMusic/RunMusic/Views/Components/LoadingAnimations.swift /Users/ckubal/Documents/Programming/iOS\ Programming\ Projects/RunMusic/RunMusic/Models/AlbumArt.swift /Users/ckubal/Documents/Programming/iOS\ Programming\ Projects/RunMusic/RunMusic/Services/SpotifyService.swift /Users/ckubal/Documents/Programming/iOS\ Programming\ Projects/RunMusic/RunMusic/Views/Components/PullToRefresh.swift /Users/ckubal/Documents/Programming/iOS\ Programming\ Projects/RunMusic/RunMusic/Models/StravaModels.swift /Users/ckubal/Documents/Programming/iOS\ Programming\ Projects/RunMusic/RunMusic/Views/AuthenticationView.swift /Users/ckubal/Documents/Programming/iOS\ Programming\ Projects/RunMusic/RunMusic/Views/Components/AnimatedButton.swift /Users/ckubal/Documents/Programming/iOS\ Programming\ Projects/RunMusic/RunMusic/Services/AuthViewModel.swift /Users/ckubal/Documents/Programming/iOS\ Programming\ Projects/RunMusic/RunMusic/Services/SampleDataService.swift /Users/ckubal/Documents/Programming/iOS\ Programming\ Projects/RunMusic/RunMusic/Models/SpotifyModels.swift /Users/ckubal/Documents/Programming/iOS\ Programming\ Projects/RunMusic/RunMusic/Services/DataConversionService.swift /Users/ckubal/Documents/Programming/iOS\ Programming\ Projects/RunMusic/RunMusic/Services/CardExportService.swift /Users/ckubal/Documents/Programming/iOS\ Programming\ Projects/RunMusic/RunMusic/Models/RunColorScheme.swift /Users/ckubal/Documents/Programming/iOS\ Programming\ Projects/RunMusic/RunMusic/Views/PreviewRunHistoryView.swift /Users/ckubal/Documents/Programming/iOS\ Programming\ Projects/RunMusic/RunMusic/Views/RunDetailView.swift /Users/ckubal/Documents/Programming/iOS\ Programming\ Projects/RunMusic/RunMusic/Models/RunActivity.swift /Users/ckubal/Documents/Programming/iOS\ Programming\ Projects/RunMusic/RunMusic/Views/BackgroundImportProgressView.swift /Users/ckubal/Documents/Programming/iOS\ Programming\ Projects/RunMusic/RunMusic/Views/RunHistoryView.swift -primary-file /Users/ckubal/Documents/Programming/iOS\ Programming\ Projects/RunMusic/RunMusic/Views/InteractiveShareableCardView.swift -primary-file /Users/ckubal/Documents/Programming/iOS\ Programming\ Projects/RunMusic/RunMusic/Services/PhotoService.swift -primary-file /Users/ckubal/Documents/Programming/iOS\ Programming\ Projects/RunMusic/RunMusic/Views/Components/RunningManLoader.swift -primary-file /Users/ckubal/Documents/Programming/iOS\ Programming\ Projects/RunMusic/RunMusic/Views/Components/AnimatedShareableCardView.swift -primary-file /Users/ckubal/Documents/Programming/iOS\ Programming\ Projects/RunMusic/RunMusic/Services/UserPreferences.swift -primary-file /Users/ckubal/Documents/Programming/iOS\ Programming\ Projects/RunMusic/RunMusic/Views/RoutePathView.swift -primary-file /Users/ckubal/Documents/Programming/iOS\ Programming\ Projects/RunMusic/RunMusic/Views/SettingsView.swift /Users/ckubal/Documents/Programming/iOS\ Programming\ Projects/RunMusic/RunMusic/Models/SpotifyImportProgress.swift /Users/ckubal/Documents/Programming/iOS\ Programming\ Projects/RunMusic/RunMusic/Services/HapticFeedbackService.swift /Users/ckubal/Documents/Programming/iOS\ Programming\ Projects/RunMusic/RunMusic/Views/SpotifyImportPreviewView.swift /Users/ckubal/Documents/Programming/iOS\ Programming\ Projects/RunMusic/RunMusic/Views/Components/LivePhotoSelectionView.swift /Users/ckubal/Documents/Programming/iOS\ Programming\ Projects/RunMusic/RunMusic/Views/Components/FontPicker.swift /Users/ckubal/Documents/Programming/iOS\ Programming\ Projects/RunMusic/RunMusic/Views/DualProviderAuthView.swift /Users/ckubal/Documents/Programming/iOS\ Programming\ Projects/RunMusic/RunMusic/Views/Components/PhotoPermissionPromptView.swift /Users/ckubal/Documents/Programming/iOS\ Programming\ Projects/RunMusic/RunMusic/Views/Components/ShareableTrackRow.swift /Users/ckubal/Documents/Programming/iOS\ Programming\ Projects/RunMusic/RunMusic/Views/Components/LottieRunnerLoader.swift /Users/ckubal/Documents/Programming/iOS\ Programming\ Projects/RunMusic/RunMusic/Services/WeatherService.swift /Users/ckubal/Documents/Programming/iOS\ Programming\ Projects/RunMusic/RunMusic/Views/Components/SpotifyImportProgressView.swift /Users/ckubal/Documents/Programming/iOS\ Programming\ Projects/RunMusic/RunMusic/Services/RunCacheService.swift /Users/ckubal/Documents/Programming/iOS\ Programming\ Projects/RunMusic/RunMusic/Views/ShareableCardView.swift /Users/ckubal/Documents/Programming/iOS\ Programming\ Projects/RunMusic/RunMusic/Views/Components/InteractivePowerSongView.swift /Users/ckubal/Documents/Programming/iOS\ Programming\ Projects/RunMusic/RunMusic/Services/StravaService.swift /Users/ckubal/Documents/Programming/iOS\ Programming\ Projects/RunMusic/RunMusic/Services/SpotifyFileScanner.swift /Users/ckubal/Documents/Programming/iOS\ Programming\ Projects/RunMusic/RunMusic/Services/FirebaseAuthService.swift /Users/ckubal/Documents/Programming/iOS\ Programming\ Projects/RunMusic/RunMusic/Services/LocationAnalysisService.swift /Users/ckubal/Documents/Programming/iOS\ Programming\ Projects/RunMusic/RunMusic/Services/FirestoreService.swift /Users/ckubal/Documents/Programming/iOS\ Programming\ Projects/RunMusic/RunMusic/Services/SpotifyBackgroundSync.swift /Users/ckubal/Documents/Programming/iOS\ Programming\ Projects/RunMusic/RunMusic/Services/AnimationEngine.swift /Users/ckubal/Documents/Programming/iOS\ Programming\ Projects/RunMusic/RunMusic/Views/UsernameSelectionView.swift /Users/ckubal/Documents/Programming/iOS\ Programming\ Projects/RunMusic/RunMusic/Views/Components/SignInPromptView.swift /Users/ckubal/Documents/Programming/iOS\ Programming\ Projects/RunMusic/RunMusic/ContentView.swift /Users/ckubal/Documents/Programming/iOS\ Programming\ Projects/RunMusic/RunMusic/Models/FontFamily.swift /Users/ckubal/Documents/Programming/iOS\ Programming\ Projects/RunMusic/RunMusic/Views/Components/SpotifyConnectionPrompt.swift /Users/ckubal/Documents/Programming/iOS\ Programming\ Projects/RunMusic/RunMusic/Services/NewRunDetectionService.swift /Users/ckubal/Documents/Programming/iOS\ Programming\ Projects/RunMusic/RunMusic/Services/PushNotificationService.swift /Users/ckubal/Documents/Programming/iOS\ Programming\ Projects/RunMusic/RunMusic/RunMusicApp.swift /Users/ckubal/Documents/Programming/iOS\ Programming\ Projects/RunMusic/RunMusic/Models/CanvasAsset.swift /Users/ckubal/Documents/Programming/iOS\ Programming\ Projects/RunMusic/RunMusic/Views/Canvas/EnhancedAssetView.swift /Users/ckubal/Documents/Programming/iOS\ Programming\ Projects/RunMusic/RunMusic/Views/Canvas/RunCanvasView.swift /Users/ckubal/Documents/Programming/iOS\ Programming\ Projects/RunMusic/RunMusic/Views/RunCardStackView.swift /Users/ckubal/Documents/Programming/iOS\ Programming\ Projects/RunMusic/RunMusic/Views/RunCardView.swift /Users/ckubal/Library/Developer/Xcode/DerivedData/RunMusic-ehzzznpmcelkqvgvaslgdtzbrdcu/Build/Intermediates.noindex/RunMusic.build/Debug-iphonesimulator/RunMusic.build/DerivedSources/GeneratedAssetSymbols.swift -supplementary-output-file-map /Users/ckubal/Library/Developer/Xcode/DerivedData/RunMusic-ehzzznpmcelkqvgvaslgdtzbrdcu/Build/Intermediates.noindex/RunMusic.build/Debug-iphonesimulator/RunMusic.build/Objects-normal/arm64/supplementaryOutputs-5 -emit-localized-strings -emit-localized-strings-path /Users/ckubal/Library/Developer/Xcode/DerivedData/RunMusic-ehzzznpmcelkqvgvaslgdtzbrdcu/Build/Intermediates.noindex/RunMusic.build/Debug-iphonesimulator/RunMusic.build/Objects-normal/arm64 -target arm64-apple-ios17.6-simulator -module-can-import-version DeveloperToolsSupport 23.0.4 23.0.4 -module-can-import-version SwiftUI 7.0.84.1 7.0.84 -module-can-import-version UIKit 9088.1.113 9088.1.113 -disable-cross-import-overlay-search -swift-module-cross-import AuthenticationServices /Applications/Xcode.app/Contents/Developer/Platforms/iPhoneSimulator.platform/Developer/SDKs/iPhoneSimulator.sdk/System/Cryptexes/OS/System/Library/Frameworks/AuthenticationServices.framework/Modules/AuthenticationServices.swiftcrossimport/SwiftUI.swiftoverlay -swift-module-cross-import AuthenticationServices /Applications/Xcode.app/Contents/Developer/Platforms/iPhoneSimulator.platform/Developer/SDKs/iPhoneSimulator26.0.sdk/System/Library/Frameworks/AuthenticationServices.framework/Modules/AuthenticationServices.swiftcrossimport/SwiftUI.swiftoverlay -swift-module-cross-import MapKit /Applications/Xcode.app/Contents/Developer/Platforms/iPhoneSimulator.platform/Developer/SDKs/iPhoneSimulator.sdk/System/Library/Frameworks/MapKit.framework/Modules/MapKit.swiftcrossimport/SwiftUI.swiftoverlay -swift-module-cross-import PhotosUI /Applications/Xcode.app/Contents/Developer/Platforms/iPhoneSimulator.platform/Developer/SDKs/iPhoneSimulator.sdk/System/Library/Frameworks/PhotosUI.framework/Modules/PhotosUI.swiftcrossimport/SwiftUI.swiftoverlay -swift-module-cross-import PhotosUI /Applications/Xcode.app/Contents/Developer/Platforms/iPhoneSimulator.platform/Developer/SDKs/iPhoneSimulator.sdk/System/Library/Frameworks/PhotosUI.framework/Modules/PhotosUI.swiftcrossimport/WidgetKit.swiftoverlay -swift-module-cross-import PhotosUI /Applications/Xcode.app/Contents/Developer/Platforms/iPhoneSimulator.platform/Developer/SDKs/iPhoneSimulator26.0.sdk/System/Library/Frameworks/PhotosUI.framework/Modules/PhotosUI.swiftcrossimport/SwiftUI.swiftoverlay -swift-module-cross-import PhotosUI /Applications/Xcode.app/Contents/Developer/Platforms/iPhoneSimulator.platform/Developer/SDKs/iPhoneSimulator26.0.sdk/System/Library/Frameworks/PhotosUI.framework/Modules/PhotosUI.swiftcrossimport/WidgetKit.swiftoverlay -swift-module-cross-import StoreKit /Applications/Xcode.app/Contents/Developer/Platforms/iPhoneSimulator.platform/Developer/SDKs/iPhoneSimulator.sdk/System/Library/Frameworks/StoreKit.framework/Modules/StoreKit.swiftcrossimport/SwiftUI.swiftoverlay -swift-module-cross-import StoreKit /Applications/Xcode.app/Contents/Developer/Platforms/iPhoneSimulator.platform/Developer/SDKs/iPhoneSimulator26.0.sdk/System/Library/Frameworks/StoreKit.framework/Modules/StoreKit.swiftcrossimport/SwiftUI.swiftoverlay -load-resolved-plugin /Applications/Xcode.app/Contents/Developer/Platforms/iPhoneOS.platform/Developer/usr/lib/swift/host/plugins/libFoundationMacros.dylib\#/Applications/Xcode.app/Contents/Developer/Platforms/iPhoneOS.platform/Developer/usr/bin/swift-plugin-server\#FoundationMacros -load-resolved-plugin /Applications/Xcode.app/Contents/Developer/Platforms/iPhoneOS.platform/Developer/usr/lib/swift/host/plugins/libObservationMacros.dylib\#/Applications/Xcode.app/Contents/Developer/Platforms/iPhoneOS.platform/Developer/usr/bin/swift-plugin-server\#ObservationMacros -load-resolved-plugin /Applications/Xcode.app/Contents/Developer/Platforms/iPhoneOS.platform/Developer/usr/lib/swift/host/plugins/libPreviewsMacros.dylib\#/Applications/Xcode.app/Contents/Developer/Platforms/iPhoneOS.platform/Developer/usr/bin/swift-plugin-server\#PreviewsMacros -load-resolved-plugin /Applications/Xcode.app/Contents/Developer/Platforms/iPhoneOS.platform/Developer/usr/lib/swift/host/plugins/libSwiftMacros.dylib\#/Applications/Xcode.app/Contents/Developer/Platforms/iPhoneOS.platform/Developer/usr/bin/swift-plugin-server\#SwiftMacros -load-resolved-plugin /Applications/Xcode.app/Contents/Developer/Platforms/iPhoneOS.platform/Developer/usr/lib/swift/host/plugins/libSwiftUIMacros.dylib\#/Applications/Xcode.app/Contents/Developer/Platforms/iPhoneOS.platform/Developer/usr/bin/swift-plugin-server\#SwiftUIMacros -disable-implicit-swift-modules -Xcc -fno-implicit-modules -Xcc -fno-implicit-module-maps -explicit-swift-module-map-file /Users/ckubal/Library/Developer/Xcode/DerivedData/RunMusic-ehzzznpmcelkqvgvaslgdtzbrdcu/Build/Intermediates.noindex/RunMusic.build/Debug-iphonesimulator/RunMusic.build/Objects-normal/arm64/RunMusic-dependencies-1.json -Xllvm -aarch64-use-tbi -enable-objc-interop -sdk /Applications/Xcode.app/Contents/Developer/Platforms/iPhoneSimulator.platform/Developer/SDKs/iPhoneSimulator26.0.sdk -I /Users/ckubal/Library/Developer/Xcode/DerivedData/RunMusic-ehzzznpmcelkqvgvaslgdtzbrdcu/Build/Products/Debug-iphonesimulator -F /Users/ckubal/Library/Developer/Xcode/DerivedData/RunMusic-ehzzznpmcelkqvgvaslgdtzbrdcu/Build/Products/Debug-iphonesimulator/PackageFrameworks -F /Users/ckubal/Library/Developer/Xcode/DerivedData/RunMusic-ehzzznpmcelkqvgvaslgdtzbrdcu/Build/Products/Debug-iphonesimulator/PackageFrameworks -F /Users/ckubal/Library/Developer/Xcode/DerivedData/RunMusic-ehzzznpmcelkqvgvaslgdtzbrdcu/Build/Products/Debug-iphonesimulator/PackageFrameworks -F /Users/ckubal/Library/Developer/Xcode/DerivedData/RunMusic-ehzzznpmcelkqvgvaslgdtzbrdcu/Build/Products/Debug-iphonesimulator/PackageFrameworks -F /Users/ckubal/Library/Developer/Xcode/DerivedData/RunMusic-ehzzznpmcelkqvgvaslgdtzbrdcu/Build/Products/Debug-iphonesimulator/PackageFrameworks -F /Users/ckubal/Library/Developer/Xcode/DerivedData/RunMusic-ehzzznpmcelkqvgvaslgdtzbrdcu/Build/Products/Debug-iphonesimulator/PackageFrameworks -F /Users/ckubal/Library/Developer/Xcode/DerivedData/RunMusic-ehzzznpmcelkqvgvaslgdtzbrdcu/Build/Products/Debug-iphonesimulator/PackageFrameworks -F /Users/ckubal/Library/Developer/Xcode/DerivedData/RunMusic-ehzzznpmcelkqvgvaslgdtzbrdcu/Build/Products/Debug-iphonesimulator/PackageFrameworks -F /Users/ckubal/Library/Developer/Xcode/DerivedData/RunMusic-ehzzznpmcelkqvgvaslgdtzbrdcu/Build/Products/Debug-iphonesimulator/PackageFrameworks -F /Users/ckubal/Library/Developer/Xcode/DerivedData/RunMusic-ehzzznpmcelkqvgvaslgdtzbrdcu/Build/Products/Debug-iphonesimulator/PackageFrameworks -F /Users/ckubal/Library/Developer/Xcode/DerivedData/RunMusic-ehzzznpmcelkqvgvaslgdtzbrdcu/Build/Products/Debug-iphonesimulator/PackageFrameworks -F /Users/ckubal/Library/Developer/Xcode/DerivedData/RunMusic-ehzzznpmcelkqvgvaslgdtzbrdcu/Build/Products/Debug-iphonesimulator/PackageFrameworks -F /Users/ckubal/Library/Developer/Xcode/DerivedData/RunMusic-ehzzznpmcelkqvgvaslgdtzbrdcu/Build/Products/Debug-iphonesimulator/PackageFrameworks -F /Users/ckubal/Library/Developer/Xcode/DerivedData/RunMusic-ehzzznpmcelkqvgvaslgdtzbrdcu/Build/Products/Debug-iphonesimulator/PackageFrameworks -F /Users/ckubal/Library/Developer/Xcode/DerivedData/RunMusic-ehzzznpmcelkqvgvaslgdtzbrdcu/Build/Products/Debug-iphonesimulator/PackageFrameworks -F /Users/ckubal/Library/Developer/Xcode/DerivedData/RunMusic-ehzzznpmcelkqvgvaslgdtzbrdcu/Build/Products/Debug-iphonesimulator/PackageFrameworks -F /Users/ckubal/Library/Developer/Xcode/DerivedData/RunMusic-ehzzznpmcelkqvgvaslgdtzbrdcu/Build/Products/Debug-iphonesimulator/PackageFrameworks -F /Users/ckubal/Library/Developer/Xcode/DerivedData/RunMusic-ehzzznpmcelkqvgvaslgdtzbrdcu/Build/Products/Debug-iphonesimulator/PackageFrameworks -F /Users/ckubal/Library/Developer/Xcode/DerivedData/RunMusic-ehzzznpmcelkqvgvaslgdtzbrdcu/Build/Products/Debug-iphonesimulator/PackageFrameworks -F /Users/ckubal/Library/Developer/Xcode/DerivedData/RunMusic-ehzzznpmcelkqvgvaslgdtzbrdcu/Build/Products/Debug-iphonesimulator/PackageFrameworks -F /Users/ckubal/Library/Developer/Xcode/DerivedData/RunMusic-ehzzznpmcelkqvgvaslgdtzbrdcu/Build/Products/Debug-iphonesimulator/PackageFrameworks -F /Users/ckubal/Library/Developer/Xcode/DerivedData/RunMusic-ehzzznpmcelkqvgvaslgdtzbrdcu/Build/Products/Debug-iphonesimulator/PackageFrameworks -F /Users/ckubal/Library/Developer/Xcode/DerivedData/RunMusic-ehzzznpmcelkqvgvaslgdtzbrdcu/Build/Products/Debug-iphonesimulator/PackageFrameworks -F /Users/ckubal/Library/Developer/Xcode/DerivedData/RunMusic-ehzzznpmcelkqvgvaslgdtzbrdcu/Build/Products/Debug-iphonesimulator/PackageFrameworks -F /Users/ckubal/Library/Developer/Xcode/DerivedData/RunMusic-ehzzznpmcelkqvgvaslgdtzbrdcu/Build/Products/Debug-iphonesimulator/PackageFrameworks -F /Users/ckubal/Library/Developer/Xcode/DerivedData/RunMusic-ehzzznpmcelkqvgvaslgdtzbrdcu/Build/Products/Debug-iphonesimulator/PackageFrameworks -F /Users/ckubal/Library/Developer/Xcode/DerivedData/RunMusic-ehzzznpmcelkqvgvaslgdtzbrdcu/Build/Products/Debug-iphonesimulator/PackageFrameworks -F /Users/ckubal/Library/Developer/Xcode/DerivedData/RunMusic-ehzzznpmcelkqvgvaslgdtzbrdcu/Build/Products/Debug-iphonesimulator/PackageFrameworks -F /Users/ckubal/Library/Developer/Xcode/DerivedData/RunMusic-ehzzznpmcelkqvgvaslgdtzbrdcu/Build/Products/Debug-iphonesimulator/PackageFrameworks -F /Users/ckubal/Library/Developer/Xcode/DerivedData/RunMusic-ehzzznpmcelkqvgvaslgdtzbrdcu/Build/Products/Debug-iphonesimulator/PackageFrameworks -F /Users/ckubal/Library/Developer/Xcode/DerivedData/RunMusic-ehzzznpmcelkqvgvaslgdtzbrdcu/Build/Products/Debug-iphonesimulator/PackageFrameworks -F /Users/ckubal/Library/Developer/Xcode/DerivedData/RunMusic-ehzzznpmcelkqvgvaslgdtzbrdcu/Build/Products/Debug-iphonesimulator/PackageFrameworks -F /Users/ckubal/Library/Developer/Xcode/DerivedData/RunMusic-ehzzznpmcelkqvgvaslgdtzbrdcu/Build/Products/Debug-iphonesimulator/PackageFrameworks -F /Users/ckubal/Library/Developer/Xcode/DerivedData/RunMusic-ehzzznpmcelkqvgvaslgdtzbrdcu/Build/Products/Debug-iphonesimulator/PackageFrameworks -F /Users/ckubal/Library/Developer/Xcode/DerivedData/RunMusic-ehzzznpmcelkqvgvaslgdtzbrdcu/Build/Products/Debug-iphonesimulator -no-color-diagnostics -Xcc -fno-color-diagnostics -enable-testing -g -debug-info-format\=dwarf -dwarf-version\=4 -module-cache-path /Users/ckubal/Library/Developer/Xcode/DerivedData/RunMusic-ehzzznpmcelkqvgvaslgdtzbrdcu/Build/Intermediates.noindex/SwiftExplicitPrecompiledModules -swift-version 5 -enforce-exclusivity\=checked -Onone -D DEBUG -serialize-debugging-options -const-gather-protocols-file /Users/ckubal/Library/Developer/Xcode/DerivedData/RunMusic-ehzzznpmcelkqvgvaslgdtzbrdcu/Build/Intermediates.noindex/RunMusic.build/Debug-iphonesimulator/RunMusic.build/Objects-normal/arm64/RunMusic_const_extract_protocols.json -enable-experimental-feature DebugDescriptionMacro -enable-bare-slash-regex -empty-abi-descriptor -validate-clang-modules-once -clang-build-session-file /Users/ckubal/Library/Developer/Xcode/DerivedData/ModuleCache.noindex/Session.modulevalidation -Xcc -working-directory -Xcc /Users/ckubal/Documents/Programming/iOS\ Programming\ Projects/RunMusic -enable-anonymous-context-mangled-names -file-compilation-dir /Users/ckubal/Documents/Programming/iOS\ Programming\ Projects/RunMusic -Xcc -fmodule-map-file\=/Users/ckubal/Library/Developer/Xcode/DerivedData/RunMusic-ehzzznpmcelkqvgvaslgdtzbrdcu/Build/Intermediates.noindex/GeneratedModuleMaps-iphonesimulator/AppAuth.modulemap -Xcc -fmodule-map-file\=/Users/ckubal/Library/Developer/Xcode/DerivedData/RunMusic-ehzzznpmcelkqvgvaslgdtzbrdcu/Build/Intermediates.noindex/GeneratedModuleMaps-iphonesimulator/AppAuthCore.modulemap -Xcc -fmodule-map-file\=/Users/ckubal/Library/Developer/Xcode/DerivedData/RunMusic-ehzzznpmcelkqvgvaslgdtzbrdcu/Build/Intermediates.noindex/GeneratedModuleMaps-iphonesimulator/GoogleSignIn.modulemap -Xcc -fmodule-map-file\=/Users/ckubal/Library/Developer/Xcode/DerivedData/RunMusic-ehzzznpmcelkqvgvaslgdtzbrdcu/Build/Intermediates.noindex/GeneratedModuleMaps-iphonesimulator/abslWrapper.modulemap -Xcc -fmodule-map-file\=/Users/ckubal/Library/Developer/Xcode/DerivedData/RunMusic-ehzzznpmcelkqvgvaslgdtzbrdcu/Build/Intermediates.noindex/GeneratedModuleMaps-iphonesimulator/opensslWrapper.modulemap -Xcc -fmodule-map-file\=/Users/ckubal/Library/Developer/Xcode/DerivedData/RunMusic-ehzzznpmcelkqvgvaslgdtzbrdcu/Build/Intermediates.noindex/GeneratedModuleMaps-iphonesimulator/grpcWrapper.modulemap -Xcc -fmodule-map-file\=/Users/ckubal/Library/Developer/Xcode/DerivedData/RunMusic-ehzzznpmcelkqvgvaslgdtzbrdcu/Build/Intermediates.noindex/GeneratedModuleMaps-iphonesimulator/grpcppWrapper.modulemap -Xcc -fmodule-map-file\=/Users/ckubal/Library/Developer/Xcode/DerivedData/RunMusic-ehzzznpmcelkqvgvaslgdtzbrdcu/Build/Intermediates.noindex/GeneratedModuleMaps-iphonesimulator/nanopb.modulemap -Xcc -fmodule-map-file\=/Users/ckubal/Library/Developer/Xcode/DerivedData/RunMusic-ehzzznpmcelkqvgvaslgdtzbrdcu/Build/Intermediates.noindex/GeneratedModuleMaps-iphonesimulator/leveldb.modulemap -Xcc -fmodule-map-file\=/Users/ckubal/Library/Developer/Xcode/DerivedData/RunMusic-ehzzznpmcelkqvgvaslgdtzbrdcu/Build/Intermediates.noindex/GeneratedModuleMaps-iphonesimulator/FirebaseFirestoreInternalWrapper.modulemap -Xcc -fmodule-map-file\=/Users/ckubal/Library/Developer/Xcode/DerivedData/RunMusic-ehzzznpmcelkqvgvaslgdtzbrdcu/Build/Intermediates.noindex/GeneratedModuleMaps-iphonesimulator/FirebaseFirestoreTarget.modulemap -Xcc -fmodule-map-file\=/Users/ckubal/Library/Developer/Xcode/DerivedData/RunMusic-ehzzznpmcelkqvgvaslgdtzbrdcu/Build/Intermediates.noindex/GeneratedModuleMaps-iphonesimulator/GoogleUtilities-Network.modulemap -Xcc -fmodule-map-file\=/Users/ckubal/Library/Developer/Xcode/DerivedData/RunMusic-ehzzznpmcelkqvgvaslgdtzbrdcu/Build/Intermediates.noindex/GeneratedModuleMaps-iphonesimulator/GoogleUtilities-Reachability.modulemap -Xcc -fmodule-map-file\=/Users/ckubal/Library/Developer/Xcode/DerivedData/RunMusic-ehzzznpmcelkqvgvaslgdtzbrdcu/Build/Intermediates.noindex/GeneratedModuleMaps-iphonesimulator/GoogleUtilities-AppDelegateSwizzler.modulemap -Xcc -fmodule-map-file\=/Users/ckubal/Library/Developer/Xcode/DerivedData/RunMusic-ehzzznpmcelkqvgvaslgdtzbrdcu/Build/Intermediates.noindex/GeneratedModuleMaps-iphonesimulator/RecaptchaInterop.modulemap -Xcc -fmodule-map-file\=/Users/ckubal/Library/Developer/Xcode/DerivedData/RunMusic-ehzzznpmcelkqvgvaslgdtzbrdcu/Build/Intermediates.noindex/GeneratedModuleMaps-iphonesimulator/FirebaseAuth.modulemap -Xcc -fmodule-map-file\=/Users/ckubal/Library/Developer/Xcode/DerivedData/RunMusic-ehzzznpmcelkqvgvaslgdtzbrdcu/Build/Intermediates.noindex/GeneratedModuleMaps-iphonesimulator/GoogleUtilities-NSData.modulemap -Xcc -fmodule-map-file\=/Users/ckubal/Library/Developer/Xcode/DerivedData/RunMusic-ehzzznpmcelkqvgvaslgdtzbrdcu/Build/Intermediates.noindex/GeneratedModuleMaps-iphonesimulator/GoogleUtilities-Environment.modulemap -Xcc -fmodule-map-file\=/Users/ckubal/Library/Developer/Xcode/DerivedData/RunMusic-ehzzznpmcelkqvgvaslgdtzbrdcu/Build/Intermediates.noindex/GeneratedModuleMaps-iphonesimulator/third-party-IsAppEncrypted.modulemap -Xcc -fmodule-map-file\=/Users/ckubal/Library/Developer/Xcode/DerivedData/RunMusic-ehzzznpmcelkqvgvaslgdtzbrdcu/Build/Intermediates.noindex/GeneratedModuleMaps-iphonesimulator/GoogleUtilities-Logger.modulemap -Xcc -fmodule-map-file\=/Users/ckubal/Library/Developer/Xcode/DerivedData/RunMusic-ehzzznpmcelkqvgvaslgdtzbrdcu/Build/Intermediates.noindex/GeneratedModuleMaps-iphonesimulator/GTMSessionFetcherCore.modulemap -Xcc -fmodule-map-file\=/Users/ckubal/Library/Developer/Xcode/DerivedData/RunMusic-ehzzznpmcelkqvgvaslgdtzbrdcu/Build/Intermediates.noindex/GeneratedModuleMaps-iphonesimulator/FirebaseMessagingInterop.modulemap -Xcc -fmodule-map-file\=/Users/ckubal/Library/Developer/Xcode/DerivedData/RunMusic-ehzzznpmcelkqvgvaslgdtzbrdcu/Build/Intermediates.noindex/GeneratedModuleMaps-iphonesimulator/FirebaseCoreExtension.modulemap -Xcc -fmodule-map-file\=/Users/ckubal/Library/Developer/Xcode/DerivedData/RunMusic-ehzzznpmcelkqvgvaslgdtzbrdcu/Build/Intermediates.noindex/GeneratedModuleMaps-iphonesimulator/FirebaseCore.modulemap -Xcc -fmodule-map-file\=/Users/ckubal/Library/Developer/Xcode/DerivedData/RunMusic-ehzzznpmcelkqvgvaslgdtzbrdcu/Build/Intermediates.noindex/GeneratedModuleMaps-iphonesimulator/FirebaseAuthInterop.modulemap -Xcc -fmodule-map-file\=/Users/ckubal/Library/Developer/Xcode/DerivedData/RunMusic-ehzzznpmcelkqvgvaslgdtzbrdcu/Build/Intermediates.noindex/GeneratedModuleMaps-iphonesimulator/FirebaseAppCheckInterop.modulemap -Xcc -D_LIBCPP_HARDENING_MODE\=_LIBCPP_HARDENING_MODE_DEBUG -Xcc -ivfsstatcache -Xcc /Users/ckubal/Library/Developer/Xcode/DerivedData/SDKStatCaches.noindex/iphonesimulator26.0-23A339-26257891a6c027eb51374368541b8346.sdkstatcache -Xcc -I/Users/ckubal/Library/Developer/Xcode/DerivedData/RunMusic-ehzzznpmcelkqvgvaslgdtzbrdcu/Build/Intermediates.noindex/RunMusic.build/Debug-iphonesimulator/RunMusic.build/swift-overrides.hmap -Xcc -iquote -Xcc /Users/ckubal/Library/Developer/Xcode/DerivedData/RunMusic-ehzzznpmcelkqvgvaslgdtzbrdcu/Build/Intermediates.noindex/RunMusic.build/Debug-iphonesimulator/RunMusic.build/RunMusic-generated-files.hmap -Xcc -I/Users/ckubal/Library/Developer/Xcode/DerivedData/RunMusic-ehzzznpmcelkqvgvaslgdtzbrdcu/Build/Intermediates.noindex/RunMusic.build/Debug-iphonesimulator/RunMusic.build/RunMusic-own-target-headers.hmap -Xcc -I/Users/ckubal/Library/Developer/Xcode/DerivedData/RunMusic-ehzzznpmcelkqvgvaslgdtzbrdcu/Build/Intermediates.noindex/RunMusic.build/Debug-iphonesimulator/RunMusic.build/RunMusic-all-non-framework-target-headers.hmap -Xcc -ivfsoverlay -Xcc /Users/ckubal/Library/Developer/Xcode/DerivedData/RunMusic-ehzzznpmcelkqvgvaslgdtzbrdcu/Build/Intermediates.noindex/RunMusic.build/Debug-iphonesimulator/RunMusic-9ea393dc3db56d2d01f40a6dd024fcf3-VFS-iphonesimulator/all-product-headers.yaml -Xcc -iquote -Xcc /Users/ckubal/Library/Developer/Xcode/DerivedData/RunMusic-ehzzznpmcelkqvgvaslgdtzbrdcu/Build/Intermediates.noindex/RunMusic.build/Debug-iphonesimulator/RunMusic.build/RunMusic-project-headers.hmap -Xcc -I/Users/ckubal/Library/Developer/Xcode/DerivedData/RunMusic-ehzzznpmcelkqvgvaslgdtzbrdcu/SourcePackages/checkouts/AppAuth-iOS/Sources/AppAuth -Xcc -I/Users/ckubal/Library/Developer/Xcode/DerivedData/RunMusic-ehzzznpmcelkqvgvaslgdtzbrdcu/SourcePackages/checkouts/AppAuth-iOS/Sources/AppAuthCore -Xcc -I/Users/ckubal/Library/Developer/Xcode/DerivedData/RunMusic-ehzzznpmcelkqvgvaslgdtzbrdcu/SourcePackages/checkouts/GoogleSignIn-iOS/GoogleSignIn/Sources/Public -Xcc -I/Users/ckubal/Library/Developer/Xcode/DerivedData/RunMusic-ehzzznpmcelkqvgvaslgdtzbrdcu/SourcePackages/checkouts/abseil-cpp-binary/absl-Wrapper/include -Xcc -I/Users/ckubal/Library/Developer/Xcode/DerivedData/RunMusic-ehzzznpmcelkqvgvaslgdtzbrdcu/SourcePackages/checkouts/grpc-binary/openssl-grpc-Wrapper/include -Xcc -I/Users/ckubal/Library/Developer/Xcode/DerivedData/RunMusic-ehzzznpmcelkqvgvaslgdtzbrdcu/SourcePackages/checkouts/grpc-binary/grpc-Wrapper/include -Xcc -I/Users/ckubal/Library/Developer/Xcode/DerivedData/RunMusic-ehzzznpmcelkqvgvaslgdtzbrdcu/SourcePackages/checkouts/grpc-binary/grpcpp-Wrapper/include -Xcc -I/Users/ckubal/Library/Developer/Xcode/DerivedData/RunMusic-ehzzznpmcelkqvgvaslgdtzbrdcu/SourcePackages/checkouts/nanopb/spm_headers -Xcc -I/Users/ckubal/Library/Developer/Xcode/DerivedData/RunMusic-ehzzznpmcelkqvgvaslgdtzbrdcu/SourcePackages/checkouts/leveldb/include -Xcc -I/Users/ckubal/Library/Developer/Xcode/DerivedData/RunMusic-ehzzznpmcelkqvgvaslgdtzbrdcu/SourcePackages/checkouts/firebase-ios-sdk/FirebaseFirestoreInternal -Xcc -I/Users/ckubal/Library/Developer/Xcode/DerivedData/RunMusic-ehzzznpmcelkqvgvaslgdtzbrdcu/SourcePackages/checkouts/firebase-ios-sdk/SwiftPM-PlatformExclude/FirebaseFirestoreWrap/include -Xcc -I/Users/ckubal/Library/Developer/Xcode/DerivedData/RunMusic-ehzzznpmcelkqvgvaslgdtzbrdcu/SourcePackages/checkouts/GoogleUtilities/GoogleUtilities/Network/Public -Xcc -I/Users/ckubal/Library/Developer/Xcode/DerivedData/RunMusic-ehzzznpmcelkqvgvaslgdtzbrdcu/SourcePackages/checkouts/GoogleUtilities/GoogleUtilities/Reachability/Public -Xcc -I/Users/ckubal/Library/Developer/Xcode/DerivedData/RunMusic-ehzzznpmcelkqvgvaslgdtzbrdcu/SourcePackages/checkouts/GoogleUtilities/GoogleUtilities/AppDelegateSwizzler/Public -Xcc -I/Users/ckubal/Library/Developer/Xcode/DerivedData/RunMusic-ehzzznpmcelkqvgvaslgdtzbrdcu/SourcePackages/checkouts/interop-ios-for-google-sdks/RecaptchaEnterprise/RecaptchaInterop/Public -Xcc -I/Users/ckubal/Library/Developer/Xcode/DerivedData/RunMusic-ehzzznpmcelkqvgvaslgdtzbrdcu/SourcePackages/checkouts/firebase-ios-sdk/FirebaseAuth/Sources/Public -Xcc -I/Users/ckubal/Library/Developer/Xcode/DerivedData/RunMusic-ehzzznpmcelkqvgvaslgdtzbrdcu/SourcePackages/checkouts/GoogleUtilities/GoogleUtilities/NSData+zlib/Public -Xcc -I/Users/ckubal/Library/Developer/Xcode/DerivedData/RunMusic-ehzzznpmcelkqvgvaslgdtzbrdcu/SourcePackages/checkouts/promises/Sources/FBLPromises/include -Xcc -I/Users/ckubal/Library/Developer/Xcode/DerivedData/RunMusic-ehzzznpmcelkqvgvaslgdtzbrdcu/SourcePackages/checkouts/GoogleUtilities/GoogleUtilities/Environment/Public -Xcc -I/Users/ckubal/Library/Developer/Xcode/DerivedData/RunMusic-ehzzznpmcelkqvgvaslgdtzbrdcu/SourcePackages/checkouts/GoogleUtilities/third_party/IsAppEncrypted/Public -Xcc -I/Users/ckubal/Library/Developer/Xcode/DerivedData/RunMusic-ehzzznpmcelkqvgvaslgdtzbrdcu/SourcePackages/checkouts/GoogleUtilities/GoogleUtilities/Logger/Public -Xcc -I/Users/ckubal/Library/Developer/Xcode/DerivedData/RunMusic-ehzzznpmcelkqvgvaslgdtzbrdcu/SourcePackages/checkouts/gtm-session-fetcher/Sources/Core/Public -Xcc -I/Users/ckubal/Library/Developer/Xcode/DerivedData/RunMusic-ehzzznpmcelkqvgvaslgdtzbrdcu/SourcePackages/checkouts/firebase-ios-sdk/FirebaseMessaging/Interop -Xcc -I/Users/ckubal/Library/Developer/Xcode/DerivedData/RunMusic-ehzzznpmcelkqvgvaslgdtzbrdcu/SourcePackages/checkouts/firebase-ios-sdk/FirebaseCore/Extension -Xcc -I/Users/ckubal/Library/Developer/Xcode/DerivedData/RunMusic-ehzzznpmcelkqvgvaslgdtzbrdcu/SourcePackages/checkouts/firebase-ios-sdk/FirebaseCore/Sources/Public -Xcc -I/Users/ckubal/Library/Developer/Xcode/DerivedData/RunMusic-ehzzznpmcelkqvgvaslgdtzbrdcu/SourcePackages/checkouts/firebase-ios-sdk/CoreOnly/Sources -Xcc -I/Users/ckubal/Library/Developer/Xcode/DerivedData/RunMusic-ehzzznpmcelkqvgvaslgdtzbrdcu/SourcePackages/checkouts/firebase-ios-sdk/FirebaseAuth/Interop -Xcc -I/Users/ckubal/Library/Developer/Xcode/DerivedData/RunMusic-ehzzznpmcelkqvgvaslgdtzbrdcu/SourcePackages/checkouts/firebase-ios-sdk/FirebaseAppCheck/Interop/Public -Xcc -I/Users/ckubal/Library/Developer/Xcode/DerivedData/RunMusic-ehzzznpmcelkqvgvaslgdtzbrdcu/Build/Products/Debug-iphonesimulator/include -Xcc -I/Users/ckubal/Library/Developer/Xcode/DerivedData/RunMusic-ehzzznpmcelkqvgvaslgdtzbrdcu/Build/Intermediates.noindex/RunMusic.build/Debug-iphonesimulator/RunMusic.build/DerivedSources-normal/arm64 -Xcc -I/Users/ckubal/Library/Developer/Xcode/DerivedData/RunMusic-ehzzznpmcelkqvgvaslgdtzbrdcu/Build/Intermediates.noindex/RunMusic.build/Debug-iphonesimulator/RunMusic.build/DerivedSources/arm64 -Xcc -I/Users/ckubal/Library/Developer/Xcode/DerivedData/RunMusic-ehzzznpmcelkqvgvaslgdtzbrdcu/Build/Intermediates.noindex/RunMusic.build/Debug-iphonesimulator/RunMusic.build/DerivedSources -Xcc -DDEBUG\=1 -no-auto-bridging-header-chaining -module-name RunMusic -frontend-parseable-output -disable-clang-spi -target-sdk-version 26.0 -target-sdk-name iphonesimulator26.0 -clang-target arm64-apple-ios26.0-simulator -in-process-plugin-server-path /Applications/Xcode.app/Contents/Developer/Toolchains/XcodeDefault.xctoolchain/usr/lib/swift/host/libSwiftInProcPluginServer.dylib -o /Users/ckubal/Library/Developer/Xcode/DerivedData/RunMusic-ehzzznpmcelkqvgvaslgdtzbrdcu/Build/Intermediates.noindex/RunMusic.build/Debug-iphonesimulator/RunMusic.build/Objects-normal/arm64/InteractiveShareableCardView.o -o /Users/ckubal/Library/Developer/Xcode/DerivedData/RunMusic-ehzzznpmcelkqvgvaslgdtzbrdcu/Build/Intermediates.noindex/RunMusic.build/Debug-iphonesimulator/RunMusic.build/Objects-normal/arm64/PhotoService.o -o /Users/ckubal/Library/Developer/Xcode/DerivedData/RunMusic-ehzzznpmcelkqvgvaslgdtzbrdcu/Build/Intermediates.noindex/RunMusic.build/Debug-iphonesimulator/RunMusic.build/Objects-normal/arm64/RunningManLoader.o -o /Users/ckubal/Library/Developer/Xcode/DerivedData/RunMusic-ehzzznpmcelkqvgvaslgdtzbrdcu/Build/Intermediates.noindex/RunMusic.build/Debug-iphonesimulator/RunMusic.build/Objects-normal/arm64/AnimatedShareableCardView.o -o /Users/ckubal/Library/Developer/Xcode/DerivedData/RunMusic-ehzzznpmcelkqvgvaslgdtzbrdcu/Build/Intermediates.noindex/RunMusic.build/Debug-iphonesimulator/RunMusic.build/Objects-normal/arm64/UserPreferences-a0f2ce848eb0b1c9385c2bbe3346de31.o -o /Users/ckubal/Library/Developer/Xcode/DerivedData/RunMusic-ehzzznpmcelkqvgvaslgdtzbrdcu/Build/Intermediates.noindex/RunMusic.build/Debug-iphonesimulator/RunMusic.build/Objects-normal/arm64/RoutePathView.o -o /Users/ckubal/Library/Developer/Xcode/DerivedData/RunMusic-ehzzznpmcelkqvgvaslgdtzbrdcu/Build/Intermediates.noindex/RunMusic.build/Debug-iphonesimulator/RunMusic.build/Objects-normal/arm64/SettingsView.o -index-unit-output-path /RunMusic.build/Debug-iphonesimulator/RunMusic.build/Objects-normal/arm64/InteractiveShareableCardView.o -index-unit-output-path /RunMusic.build/Debug-iphonesimulator/RunMusic.build/Objects-normal/arm64/PhotoService.o -index-unit-output-path /RunMusic.build/Debug-iphonesimulator/RunMusic.build/Objects-normal/arm64/RunningManLoader.o -index-unit-output-path /RunMusic.build/Debug-iphonesimulator/RunMusic.build/Objects-normal/arm64/AnimatedShareableCardView.o -index-unit-output-path /RunMusic.build/Debug-iphonesimulator/RunMusic.build/Objects-normal/arm64/UserPreferences-a0f2ce848eb0b1c9385c2bbe3346de31.o -index-unit-output-path /RunMusic.build/Debug-iphonesimulator/RunMusic.build/Objects-normal/arm64/RoutePathView.o -index-unit-output-path /RunMusic.build/Debug-iphonesimulator/RunMusic.build/Objects-normal/arm64/SettingsView.o -index-store-path /Users/ckubal/Library/Developer/Xcode/DerivedData/RunMusic-ehzzznpmcelkqvgvaslgdtzbrdcu/Index.noindex/DataStore -index-system-modules

SwiftCompile normal arm64 /Users/ckubal/Documents/Programming/iOS\ Programming\ Projects/RunMusic/RunMusic/Views/InteractiveShareableCardView.swift (in target 'RunMusic' from project 'RunMusic')
    cd /Users/ckubal/Documents/Programming/iOS\ Programming\ Projects/RunMusic
    

SwiftCompile normal arm64 /Users/ckubal/Documents/Programming/iOS\ Programming\ Projects/RunMusic/RunMusic/Services/PhotoService.swift (in target 'RunMusic' from project 'RunMusic')
    cd /Users/ckubal/Documents/Programming/iOS\ Programming\ Projects/RunMusic
    
/Users/ckubal/Documents/Programming/iOS Programming Projects/RunMusic/RunMusic/Services/PhotoService.swift:50:9: error: instance member 'debugLog' cannot be used on type 'Self'; did you mean to use a value of this type instead?
        Self.debugLog("📷 ========== PHOTO FETCH DEBUG ==========")
/Users/ckubal/Documents/Programming/iOS Programming Projects/RunMusic/RunMusic/Services/PhotoService.swift:51:9: error: instance member 'debugLog' cannot be used on type 'Self'; did you mean to use a value of this type instead?
        Self.debugLog("📷 Run date: \(dateFormatter.string(from: date))")
/Users/ckubal/Documents/Programming/iOS Programming Projects/RunMusic/RunMusic/Services/PhotoService.swift:52:9: error: instance member 'debugLog' cannot be used on type 'Self'; did you mean to use a value of this type instead?
        Self.debugLog("📷 Run duration: \(Int(duration/60)) minutes")
/Users/ckubal/Documents/Programming/iOS Programming Projects/RunMusic/RunMusic/Services/PhotoService.swift:64:13: error: instance member 'debugLog' cannot be used on type 'Self'; did you mean to use a value of this type instead?
            Self.debugLog("📷 PHOTO TIMEZONE DEBUG:")
/Users/ckubal/Documents/Programming/iOS Programming Projects/RunMusic/RunMusic/Services/PhotoService.swift:65:13: error: instance member 'debugLog' cannot be used on type 'Self'; did you mean to use a value of this type instead?
            Self.debugLog("📷   Run date (UTC): \(utcFormatter.string(from: date))")
/Users/ckubal/Documents/Programming/iOS Programming Projects/RunMusic/RunMusic/Services/PhotoService.swift:66:13: error: instance member 'debugLog' cannot be used on type 'Self'; did you mean to use a value of this type instead?
            Self.debugLog("📷   Run date (Pacific): \(pacificFormatter.string(from: date))")
/Users/ckubal/Documents/Programming/iOS Programming Projects/RunMusic/RunMusic/Services/PhotoService.swift:67:13: error: instance member 'debugLog' cannot be used on type 'Self'; did you mean to use a value of this type instead?
            Self.debugLog("📷   System timezone: \(TimeZone.current.identifier)")
/Users/ckubal/Documents/Programming/iOS Programming Projects/RunMusic/RunMusic/Services/PhotoService.swift:96:21: error: call to method 'debugLog' in closure requires explicit use of 'self' to make capture semantics explicit
                    debugLog("📷   Found run-time photo: \(dateFormatter.string(from: creationDate))")
/Users/ckubal/Documents/Programming/iOS Programming Projects/RunMusic/RunMusic/Services/PhotoService.swift:96:21: note: reference 'self.' explicitly
                    debugLog("📷   Found run-time photo: \(dateFormatter.string(from: creationDate))")
/Users/ckubal/Documents/Programming/iOS Programming Projects/RunMusic/RunMusic/Services/PhotoService.swift:91:40: note: capture 'self' explicitly to enable implicit 'self' in this closure
        runTimeResult.enumerateObjects { asset, _, _ in
                                       ^
                                         [self]
/Users/ckubal/Documents/Programming/iOS Programming Projects/RunMusic/RunMusic/Services/PhotoService.swift:128:25: error: call to method 'debugLog' in closure requires explicit use of 'self' to make capture semantics explicit
                        debugLog("📷   Found expanded timeframe photo: \(dateFormatter.string(from: creationDate))")
/Users/ckubal/Documents/Programming/iOS Programming Projects/RunMusic/RunMusic/Services/PhotoService.swift:128:25: note: reference 'self.' explicitly
                        debugLog("📷   Found expanded timeframe photo: \(dateFormatter.string(from: creationDate))")
/Users/ckubal/Documents/Programming/iOS Programming Projects/RunMusic/RunMusic/Services/PhotoService.swift:123:45: note: capture 'self' explicitly to enable implicit 'self' in this closure
            expandedResult.enumerateObjects { asset, _, _ in
                                            ^
                                              [self]
/Users/ckubal/Documents/Programming/iOS Programming Projects/RunMusic/RunMusic/Services/PhotoService.swift:151:25: error: call to method 'debugLog' in closure requires explicit use of 'self' to make capture semantics explicit
                        debugLog("📷   Found recent photo: \(dateFormatter.string(from: creationDate))")
/Users/ckubal/Documents/Programming/iOS Programming Projects/RunMusic/RunMusic/Services/PhotoService.swift:151:25: note: reference 'self.' explicitly
                        debugLog("📷   Found recent photo: \(dateFormatter.string(from: creationDate))")
/Users/ckubal/Documents/Programming/iOS Programming Projects/RunMusic/RunMusic/Services/PhotoService.swift:146:43: note: capture 'self' explicitly to enable implicit 'self' in this closure
            recentResult.enumerateObjects { asset, _, _ in
                                          ^
                                            [self]
/Users/ckubal/Documents/Programming/iOS Programming Projects/RunMusic/RunMusic/Services/PhotoService.swift:163:36: warning: reference to captured var 'allAssets' in concurrently-executing code; this is an error in the Swift 6 language mode
            self.availablePhotos = allAssets
                                   ^

SwiftCompile normal arm64 /Users/ckubal/Documents/Programming/iOS\ Programming\ Projects/RunMusic/RunMusic/Views/Components/RunningManLoader.swift (in target 'RunMusic' from project 'RunMusic')
    cd /Users/ckubal/Documents/Programming/iOS\ Programming\ Projects/RunMusic
    

SwiftCompile normal arm64 /Users/ckubal/Documents/Programming/iOS\ Programming\ Projects/RunMusic/RunMusic/Views/Components/AnimatedShareableCardView.swift (in target 'RunMusic' from project 'RunMusic')
    cd /Users/ckubal/Documents/Programming/iOS\ Programming\ Projects/RunMusic
    

SwiftCompile normal arm64 /Users/ckubal/Documents/Programming/iOS\ Programming\ Projects/RunMusic/RunMusic/Services/UserPreferences.swift (in target 'RunMusic' from project 'RunMusic')
    cd /Users/ckubal/Documents/Programming/iOS\ Programming\ Projects/RunMusic
    

SwiftCompile normal arm64 /Users/ckubal/Documents/Programming/iOS\ Programming\ Projects/RunMusic/RunMusic/Views/RoutePathView.swift (in target 'RunMusic' from project 'RunMusic')
    cd /Users/ckubal/Documents/Programming/iOS\ Programming\ Projects/RunMusic
    

SwiftCompile normal arm64 /Users/ckubal/Documents/Programming/iOS\ Programming\ Projects/RunMusic/RunMusic/Views/SettingsView.swift (in target 'RunMusic' from project 'RunMusic')
    cd /Users/ckubal/Documents/Programming/iOS\ Programming\ Projects/RunMusic
    

SwiftEmitModule normal arm64 Emitting\ module\ for\ RunMusic (in target 'RunMusic' from project 'RunMusic')

EmitSwiftModule normal arm64 (in target 'RunMusic' from project 'RunMusic')
    cd /Users/ckubal/Documents/Programming/iOS\ Programming\ Projects/RunMusic
    
/Users/ckubal/Documents/Programming/iOS Programming Projects/RunMusic/RunMusic/Services/SpotifyService.swift:25:52: warning: main actor-isolated static property 'shared' can not be referenced from a nonisolated context; this is an error in the Swift 6 language mode
    private let firebaseAuth = FirebaseAuthService.shared
                                                   ^
/Users/ckubal/Documents/Programming/iOS Programming Projects/RunMusic/RunMusic/Services/FirebaseAuthService.swift:8:16: note: static property declared here
    static let shared = FirebaseAuthService()
               ^
/Users/ckubal/Documents/Programming/iOS Programming Projects/RunMusic/RunMusic/Services/CardExportService.swift:36:40: warning: main actor-isolated property 'scale' can not be referenced from a nonisolated context
        scale: CGFloat = UIScreen.main.scale,
                                       ^
/Applications/Xcode.app/Contents/Developer/Platforms/iPhoneSimulator.platform/Developer/SDKs/iPhoneSimulator26.0.sdk/System/Library/Frameworks/UIKit.framework/Headers/UIScreen.h:60:39: note: property declared here
@property(nonatomic,readonly) CGFloat scale API_AVAILABLE(ios(4.0));
                                      ^
/Users/ckubal/Documents/Programming/iOS Programming Projects/RunMusic/RunMusic/Services/CardExportService.swift:36:35: warning: main actor-isolated class property 'main' can not be referenced from a nonisolated context
        scale: CGFloat = UIScreen.main.scale,
                                  ^
/Applications/Xcode.app/Contents/Developer/Platforms/iPhoneSimulator.platform/Developer/SDKs/iPhoneSimulator26.0.sdk/System/Library/Frameworks/UIKit.framework/Headers/UIScreen.h:57:49: note: class property declared here
@property(class, nonatomic, readonly) UIScreen *mainScreen API_DEPRECATED("Use a UIScreen instance found through context instead (i.e, view.window.windowScene.screen), or for properties like UIScreen.scale with trait equivalents, use a traitCollection found through context.", ios(2.0, 26.0), tvos(9.0, 26.0), visionos(1.0, 26.0)) API_UNAVAILABLE(watchos);
                                                ^
/Users/ckubal/Documents/Programming/iOS Programming Projects/RunMusic/RunMusic/Services/CardExportService.swift:123:40: warning: main actor-isolated property 'scale' can not be referenced from a nonisolated context
        scale: CGFloat = UIScreen.main.scale,
                                       ^
/Applications/Xcode.app/Contents/Developer/Platforms/iPhoneSimulator.platform/Developer/SDKs/iPhoneSimulator26.0.sdk/System/Library/Frameworks/UIKit.framework/Headers/UIScreen.h:60:39: note: property declared here
@property(nonatomic,readonly) CGFloat scale API_AVAILABLE(ios(4.0));
                                      ^
/Users/ckubal/Documents/Programming/iOS Programming Projects/RunMusic/RunMusic/Services/CardExportService.swift:123:35: warning: main actor-isolated class property 'main' can not be referenced from a nonisolated context
        scale: CGFloat = UIScreen.main.scale,
                                  ^
/Applications/Xcode.app/Contents/Developer/Platforms/iPhoneSimulator.platform/Developer/SDKs/iPhoneSimulator26.0.sdk/System/Library/Frameworks/UIKit.framework/Headers/UIScreen.h:57:49: note: class property declared here
@property(class, nonatomic, readonly) UIScreen *mainScreen API_DEPRECATED("Use a UIScreen instance found through context instead (i.e, view.window.windowScene.screen), or for properties like UIScreen.scale with trait equivalents, use a traitCollection found through context.", ios(2.0, 26.0), tvos(9.0, 26.0), visionos(1.0, 26.0)) API_UNAVAILABLE(watchos);
                                                ^
/Users/ckubal/Documents/Programming/iOS Programming Projects/RunMusic/RunMusic/Models/CanvasAsset.swift:6:1: warning: extension declares a conformance of imported type 'Weight' to imported protocols 'Decodable', 'Encodable'; this will not behave correctly if the owners of 'SwiftUICore' introduce this conformance in the future
extension Font.Weight: Codable {
^
/Users/ckubal/Documents/Programming/iOS Programming Projects/RunMusic/RunMusic/Models/CanvasAsset.swift:6:1: note: add '@retroactive' to silence this warning
extension Font.Weight: Codable {
^
/Users/ckubal/Documents/Programming/iOS Programming Projects/RunMusic/RunMusic/Models/CanvasAsset.swift:64:1: warning: extension declares a conformance of imported type 'Color' to imported protocols 'Decodable', 'Encodable'; this will not behave correctly if the owners of 'SwiftUICore' introduce this conformance in the future
extension Color: Codable {
^
/Users/ckubal/Documents/Programming/iOS Programming Projects/RunMusic/RunMusic/Models/CanvasAsset.swift:64:1: note: add '@retroactive' to silence this warning
extension Color: Codable {
^

SwiftCompile normal arm64 Compiling\ ShareableTrackRow.swift,\ LottieRunnerLoader.swift,\ WeatherService.swift,\ SpotifyImportProgressView.swift,\ RunCacheService.swift,\ ShareableCardView.swift,\ InteractivePowerSongView.swift /Users/ckubal/Documents/Programming/iOS\ Programming\ Projects/RunMusic/RunMusic/Views/Components/ShareableTrackRow.swift /Users/ckubal/Documents/Programming/iOS\ Programming\ Projects/RunMusic/RunMusic/Views/Components/LottieRunnerLoader.swift /Users/ckubal/Documents/Programming/iOS\ Programming\ Projects/RunMusic/RunMusic/Services/WeatherService.swift /Users/ckubal/Documents/Programming/iOS\ Programming\ Projects/RunMusic/RunMusic/Views/Components/SpotifyImportProgressView.swift /Users/ckubal/Documents/Programming/iOS\ Programming\ Projects/RunMusic/RunMusic/Services/RunCacheService.swift /Users/ckubal/Documents/Programming/iOS\ Programming\ Projects/RunMusic/RunMusic/Views/ShareableCardView.swift /Users/ckubal/Documents/Programming/iOS\ Programming\ Projects/RunMusic/RunMusic/Views/Components/InteractivePowerSongView.swift (in target 'RunMusic' from project 'RunMusic')

SwiftCompile normal arm64 /Users/ckubal/Documents/Programming/iOS\ Programming\ Projects/RunMusic/RunMusic/Views/Components/ShareableTrackRow.swift (in target 'RunMusic' from project 'RunMusic')
    cd /Users/ckubal/Documents/Programming/iOS\ Programming\ Projects/RunMusic
    

SwiftCompile normal arm64 /Users/ckubal/Documents/Programming/iOS\ Programming\ Projects/RunMusic/RunMusic/Views/Components/LottieRunnerLoader.swift (in target 'RunMusic' from project 'RunMusic')
    cd /Users/ckubal/Documents/Programming/iOS\ Programming\ Projects/RunMusic
    

SwiftCompile normal arm64 /Users/ckubal/Documents/Programming/iOS\ Programming\ Projects/RunMusic/RunMusic/Services/WeatherService.swift (in target 'RunMusic' from project 'RunMusic')
    cd /Users/ckubal/Documents/Programming/iOS\ Programming\ Projects/RunMusic
    

SwiftCompile normal arm64 /Users/ckubal/Documents/Programming/iOS\ Programming\ Projects/RunMusic/RunMusic/Views/Components/SpotifyImportProgressView.swift (in target 'RunMusic' from project 'RunMusic')
    cd /Users/ckubal/Documents/Programming/iOS\ Programming\ Projects/RunMusic
    

SwiftCompile normal arm64 /Users/ckubal/Documents/Programming/iOS\ Programming\ Projects/RunMusic/RunMusic/Services/RunCacheService.swift (in target 'RunMusic' from project 'RunMusic')
    cd /Users/ckubal/Documents/Programming/iOS\ Programming\ Projects/RunMusic
    

SwiftCompile normal arm64 /Users/ckubal/Documents/Programming/iOS\ Programming\ Projects/RunMusic/RunMusic/Views/ShareableCardView.swift (in target 'RunMusic' from project 'RunMusic')
    cd /Users/ckubal/Documents/Programming/iOS\ Programming\ Projects/RunMusic
    

SwiftCompile normal arm64 /Users/ckubal/Documents/Programming/iOS\ Programming\ Projects/RunMusic/RunMusic/Views/Components/InteractivePowerSongView.swift (in target 'RunMusic' from project 'RunMusic')
    cd /Users/ckubal/Documents/Programming/iOS\ Programming\ Projects/RunMusic
    

SwiftCompile normal arm64 Compiling\ UsernameSelectionView.swift,\ SignInPromptView.swift,\ ContentView.swift,\ FontFamily.swift,\ SpotifyConnectionPrompt.swift,\ NewRunDetectionService.swift,\ PushNotificationService.swift /Users/ckubal/Documents/Programming/iOS\ Programming\ Projects/RunMusic/RunMusic/Views/UsernameSelectionView.swift /Users/ckubal/Documents/Programming/iOS\ Programming\ Projects/RunMusic/RunMusic/Views/Components/SignInPromptView.swift /Users/ckubal/Documents/Programming/iOS\ Programming\ Projects/RunMusic/RunMusic/ContentView.swift /Users/ckubal/Documents/Programming/iOS\ Programming\ Projects/RunMusic/RunMusic/Models/FontFamily.swift /Users/ckubal/Documents/Programming/iOS\ Programming\ Projects/RunMusic/RunMusic/Views/Components/SpotifyConnectionPrompt.swift /Users/ckubal/Documents/Programming/iOS\ Programming\ Projects/RunMusic/RunMusic/Services/NewRunDetectionService.swift /Users/ckubal/Documents/Programming/iOS\ Programming\ Projects/RunMusic/RunMusic/Services/PushNotificationService.swift (in target 'RunMusic' from project 'RunMusic')
SwiftCompile normal arm64 /Users/ckubal/Documents/Programming/iOS\ Programming\ Projects/RunMusic/RunMusic/Views/UsernameSelectionView.swift (in target 'RunMusic' from project 'RunMusic')
    cd /Users/ckubal/Documents/Programming/iOS\ Programming\ Projects/RunMusic
    

SwiftCompile normal arm64 /Users/ckubal/Documents/Programming/iOS\ Programming\ Projects/RunMusic/RunMusic/Views/Components/SignInPromptView.swift (in target 'RunMusic' from project 'RunMusic')
    cd /Users/ckubal/Documents/Programming/iOS\ Programming\ Projects/RunMusic
    

SwiftCompile normal arm64 /Users/ckubal/Documents/Programming/iOS\ Programming\ Projects/RunMusic/RunMusic/ContentView.swift (in target 'RunMusic' from project 'RunMusic')
    cd /Users/ckubal/Documents/Programming/iOS\ Programming\ Projects/RunMusic
    

SwiftCompile normal arm64 /Users/ckubal/Documents/Programming/iOS\ Programming\ Projects/RunMusic/RunMusic/Models/FontFamily.swift (in target 'RunMusic' from project 'RunMusic')
    cd /Users/ckubal/Documents/Programming/iOS\ Programming\ Projects/RunMusic
    

SwiftCompile normal arm64 /Users/ckubal/Documents/Programming/iOS\ Programming\ Projects/RunMusic/RunMusic/Views/Components/SpotifyConnectionPrompt.swift (in target 'RunMusic' from project 'RunMusic')
    cd /Users/ckubal/Documents/Programming/iOS\ Programming\ Projects/RunMusic
    

SwiftCompile normal arm64 /Users/ckubal/Documents/Programming/iOS\ Programming\ Projects/RunMusic/RunMusic/Services/NewRunDetectionService.swift (in target 'RunMusic' from project 'RunMusic')
    cd /Users/ckubal/Documents/Programming/iOS\ Programming\ Projects/RunMusic
    

SwiftCompile normal arm64 /Users/ckubal/Documents/Programming/iOS\ Programming\ Projects/RunMusic/RunMusic/Services/PushNotificationService.swift (in target 'RunMusic' from project 'RunMusic')
    cd /Users/ckubal/Documents/Programming/iOS\ Programming\ Projects/RunMusic
    

SwiftCompile normal arm64 Compiling\ SpotifyImportProgress.swift,\ HapticFeedbackService.swift,\ SpotifyImportPreviewView.swift,\ LivePhotoSelectionView.swift,\ FontPicker.swift,\ DualProviderAuthView.swift,\ PhotoPermissionPromptView.swift /Users/ckubal/Documents/Programming/iOS\ Programming\ Projects/RunMusic/RunMusic/Models/SpotifyImportProgress.swift /Users/ckubal/Documents/Programming/iOS\ Programming\ Projects/RunMusic/RunMusic/Services/HapticFeedbackService.swift /Users/ckubal/Documents/Programming/iOS\ Programming\ Projects/RunMusic/RunMusic/Views/SpotifyImportPreviewView.swift /Users/ckubal/Documents/Programming/iOS\ Programming\ Projects/RunMusic/RunMusic/Views/Components/LivePhotoSelectionView.swift /Users/ckubal/Documents/Programming/iOS\ Programming\ Projects/RunMusic/RunMusic/Views/Components/FontPicker.swift /Users/ckubal/Documents/Programming/iOS\ Programming\ Projects/RunMusic/RunMusic/Views/DualProviderAuthView.swift /Users/ckubal/Documents/Programming/iOS\ Programming\ Projects/RunMusic/RunMusic/Views/Components/PhotoPermissionPromptView.swift (in target 'RunMusic' from project 'RunMusic')

SwiftCompile normal arm64 /Users/ckubal/Documents/Programming/iOS\ Programming\ Projects/RunMusic/RunMusic/Models/SpotifyImportProgress.swift (in target 'RunMusic' from project 'RunMusic')
    cd /Users/ckubal/Documents/Programming/iOS\ Programming\ Projects/RunMusic
    

SwiftCompile normal arm64 /Users/ckubal/Documents/Programming/iOS\ Programming\ Projects/RunMusic/RunMusic/Services/HapticFeedbackService.swift (in target 'RunMusic' from project 'RunMusic')
    cd /Users/ckubal/Documents/Programming/iOS\ Programming\ Projects/RunMusic
    

SwiftCompile normal arm64 /Users/ckubal/Documents/Programming/iOS\ Programming\ Projects/RunMusic/RunMusic/Views/SpotifyImportPreviewView.swift (in target 'RunMusic' from project 'RunMusic')
    cd /Users/ckubal/Documents/Programming/iOS\ Programming\ Projects/RunMusic
    

SwiftCompile normal arm64 /Users/ckubal/Documents/Programming/iOS\ Programming\ Projects/RunMusic/RunMusic/Views/Components/LivePhotoSelectionView.swift (in target 'RunMusic' from project 'RunMusic')
    cd /Users/ckubal/Documents/Programming/iOS\ Programming\ Projects/RunMusic
    

SwiftCompile normal arm64 /Users/ckubal/Documents/Programming/iOS\ Programming\ Projects/RunMusic/RunMusic/Views/Components/FontPicker.swift (in target 'RunMusic' from project 'RunMusic')
    cd /Users/ckubal/Documents/Programming/iOS\ Programming\ Projects/RunMusic
    

SwiftCompile normal arm64 /Users/ckubal/Documents/Programming/iOS\ Programming\ Projects/RunMusic/RunMusic/Views/DualProviderAuthView.swift (in target 'RunMusic' from project 'RunMusic')
    cd /Users/ckubal/Documents/Programming/iOS\ Programming\ Projects/RunMusic
    

SwiftCompile normal arm64 /Users/ckubal/Documents/Programming/iOS\ Programming\ Projects/RunMusic/RunMusic/Views/Components/PhotoPermissionPromptView.swift (in target 'RunMusic' from project 'RunMusic')
    cd /Users/ckubal/Documents/Programming/iOS\ Programming\ Projects/RunMusic
    

SwiftCompile normal arm64 Compiling\ RunMusicApp.swift,\ CanvasAsset.swift,\ EnhancedAssetView.swift,\ RunCanvasView.swift,\ RunCardStackView.swift,\ RunCardView.swift,\ GeneratedAssetSymbols.swift /Users/ckubal/Documents/Programming/iOS\ Programming\ Projects/RunMusic/RunMusic/RunMusicApp.swift /Users/ckubal/Documents/Programming/iOS\ Programming\ Projects/RunMusic/RunMusic/Models/CanvasAsset.swift /Users/ckubal/Documents/Programming/iOS\ Programming\ Projects/RunMusic/RunMusic/Views/Canvas/EnhancedAssetView.swift /Users/ckubal/Documents/Programming/iOS\ Programming\ Projects/RunMusic/RunMusic/Views/Canvas/RunCanvasView.swift /Users/ckubal/Documents/Programming/iOS\ Programming\ Projects/RunMusic/RunMusic/Views/RunCardStackView.swift /Users/ckubal/Documents/Programming/iOS\ Programming\ Projects/RunMusic/RunMusic/Views/RunCardView.swift /Users/ckubal/Library/Developer/Xcode/DerivedData/RunMusic-ehzzznpmcelkqvgvaslgdtzbrdcu/Build/Intermediates.noindex/RunMusic.build/Debug-iphonesimulator/RunMusic.build/DerivedSources/GeneratedAssetSymbols.swift (in target 'RunMusic' from project 'RunMusic')

SwiftCompile normal arm64 /Users/ckubal/Documents/Programming/iOS\ Programming\ Projects/RunMusic/RunMusic/RunMusicApp.swift (in target 'RunMusic' from project 'RunMusic')
    cd /Users/ckubal/Documents/Programming/iOS\ Programming\ Projects/RunMusic
    

SwiftCompile normal arm64 /Users/ckubal/Documents/Programming/iOS\ Programming\ Projects/RunMusic/RunMusic/Models/CanvasAsset.swift (in target 'RunMusic' from project 'RunMusic')
    cd /Users/ckubal/Documents/Programming/iOS\ Programming\ Projects/RunMusic
    

SwiftCompile normal arm64 /Users/ckubal/Documents/Programming/iOS\ Programming\ Projects/RunMusic/RunMusic/Views/Canvas/EnhancedAssetView.swift (in target 'RunMusic' from project 'RunMusic')
    cd /Users/ckubal/Documents/Programming/iOS\ Programming\ Projects/RunMusic
    

SwiftCompile normal arm64 /Users/ckubal/Documents/Programming/iOS\ Programming\ Projects/RunMusic/RunMusic/Views/Canvas/RunCanvasView.swift (in target 'RunMusic' from project 'RunMusic')
    cd /Users/ckubal/Documents/Programming/iOS\ Programming\ Projects/RunMusic
    

SwiftCompile normal arm64 /Users/ckubal/Documents/Programming/iOS\ Programming\ Projects/RunMusic/RunMusic/Views/RunCardStackView.swift (in target 'RunMusic' from project 'RunMusic')
    cd /Users/ckubal/Documents/Programming/iOS\ Programming\ Projects/RunMusic
    

SwiftCompile normal arm64 /Users/ckubal/Documents/Programming/iOS\ Programming\ Projects/RunMusic/RunMusic/Views/RunCardView.swift (in target 'RunMusic' from project 'RunMusic')
    cd /Users/ckubal/Documents/Programming/iOS\ Programming\ Projects/RunMusic
    

SwiftCompile normal arm64 /Users/ckubal/Library/Developer/Xcode/DerivedData/RunMusic-ehzzznpmcelkqvgvaslgdtzbrdcu/Build/Intermediates.noindex/RunMusic.build/Debug-iphonesimulator/RunMusic.build/DerivedSources/GeneratedAssetSymbols.swift (in target 'RunMusic' from project 'RunMusic')
    cd /Users/ckubal/Documents/Programming/iOS\ Programming\ Projects/RunMusic
    

SwiftDriverJobDiscovery normal arm64 Emitting module for RunMusic (in target 'RunMusic' from project 'RunMusic')

SwiftDriver\ Compilation\ Requirements RunMusic normal arm64 com.apple.xcode.tools.swift.compiler (in target 'RunMusic' from project 'RunMusic')
    cd /Users/ckubal/Documents/Programming/iOS\ Programming\ Projects/RunMusic
    builtin-Swift-Compilation-Requirements -- /Applications/Xcode.app/Contents/Developer/Toolchains/XcodeDefault.xctoolchain/usr/bin/swiftc -module-name RunMusic -Onone -enforce-exclusivity\=checked @/Users/ckubal/Library/Developer/Xcode/DerivedData/RunMusic-ehzzznpmcelkqvgvaslgdtzbrdcu/Build/Intermediates.noindex/RunMusic.build/Debug-iphonesimulator/RunMusic.build/Objects-normal/arm64/RunMusic.SwiftFileList -DDEBUG -Xcc -fmodule-map-file\=/Users/ckubal/Library/Developer/Xcode/DerivedData/RunMusic-ehzzznpmcelkqvgvaslgdtzbrdcu/Build/Intermediates.noindex/GeneratedModuleMaps-iphonesimulator/AppAuth.modulemap -Xcc -fmodule-map-file\=/Users/ckubal/Library/Developer/Xcode/DerivedData/RunMusic-ehzzznpmcelkqvgvaslgdtzbrdcu/Build/Intermediates.noindex/GeneratedModuleMaps-iphonesimulator/AppAuthCore.modulemap -Xcc -fmodule-map-file\=/Users/ckubal/Library/Developer/Xcode/DerivedData/RunMusic-ehzzznpmcelkqvgvaslgdtzbrdcu/Build/Intermediates.noindex/GeneratedModuleMaps-iphonesimulator/GoogleSignIn.modulemap -Xcc -fmodule-map-file\=/Users/ckubal/Library/Developer/Xcode/DerivedData/RunMusic-ehzzznpmcelkqvgvaslgdtzbrdcu/Build/Intermediates.noindex/GeneratedModuleMaps-iphonesimulator/abslWrapper.modulemap -Xcc -fmodule-map-file\=/Users/ckubal/Library/Developer/Xcode/DerivedData/RunMusic-ehzzznpmcelkqvgvaslgdtzbrdcu/Build/Intermediates.noindex/GeneratedModuleMaps-iphonesimulator/opensslWrapper.modulemap -Xcc -fmodule-map-file\=/Users/ckubal/Library/Developer/Xcode/DerivedData/RunMusic-ehzzznpmcelkqvgvaslgdtzbrdcu/Build/Intermediates.noindex/GeneratedModuleMaps-iphonesimulator/grpcWrapper.modulemap -Xcc -fmodule-map-file\=/Users/ckubal/Library/Developer/Xcode/DerivedData/RunMusic-ehzzznpmcelkqvgvaslgdtzbrdcu/Build/Intermediates.noindex/GeneratedModuleMaps-iphonesimulator/grpcppWrapper.modulemap -Xcc -fmodule-map-file\=/Users/ckubal/Library/Developer/Xcode/DerivedData/RunMusic-ehzzznpmcelkqvgvaslgdtzbrdcu/Build/Intermediates.noindex/GeneratedModuleMaps-iphonesimulator/nanopb.modulemap -Xcc -fmodule-map-file\=/Users/ckubal/Library/Developer/Xcode/DerivedData/RunMusic-ehzzznpmcelkqvgvaslgdtzbrdcu/Build/Intermediates.noindex/GeneratedModuleMaps-iphonesimulator/leveldb.modulemap -Xcc -fmodule-map-file\=/Users/ckubal/Library/Developer/Xcode/DerivedData/RunMusic-ehzzznpmcelkqvgvaslgdtzbrdcu/Build/Intermediates.noindex/GeneratedModuleMaps-iphonesimulator/FirebaseFirestoreInternalWrapper.modulemap -Xcc -fmodule-map-file\=/Users/ckubal/Library/Developer/Xcode/DerivedData/RunMusic-ehzzznpmcelkqvgvaslgdtzbrdcu/Build/Intermediates.noindex/GeneratedModuleMaps-iphonesimulator/FirebaseFirestoreTarget.modulemap -Xcc -fmodule-map-file\=/Users/ckubal/Library/Developer/Xcode/DerivedData/RunMusic-ehzzznpmcelkqvgvaslgdtzbrdcu/Build/Intermediates.noindex/GeneratedModuleMaps-iphonesimulator/GoogleUtilities-Network.modulemap -Xcc -fmodule-map-file\=/Users/ckubal/Library/Developer/Xcode/DerivedData/RunMusic-ehzzznpmcelkqvgvaslgdtzbrdcu/Build/Intermediates.noindex/GeneratedModuleMaps-iphonesimulator/GoogleUtilities-Reachability.modulemap -Xcc -fmodule-map-file\=/Users/ckubal/Library/Developer/Xcode/DerivedData/RunMusic-ehzzznpmcelkqvgvaslgdtzbrdcu/Build/Intermediates.noindex/GeneratedModuleMaps-iphonesimulator/GoogleUtilities-AppDelegateSwizzler.modulemap -Xcc -fmodule-map-file\=/Users/ckubal/Library/Developer/Xcode/DerivedData/RunMusic-ehzzznpmcelkqvgvaslgdtzbrdcu/Build/Intermediates.noindex/GeneratedModuleMaps-iphonesimulator/RecaptchaInterop.modulemap -Xcc -fmodule-map-file\=/Users/ckubal/Library/Developer/Xcode/DerivedData/RunMusic-ehzzznpmcelkqvgvaslgdtzbrdcu/Build/Intermediates.noindex/GeneratedModuleMaps-iphonesimulator/FirebaseAuth.modulemap -Xcc -fmodule-map-file\=/Users/ckubal/Library/Developer/Xcode/DerivedData/RunMusic-ehzzznpmcelkqvgvaslgdtzbrdcu/Build/Intermediates.noindex/GeneratedModuleMaps-iphonesimulator/GoogleUtilities-NSData.modulemap -Xcc -fmodule-map-file\=/Users/ckubal/Library/Developer/Xcode/DerivedData/RunMusic-ehzzznpmcelkqvgvaslgdtzbrdcu/Build/Intermediates.noindex/GeneratedModuleMaps-iphonesimulator/GoogleUtilities-Environment.modulemap -Xcc -fmodule-map-file\=/Users/ckubal/Library/Developer/Xcode/DerivedData/RunMusic-ehzzznpmcelkqvgvaslgdtzbrdcu/Build/Intermediates.noindex/GeneratedModuleMaps-iphonesimulator/third-party-IsAppEncrypted.modulemap -Xcc -fmodule-map-file\=/Users/ckubal/Library/Developer/Xcode/DerivedData/RunMusic-ehzzznpmcelkqvgvaslgdtzbrdcu/Build/Intermediates.noindex/GeneratedModuleMaps-iphonesimulator/GoogleUtilities-Logger.modulemap -Xcc -fmodule-map-file\=/Users/ckubal/Library/Developer/Xcode/DerivedData/RunMusic-ehzzznpmcelkqvgvaslgdtzbrdcu/Build/Intermediates.noindex/GeneratedModuleMaps-iphonesimulator/GTMSessionFetcherCore.modulemap -Xcc -fmodule-map-file\=/Users/ckubal/Library/Developer/Xcode/DerivedData/RunMusic-ehzzznpmcelkqvgvaslgdtzbrdcu/Build/Intermediates.noindex/GeneratedModuleMaps-iphonesimulator/FirebaseMessagingInterop.modulemap -Xcc -fmodule-map-file\=/Users/ckubal/Library/Developer/Xcode/DerivedData/RunMusic-ehzzznpmcelkqvgvaslgdtzbrdcu/Build/Intermediates.noindex/GeneratedModuleMaps-iphonesimulator/FirebaseCoreExtension.modulemap -Xcc -fmodule-map-file\=/Users/ckubal/Library/Developer/Xcode/DerivedData/RunMusic-ehzzznpmcelkqvgvaslgdtzbrdcu/Build/Intermediates.noindex/GeneratedModuleMaps-iphonesimulator/FirebaseCore.modulemap -Xcc -fmodule-map-file\=/Users/ckubal/Library/Developer/Xcode/DerivedData/RunMusic-ehzzznpmcelkqvgvaslgdtzbrdcu/Build/Intermediates.noindex/GeneratedModuleMaps-iphonesimulator/FirebaseAuthInterop.modulemap -Xcc -fmodule-map-file\=/Users/ckubal/Library/Developer/Xcode/DerivedData/RunMusic-ehzzznpmcelkqvgvaslgdtzbrdcu/Build/Intermediates.noindex/GeneratedModuleMaps-iphonesimulator/FirebaseAppCheckInterop.modulemap -enable-bare-slash-regex -enable-experimental-feature DebugDescriptionMacro -sdk /Applications/Xcode.app/Contents/Developer/Platforms/iPhoneSimulator.platform/Developer/SDKs/iPhoneSimulator26.0.sdk -target arm64-apple-ios17.6-simulator -g -module-cache-path /Users/ckubal/Library/Developer/Xcode/DerivedData/ModuleCache.noindex -Xfrontend -serialize-debugging-options -enable-testing -index-store-path /Users/ckubal/Library/Developer/Xcode/DerivedData/RunMusic-ehzzznpmcelkqvgvaslgdtzbrdcu/Index.noindex/DataStore -Xcc -D_LIBCPP_HARDENING_MODE\=_LIBCPP_HARDENING_MODE_DEBUG -swift-version 5 -I /Users/ckubal/Library/Developer/Xcode/DerivedData/RunMusic-ehzzznpmcelkqvgvaslgdtzbrdcu/Build/Products/Debug-iphonesimulator -F /Users/ckubal/Library/Developer/Xcode/DerivedData/RunMusic-ehzzznpmcelkqvgvaslgdtzbrdcu/Build/Products/Debug-iphonesimulator/PackageFrameworks -F /Users/ckubal/Library/Developer/Xcode/DerivedData/RunMusic-ehzzznpmcelkqvgvaslgdtzbrdcu/Build/Products/Debug-iphonesimulator/PackageFrameworks -F /Users/ckubal/Library/Developer/Xcode/DerivedData/RunMusic-ehzzznpmcelkqvgvaslgdtzbrdcu/Build/Products/Debug-iphonesimulator/PackageFrameworks -F /Users/ckubal/Library/Developer/Xcode/DerivedData/RunMusic-ehzzznpmcelkqvgvaslgdtzbrdcu/Build/Products/Debug-iphonesimulator/PackageFrameworks -F /Users/ckubal/Library/Developer/Xcode/DerivedData/RunMusic-ehzzznpmcelkqvgvaslgdtzbrdcu/Build/Products/Debug-iphonesimulator/PackageFrameworks -F /Users/ckubal/Library/Developer/Xcode/DerivedData/RunMusic-ehzzznpmcelkqvgvaslgdtzbrdcu/Build/Products/Debug-iphonesimulator/PackageFrameworks -F /Users/ckubal/Library/Developer/Xcode/DerivedData/RunMusic-ehzzznpmcelkqvgvaslgdtzbrdcu/Build/Products/Debug-iphonesimulator/PackageFrameworks -F /Users/ckubal/Library/Developer/Xcode/DerivedData/RunMusic-ehzzznpmcelkqvgvaslgdtzbrdcu/Build/Products/Debug-iphonesimulator/PackageFrameworks -F /Users/ckubal/Library/Developer/Xcode/DerivedData/RunMusic-ehzzznpmcelkqvgvaslgdtzbrdcu/Build/Products/Debug-iphonesimulator/PackageFrameworks -F /Users/ckubal/Library/Developer/Xcode/DerivedData/RunMusic-ehzzznpmcelkqvgvaslgdtzbrdcu/Build/Products/Debug-iphonesimulator/PackageFrameworks -F /Users/ckubal/Library/Developer/Xcode/DerivedData/RunMusic-ehzzznpmcelkqvgvaslgdtzbrdcu/Build/Products/Debug-iphonesimulator/PackageFrameworks -F /Users/ckubal/Library/Developer/Xcode/DerivedData/RunMusic-ehzzznpmcelkqvgvaslgdtzbrdcu/Build/Products/Debug-iphonesimulator/PackageFrameworks -F /Users/ckubal/Library/Developer/Xcode/DerivedData/RunMusic-ehzzznpmcelkqvgvaslgdtzbrdcu/Build/Products/Debug-iphonesimulator/PackageFrameworks -F /Users/ckubal/Library/Developer/Xcode/DerivedData/RunMusic-ehzzznpmcelkqvgvaslgdtzbrdcu/Build/Products/Debug-iphonesimulator/PackageFrameworks -F /Users/ckubal/Library/Developer/Xcode/DerivedData/RunMusic-ehzzznpmcelkqvgvaslgdtzbrdcu/Build/Products/Debug-iphonesimulator/PackageFrameworks -F /Users/ckubal/Library/Developer/Xcode/DerivedData/RunMusic-ehzzznpmcelkqvgvaslgdtzbrdcu/Build/Products/Debug-iphonesimulator/PackageFrameworks -F /Users/ckubal/Library/Developer/Xcode/DerivedData/RunMusic-ehzzznpmcelkqvgvaslgdtzbrdcu/Build/Products/Debug-iphonesimulator/PackageFrameworks -F /Users/ckubal/Library/Developer/Xcode/DerivedData/RunMusic-ehzzznpmcelkqvgvaslgdtzbrdcu/Build/Products/Debug-iphonesimulator/PackageFrameworks -F /Users/ckubal/Library/Developer/Xcode/DerivedData/RunMusic-ehzzznpmcelkqvgvaslgdtzbrdcu/Build/Products/Debug-iphonesimulator/PackageFrameworks -F /Users/ckubal/Library/Developer/Xcode/DerivedData/RunMusic-ehzzznpmcelkqvgvaslgdtzbrdcu/Build/Products/Debug-iphonesimulator/PackageFrameworks -F /Users/ckubal/Library/Developer/Xcode/DerivedData/RunMusic-ehzzznpmcelkqvgvaslgdtzbrdcu/Build/Products/Debug-iphonesimulator/PackageFrameworks -F /Users/ckubal/Library/Developer/Xcode/DerivedData/RunMusic-ehzzznpmcelkqvgvaslgdtzbrdcu/Build/Products/Debug-iphonesimulator/PackageFrameworks -F /Users/ckubal/Library/Developer/Xcode/DerivedData/RunMusic-ehzzznpmcelkqvgvaslgdtzbrdcu/Build/Products/Debug-iphonesimulator/PackageFrameworks -F /Users/ckubal/Library/Developer/Xcode/DerivedData/RunMusic-ehzzznpmcelkqvgvaslgdtzbrdcu/Build/Products/Debug-iphonesimulator/PackageFrameworks -F /Users/ckubal/Library/Developer/Xcode/DerivedData/RunMusic-ehzzznpmcelkqvgvaslgdtzbrdcu/Build/Products/Debug-iphonesimulator/PackageFrameworks -F /Users/ckubal/Library/Developer/Xcode/DerivedData/RunMusic-ehzzznpmcelkqvgvaslgdtzbrdcu/Build/Products/Debug-iphonesimulator/PackageFrameworks -F /Users/ckubal/Library/Developer/Xcode/DerivedData/RunMusic-ehzzznpmcelkqvgvaslgdtzbrdcu/Build/Products/Debug-iphonesimulator/PackageFrameworks -F /Users/ckubal/Library/Developer/Xcode/DerivedData/RunMusic-ehzzznpmcelkqvgvaslgdtzbrdcu/Build/Products/Debug-iphonesimulator/PackageFrameworks -F /Users/ckubal/Library/Developer/Xcode/DerivedData/RunMusic-ehzzznpmcelkqvgvaslgdtzbrdcu/Build/Products/Debug-iphonesimulator/PackageFrameworks -F /Users/ckubal/Library/Developer/Xcode/DerivedData/RunMusic-ehzzznpmcelkqvgvaslgdtzbrdcu/Build/Products/Debug-iphonesimulator/PackageFrameworks -F /Users/ckubal/Library/Developer/Xcode/DerivedData/RunMusic-ehzzznpmcelkqvgvaslgdtzbrdcu/Build/Products/Debug-iphonesimulator/PackageFrameworks -F /Users/ckubal/Library/Developer/Xcode/DerivedData/RunMusic-ehzzznpmcelkqvgvaslgdtzbrdcu/Build/Products/Debug-iphonesimulator/PackageFrameworks -F /Users/ckubal/Library/Developer/Xcode/DerivedData/RunMusic-ehzzznpmcelkqvgvaslgdtzbrdcu/Build/Products/Debug-iphonesimulator/PackageFrameworks -F /Users/ckubal/Library/Developer/Xcode/DerivedData/RunMusic-ehzzznpmcelkqvgvaslgdtzbrdcu/Build/Products/Debug-iphonesimulator/PackageFrameworks -F /Users/ckubal/Library/Developer/Xcode/DerivedData/RunMusic-ehzzznpmcelkqvgvaslgdtzbrdcu/Build/Products/Debug-iphonesimulator -emit-localized-strings -emit-localized-strings-path /Users/ckubal/Library/Developer/Xcode/DerivedData/RunMusic-ehzzznpmcelkqvgvaslgdtzbrdcu/Build/Intermediates.noindex/RunMusic.build/Debug-iphonesimulator/RunMusic.build/Objects-normal/arm64 -c -j10 -enable-batch-mode -incremental -Xcc -ivfsstatcache -Xcc /Users/ckubal/Library/Developer/Xcode/DerivedData/SDKStatCaches.noindex/iphonesimulator26.0-23A339-26257891a6c027eb51374368541b8346.sdkstatcache -output-file-map /Users/ckubal/Library/Developer/Xcode/DerivedData/RunMusic-ehzzznpmcelkqvgvaslgdtzbrdcu/Build/Intermediates.noindex/RunMusic.build/Debug-iphonesimulator/RunMusic.build/Objects-normal/arm64/RunMusic-OutputFileMap.json -use-frontend-parseable-output -save-temps -no-color-diagnostics -explicit-module-build -module-cache-path /Users/ckubal/Library/Developer/Xcode/DerivedData/RunMusic-ehzzznpmcelkqvgvaslgdtzbrdcu/Build/Intermediates.noindex/SwiftExplicitPrecompiledModules -clang-scanner-module-cache-path /Users/ckubal/Library/Developer/Xcode/DerivedData/ModuleCache.noindex -sdk-module-cache-path /Users/ckubal/Library/Developer/Xcode/DerivedData/ModuleCache.noindex -serialize-diagnostics -emit-dependencies -emit-module -emit-module-path /Users/ckubal/Library/Developer/Xcode/DerivedData/RunMusic-ehzzznpmcelkqvgvaslgdtzbrdcu/Build/Intermediates.noindex/RunMusic.build/Debug-iphonesimulator/RunMusic.build/Objects-normal/arm64/RunMusic.swiftmodule -validate-clang-modules-once -clang-build-session-file /Users/ckubal/Library/Developer/Xcode/DerivedData/ModuleCache.noindex/Session.modulevalidation -Xcc -I/Users/ckubal/Library/Developer/Xcode/DerivedData/RunMusic-ehzzznpmcelkqvgvaslgdtzbrdcu/Build/Intermediates.noindex/RunMusic.build/Debug-iphonesimulator/RunMusic.build/swift-overrides.hmap -emit-const-values -Xfrontend -const-gather-protocols-file -Xfrontend /Users/ckubal/Library/Developer/Xcode/DerivedData/RunMusic-ehzzznpmcelkqvgvaslgdtzbrdcu/Build/Intermediates.noindex/RunMusic.build/Debug-iphonesimulator/RunMusic.build/Objects-normal/arm64/RunMusic_const_extract_protocols.json -Xcc -iquote -Xcc /Users/ckubal/Library/Developer/Xcode/DerivedData/RunMusic-ehzzznpmcelkqvgvaslgdtzbrdcu/Build/Intermediates.noindex/RunMusic.build/Debug-iphonesimulator/RunMusic.build/RunMusic-generated-files.hmap -Xcc -I/Users/ckubal/Library/Developer/Xcode/DerivedData/RunMusic-ehzzznpmcelkqvgvaslgdtzbrdcu/Build/Intermediates.noindex/RunMusic.build/Debug-iphonesimulator/RunMusic.build/RunMusic-own-target-headers.hmap -Xcc -I/Users/ckubal/Library/Developer/Xcode/DerivedData/RunMusic-ehzzznpmcelkqvgvaslgdtzbrdcu/Build/Intermediates.noindex/RunMusic.build/Debug-iphonesimulator/RunMusic.build/RunMusic-all-non-framework-target-headers.hmap -Xcc -ivfsoverlay -Xcc /Users/ckubal/Library/Developer/Xcode/DerivedData/RunMusic-ehzzznpmcelkqvgvaslgdtzbrdcu/Build/Intermediates.noindex/RunMusic.build/Debug-iphonesimulator/RunMusic-9ea393dc3db56d2d01f40a6dd024fcf3-VFS-iphonesimulator/all-product-headers.yaml -Xcc -iquote -Xcc /Users/ckubal/Library/Developer/Xcode/DerivedData/RunMusic-ehzzznpmcelkqvgvaslgdtzbrdcu/Build/Intermediates.noindex/RunMusic.build/Debug-iphonesimulator/RunMusic.build/RunMusic-project-headers.hmap -Xcc -I/Users/ckubal/Library/Developer/Xcode/DerivedData/RunMusic-ehzzznpmcelkqvgvaslgdtzbrdcu/SourcePackages/checkouts/AppAuth-iOS/Sources/AppAuth -Xcc -I/Users/ckubal/Library/Developer/Xcode/DerivedData/RunMusic-ehzzznpmcelkqvgvaslgdtzbrdcu/SourcePackages/checkouts/AppAuth-iOS/Sources/AppAuthCore -Xcc -I/Users/ckubal/Library/Developer/Xcode/DerivedData/RunMusic-ehzzznpmcelkqvgvaslgdtzbrdcu/SourcePackages/checkouts/GoogleSignIn-iOS/GoogleSignIn/Sources/Public -Xcc -I/Users/ckubal/Library/Developer/Xcode/DerivedData/RunMusic-ehzzznpmcelkqvgvaslgdtzbrdcu/SourcePackages/checkouts/abseil-cpp-binary/absl-Wrapper/include -Xcc -I/Users/ckubal/Library/Developer/Xcode/DerivedData/RunMusic-ehzzznpmcelkqvgvaslgdtzbrdcu/SourcePackages/checkouts/grpc-binary/openssl-grpc-Wrapper/include -Xcc -I/Users/ckubal/Library/Developer/Xcode/DerivedData/RunMusic-ehzzznpmcelkqvgvaslgdtzbrdcu/SourcePackages/checkouts/grpc-binary/grpc-Wrapper/include -Xcc -I/Users/ckubal/Library/Developer/Xcode/DerivedData/RunMusic-ehzzznpmcelkqvgvaslgdtzbrdcu/SourcePackages/checkouts/grpc-binary/grpcpp-Wrapper/include -Xcc -I/Users/ckubal/Library/Developer/Xcode/DerivedData/RunMusic-ehzzznpmcelkqvgvaslgdtzbrdcu/SourcePackages/checkouts/nanopb/spm_headers -Xcc -I/Users/ckubal/Library/Developer/Xcode/DerivedData/RunMusic-ehzzznpmcelkqvgvaslgdtzbrdcu/SourcePackages/checkouts/leveldb/include -Xcc -I/Users/ckubal/Library/Developer/Xcode/DerivedData/RunMusic-ehzzznpmcelkqvgvaslgdtzbrdcu/SourcePackages/checkouts/firebase-ios-sdk/FirebaseFirestoreInternal -Xcc -I/Users/ckubal/Library/Developer/Xcode/DerivedData/RunMusic-ehzzznpmcelkqvgvaslgdtzbrdcu/SourcePackages/checkouts/firebase-ios-sdk/SwiftPM-PlatformExclude/FirebaseFirestoreWrap/include -Xcc -I/Users/ckubal/Library/Developer/Xcode/DerivedData/RunMusic-ehzzznpmcelkqvgvaslgdtzbrdcu/SourcePackages/checkouts/GoogleUtilities/GoogleUtilities/Network/Public -Xcc -I/Users/ckubal/Library/Developer/Xcode/DerivedData/RunMusic-ehzzznpmcelkqvgvaslgdtzbrdcu/SourcePackages/checkouts/GoogleUtilities/GoogleUtilities/Reachability/Public -Xcc -I/Users/ckubal/Library/Developer/Xcode/DerivedData/RunMusic-ehzzznpmcelkqvgvaslgdtzbrdcu/SourcePackages/checkouts/GoogleUtilities/GoogleUtilities/AppDelegateSwizzler/Public -Xcc -I/Users/ckubal/Library/Developer/Xcode/DerivedData/RunMusic-ehzzznpmcelkqvgvaslgdtzbrdcu/SourcePackages/checkouts/interop-ios-for-google-sdks/RecaptchaEnterprise/RecaptchaInterop/Public -Xcc -I/Users/ckubal/Library/Developer/Xcode/DerivedData/RunMusic-ehzzznpmcelkqvgvaslgdtzbrdcu/SourcePackages/checkouts/firebase-ios-sdk/FirebaseAuth/Sources/Public -Xcc -I/Users/ckubal/Library/Developer/Xcode/DerivedData/RunMusic-ehzzznpmcelkqvgvaslgdtzbrdcu/SourcePackages/checkouts/GoogleUtilities/GoogleUtilities/NSData+zlib/Public -Xcc -I/Users/ckubal/Library/Developer/Xcode/DerivedData/RunMusic-ehzzznpmcelkqvgvaslgdtzbrdcu/SourcePackages/checkouts/promises/Sources/FBLPromises/include -Xcc -I/Users/ckubal/Library/Developer/Xcode/DerivedData/RunMusic-ehzzznpmcelkqvgvaslgdtzbrdcu/SourcePackages/checkouts/GoogleUtilities/GoogleUtilities/Environment/Public -Xcc -I/Users/ckubal/Library/Developer/Xcode/DerivedData/RunMusic-ehzzznpmcelkqvgvaslgdtzbrdcu/SourcePackages/checkouts/GoogleUtilities/third_party/IsAppEncrypted/Public -Xcc -I/Users/ckubal/Library/Developer/Xcode/DerivedData/RunMusic-ehzzznpmcelkqvgvaslgdtzbrdcu/SourcePackages/checkouts/GoogleUtilities/GoogleUtilities/Logger/Public -Xcc -I/Users/ckubal/Library/Developer/Xcode/DerivedData/RunMusic-ehzzznpmcelkqvgvaslgdtzbrdcu/SourcePackages/checkouts/gtm-session-fetcher/Sources/Core/Public -Xcc -I/Users/ckubal/Library/Developer/Xcode/DerivedData/RunMusic-ehzzznpmcelkqvgvaslgdtzbrdcu/SourcePackages/checkouts/firebase-ios-sdk/FirebaseMessaging/Interop -Xcc -I/Users/ckubal/Library/Developer/Xcode/DerivedData/RunMusic-ehzzznpmcelkqvgvaslgdtzbrdcu/SourcePackages/checkouts/firebase-ios-sdk/FirebaseCore/Extension -Xcc -I/Users/ckubal/Library/Developer/Xcode/DerivedData/RunMusic-ehzzznpmcelkqvgvaslgdtzbrdcu/SourcePackages/checkouts/firebase-ios-sdk/FirebaseCore/Sources/Public -Xcc -I/Users/ckubal/Library/Developer/Xcode/DerivedData/RunMusic-ehzzznpmcelkqvgvaslgdtzbrdcu/SourcePackages/checkouts/firebase-ios-sdk/CoreOnly/Sources -Xcc -I/Users/ckubal/Library/Developer/Xcode/DerivedData/RunMusic-ehzzznpmcelkqvgvaslgdtzbrdcu/SourcePackages/checkouts/firebase-ios-sdk/FirebaseAuth/Interop -Xcc -I/Users/ckubal/Library/Developer/Xcode/DerivedData/RunMusic-ehzzznpmcelkqvgvaslgdtzbrdcu/SourcePackages/checkouts/firebase-ios-sdk/FirebaseAppCheck/Interop/Public -Xcc -I/Users/ckubal/Library/Developer/Xcode/DerivedData/RunMusic-ehzzznpmcelkqvgvaslgdtzbrdcu/Build/Products/Debug-iphonesimulator/include -Xcc -I/Users/ckubal/Library/Developer/Xcode/DerivedData/RunMusic-ehzzznpmcelkqvgvaslgdtzbrdcu/Build/Intermediates.noindex/RunMusic.build/Debug-iphonesimulator/RunMusic.build/DerivedSources-normal/arm64 -Xcc -I/Users/ckubal/Library/Developer/Xcode/DerivedData/RunMusic-ehzzznpmcelkqvgvaslgdtzbrdcu/Build/Intermediates.noindex/RunMusic.build/Debug-iphonesimulator/RunMusic.build/DerivedSources/arm64 -Xcc -I/Users/ckubal/Library/Developer/Xcode/DerivedData/RunMusic-ehzzznpmcelkqvgvaslgdtzbrdcu/Build/Intermediates.noindex/RunMusic.build/Debug-iphonesimulator/RunMusic.build/DerivedSources -Xcc -DDEBUG\=1 -emit-objc-header -emit-objc-header-path /Users/ckubal/Library/Developer/Xcode/DerivedData/RunMusic-ehzzznpmcelkqvgvaslgdtzbrdcu/Build/Intermediates.noindex/RunMusic.build/Debug-iphonesimulator/RunMusic.build/Objects-normal/arm64/RunMusic-Swift.h -working-directory /Users/ckubal/Documents/Programming/iOS\ Programming\ Projects/RunMusic -experimental-emit-module-separately -disable-cmo

** BUILD FAILED **


The following build commands failed:
	SwiftCompile normal arm64 Compiling\ InteractiveShareableCardView.swift,\ PhotoService.swift,\ RunningManLoader.swift,\ AnimatedShareableCardView.swift,\ UserPreferences.swift,\ RoutePathView.swift,\ SettingsView.swift /Users/ckubal/Documents/Programming/iOS\ Programming\ Projects/RunMusic/RunMusic/Views/InteractiveShareableCardView.swift /Users/ckubal/Documents/Programming/iOS\ Programming\ Projects/RunMusic/RunMusic/Services/PhotoService.swift /Users/ckubal/Documents/Programming/iOS\ Programming\ Projects/RunMusic/RunMusic/Views/Components/RunningManLoader.swift /Users/ckubal/Documents/Programming/iOS\ Programming\ Projects/RunMusic/RunMusic/Views/Components/AnimatedShareableCardView.swift /Users/ckubal/Documents/Programming/iOS\ Programming\ Projects/RunMusic/RunMusic/Services/UserPreferences.swift /Users/ckubal/Documents/Programming/iOS\ Programming\ Projects/RunMusic/RunMusic/Views/RoutePathView.swift /Users/ckubal/Documents/Programming/iOS\ Programming\ Projects/RunMusic/RunMusic/Views/SettingsView.swift (in target 'RunMusic' from project 'RunMusic')
	SwiftCompile normal arm64 /Users/ckubal/Documents/Programming/iOS\ Programming\ Projects/RunMusic/RunMusic/Services/PhotoService.swift (in target 'RunMusic' from project 'RunMusic')
	Building project RunMusic with scheme RunMusic
(3 failures)
